iteration,total_time_com_ia,total_time_sem_ia,time_saved_seconds,time_saved_pct,mean_attempts_com_ia,mean_attempts_sem_ia,attempts_reduction
0,3147.9040000000005,33266.373999999996,30118.469999999994,90.53727947626633,1.0,3.275,2.275
1,2957.239,36929.046,33971.807,91.99210561789221,1.0,3.8,2.8
2,3366.3940000000002,39476.353,36109.959,91.47237841347705,1.0,3.0,2.0
3,3592.6400000000003,32948.154,29355.514000000003,89.09608107331294,1.0,3.25,2.25
4,3041.6820000000002,33605.384,30563.701999999997,90.94882534298671,1.0,3.55,2.55
5,2981.2920000000004,36752.47900000001,33771.187000000005,91.88818800495063,1.0,3.5,2.5
6,3427.3460000000005,38652.359,35225.013,91.13289307904856,1.0,3.4,2.4
7,3776.418,39106.108,35329.69,90.34315048687536,1.0,3.625,2.625
8,3275.6800000000003,35100.961,31825.281000000003,90.66783385218427,1.0,3.075,2.075
9,3882.404,30986.511000000002,27104.107000000004,87.4706642512931,1.0,3.575,2.575
10,5871.676,39736.259999999995,33864.583999999995,85.22338035839306,1.0,3.05,2.05
11,3039.3430000000003,39413.654,36374.311,92.28860384271907,1.0,3.95,2.95
12,5129.044,39396.543000000005,34267.499,86.9809795240156,1.0,3.25,2.25
13,4099.418,37776.259999999995,33676.842,89.14816342327165,1.0,3.575,2.575
14,3553.1760000000004,34883.899000000005,31330.723000000005,89.8142807947013,1.0,3.225,2.225
15,3823.1859999999997,39052.195999999996,35229.009999999995,90.21006142650722,1.0,3.525,2.525
16,5410.651,36940.656,31530.005000000005,85.35312691794104,1.0,3.575,2.575
17,4677.427,33806.206,29128.779,86.16399900065687,1.0,3.0,2.0
18,4391.969,35489.187999999995,31097.218999999994,87.62448721002013,1.0,3.425,2.425
19,3671.2920000000004,39821.570999999996,36150.278999999995,90.78064499263476,1.0,3.55,2.55
20,3667.615,37611.467,33943.852,90.24867868089272,1.0,3.425,2.425
21,4475.540999999999,33251.299,28775.758,86.54025215676538,1.0,3.0,2.0
22,2973.184,37883.148,34909.964,92.15169763610986,1.0,3.25,2.25
23,3755.9030000000002,36419.742,32663.839,89.68717845392756,1.0,3.45,2.45
24,3070.142,33752.523,30682.381,90.90396294226657,1.0,3.45,2.45
25,4573.763999999999,38688.224,34114.46000000001,88.1778910295805,1.0,3.175,2.175
26,3591.413,38095.58,34504.167,90.57262548568626,1.0,3.0,2.0
27,2519.293,35609.329,33090.036,92.92518822806237,1.0,3.45,2.45
28,4146.076999999999,32794.971,28648.894,87.35758296599806,1.0,3.275,2.275
29,2805.907,32049.851,29243.944,91.2451792677601,1.0,3.4,2.4
30,5295.868,34987.093,29691.225,84.86336661351088,1.0,3.1,2.1
31,4222.461,36074.688,31852.227000000003,88.29522517284141,1.0,3.4,2.4
32,3436.301,41503.518,38067.217,91.72045849221746,1.0,3.325,2.325
33,3077.1319999999996,34696.429000000004,31619.297000000006,91.13127175133788,1.0,3.425,2.425
34,3791.207,37968.295,34177.087999999996,90.01480840790981,1.0,3.425,2.425
35,3461.2839999999997,39106.10800000001,35644.82400000001,91.14899391164163,1.0,3.425,2.425
36,4583.964,35429.068,30845.104,87.06157328214222,1.0,3.4,2.4
37,3171.672,33943.458,30771.786,90.65601389227933,1.0,3.425,2.425
38,3251.755,35299.975999999995,32048.220999999994,90.78822319879197,1.0,3.35,2.35
39,3344.971,39557.099,36212.128000000004,91.54394259295911,1.0,3.575,2.575
40,3058.745,35244.421,32185.676000000003,91.32133565196035,1.0,3.675,2.675
41,3612.139,37076.185,33464.045999999995,90.25752245005789,1.0,3.375,2.375
42,4974.1810000000005,36781.200000000004,31807.019000000004,86.47629495503138,1.0,3.45,2.45
43,2825.7210000000005,33721.995,30896.274,91.62054024383788,1.0,3.75,2.75
44,4173.478999999999,35853.225,31679.746,88.35954366727121,1.0,2.975,1.975
45,3327.7400000000002,36651.320999999996,33323.581,90.92054553777203,1.0,3.675,2.675
46,2954.797,31701.103000000003,28746.306000000004,90.67919813389459,1.0,3.0,2.0
47,2685.452,31996.875,29311.423,91.60714288504737,1.0,3.175,2.175
48,4073.6249999999995,35356.402,31282.777000000002,88.47839494527751,1.0,3.725,2.725
49,2569.901,36486.134999999995,33916.234,92.95649977724415,1.0,3.325,2.325
50,3574.3990000000003,36553.464,32979.065,90.22144932693658,1.0,3.2,2.2
51,3125.26,38659.503000000004,35534.243,91.91593332175016,1.0,3.45,2.45
52,3725.254,35038.032999999996,31312.778999999995,89.36797051364155,1.0,3.85,2.85
53,2605.725,36480.798,33875.073000000004,92.85726973406668,1.0,3.2,2.2
54,3256.756,37103.97,33847.214,91.22262119120946,1.0,3.2,2.2
55,3713.906,36262.865,32548.959,89.75837678572832,1.0,3.4,2.4
56,4430.067,36419.742,31989.675,87.83608351756034,1.0,3.15,2.15
57,4719.473,40771.10800000001,36051.63500000001,88.42446714962959,1.0,3.6,2.6
58,3798.197,37709.32400000001,33911.12700000001,89.92769798790347,1.0,3.475,2.475
59,3747.087,37368.507000000005,33621.420000000006,89.97260714751062,1.0,3.525,2.525
60,3059.513,37823.191999999995,34763.679,91.91101322172915,1.0,3.375,2.375
61,3489.351,32027.403,28538.052,89.10510789775869,1.0,3.625,2.625
62,4125.913,31613.92,27488.006999999998,86.94906231179176,1.0,3.9,2.9
63,5480.807000000001,37025.803,31544.996,85.19733116929294,1.0,3.4,2.4
64,3961.5690000000004,36694.166,32732.596999999998,89.20381784940963,1.0,3.55,2.55
65,3449.1249999999995,37322.674999999996,33873.549999999996,90.75863399394603,1.0,3.05,2.05
66,3991.7630000000004,36517.599,32525.836000000003,89.06893358459848,1.0,3.125,2.125
67,3900.186,35607.522,31707.335999999996,89.04673568691469,1.0,3.075,2.075
68,2691.425,34926.908,32235.483000000004,92.29412176995456,1.0,3.025,2.025
69,3166.1940000000004,39506.881,36340.687,91.98571509606136,1.0,3.425,2.425
70,3755.2439999999997,36365.123,32609.879,89.6735011730883,1.0,3.55,2.55
71,4489.98,35655.868,31165.888000000003,87.40745843012432,1.0,3.325,2.325
72,3910.9179999999997,38517.93,34607.012,89.84650005854417,1.0,3.5,2.5
73,2679.968,34890.335999999996,32210.367999999995,92.31888165250113,1.0,3.15,2.15
74,4411.927,38234.638999999996,33822.712,88.46091629111498,1.0,3.45,2.45
75,3340.358,38441.734,35101.376,91.31059488627646,1.0,3.1,2.1
76,3963.9379999999996,35154.644,31190.706000000002,88.72428348300157,1.0,2.85,1.85
77,4106.758,36760.559,32653.801,88.82835813242122,1.0,3.0,2.0
78,2929.772,37701.951,34772.179000000004,92.22912363341622,1.0,3.175,2.175
79,4556.863,35688.975,31132.111999999997,87.23173473040343,1.0,3.4,2.4
80,4160.261,33690.531,29530.270000000004,87.65154220929318,1.0,3.225,2.225
81,2699.1229999999996,38077.532999999996,35378.409999999996,92.91150768617284,1.0,3.675,2.675
82,4116.481,34088.561,29972.08,87.92415731482475,1.0,3.175,2.175
83,2794.407,38315.156,35520.749,92.7067842291964,1.0,3.175,2.175
84,2261.654,38713.41500000001,36451.761000000006,94.15795790683926,1.0,3.45,2.45
85,5363.5380000000005,37025.096000000005,31661.558000000005,85.51377692579109,1.0,3.25,2.25
86,4722.968,33949.731,29226.763,86.08834927145666,1.0,3.125,2.125
87,4439.988,34683.012,30243.024,87.1983782723369,1.0,3.5,2.5
88,4776.659,33316.756,28540.097,85.66289286988204,1.0,3.475,2.475
89,4421.088,37836.609,33415.52099999999,88.31531652321168,1.0,3.35,2.35
90,3784.9790000000003,36147.35400000001,32362.375000000007,89.52902887442329,1.0,3.475,2.475
91,3110.4710000000005,35827.098,32716.626999999997,91.3181050834762,1.0,3.35,2.35
92,2756.17,37551.511000000006,34795.34100000001,92.66029534736965,1.0,2.825,1.8250000000000002
93,4738.066000000001,38054.378,33316.312,87.54922232600939,1.0,3.45,2.45
94,2534.8010000000004,36373.203,33838.402,93.03113063757405,1.0,3.75,2.75
95,2589.406,35361.032,32771.626,92.67723294953608,1.0,3.85,2.85
96,4077.536,33734.476,29656.940000000002,87.91285212196567,1.0,2.725,1.725
97,3228.193,41780.7,38552.507,92.27348273245781,1.0,2.85,1.85
98,3794.6229999999996,40903.665,37109.042,90.7230244526988,1.0,3.525,2.525
99,3080.385,37951.183999999994,34870.79899999999,91.88329671084833,1.0,3.7,2.7
100,2455.117,38302.511,35847.394,93.59019308159718,1.0,3.3,2.3
101,3347.8009999999995,34092.24,30744.439,90.18016709960976,1.0,3.425,2.425
102,3524.801,37730.672000000006,34205.87100000001,90.65799570174632,1.0,3.875,2.875
103,5038.102000000001,36910.292,31872.190000000002,86.35041413381396,1.0,2.95,1.9500000000000002
104,5227.049,35113.441999999995,29886.392999999996,85.11382336143521,1.0,3.45,2.45
105,4010.253,39046.859,35036.606,89.72963996924824,1.0,3.55,2.55
106,2871.6780000000003,41074.187999999995,38202.509999999995,93.00855807545118,1.0,3.575,2.575
107,4641.312,33975.629,29334.317000000003,86.33929043668331,1.0,3.625,2.625
108,4540.799,35597.555,31056.756,87.24407055484569,1.0,3.4,2.4
109,3078.353,38931.184,35852.831,92.09283488526832,1.0,3.125,2.125
110,4339.432000000001,34169.307,29829.875,87.3002048300248,1.0,3.5,2.5
111,3439.0339999999997,34406.93,30967.896,90.00482170306971,1.0,3.575,2.575
112,3706.5600000000004,34987.09299999999,31280.532999999992,89.40592177806826,1.0,3.0,2.0
113,4707.973,37309.258,32601.285000000003,87.3812205002844,1.0,3.0,2.0
114,3180.687,36814.471000000005,33633.78400000001,91.36022625450737,1.0,3.9,2.9
115,3598.62,34549.519,30950.899,89.58416758276722,1.0,3.35,2.35
116,3376.57,33277.277,29900.707000000002,89.85322627208951,1.0,3.225,2.225
117,3470.2989999999995,35839.808000000005,32369.509000000005,90.31719422157619,1.0,3.375,2.375
118,4751.6939999999995,32607.337,27855.643,85.42753123323135,1.0,3.5,2.5
119,3816.1960000000004,38379.742,34563.545999999995,90.0567439979143,1.0,3.4,2.4
120,3385.614,35572.364,32186.75,90.4824599231021,1.0,3.45,2.45
121,3347.3480000000004,34399.786,31052.438,90.2692766751514,1.0,3.125,2.125
122,3868.201,35390.46,31522.259,89.06993297063671,1.0,3.55,2.55
123,3737.3100000000004,33732.833,29995.522999999997,88.92085346048462,1.0,3.9,2.9
124,3861.4659999999994,34949.356,31087.89,88.9512527784489,1.0,3.375,2.375
125,4275.547,39391.206,35115.659,89.14593526280967,1.0,3.2,2.2
126,3117.358,38144.862,35027.504,91.827580867903,1.0,3.4,2.4
127,4338.210999999999,33970.292,29632.081000000002,87.22939738051119,1.0,3.7,2.7
128,3814.9749999999995,37526.32000000001,33711.34500000001,89.83386860209049,1.0,3.275,2.275
129,3566.145,33746.085999999996,30179.940999999995,89.43241891815245,1.0,2.95,1.9500000000000002
130,5294.996999999999,36528.273,31233.276,85.50438724546326,1.0,3.25,2.25
131,4291.201,37614.916999999994,33323.71599999999,88.59175736051736,1.0,3.8,2.8
132,4028.749,36341.032,32312.283,88.9140490011401,1.0,3.925,2.925
133,5003.105,39772.125,34769.020000000004,87.42057408297899,1.0,3.075,2.075
134,2188.0030000000006,35853.225,33665.221999999994,93.89733280618408,1.0,3.575,2.575
135,3129.414,36395.651,33266.237,91.40168148111982,1.0,3.625,2.625
136,3559.3009999999995,35203.219,31643.917999999998,89.8892740462172,1.0,3.725,2.725
137,4109.031999999999,33879.101,29770.069000000003,87.87148454736152,1.0,3.15,2.15
138,2930.7870000000003,33641.248999999996,30710.461999999996,91.28811477837817,1.0,3.25,2.25
139,3370.348,33967.549,30597.201,90.07774155268018,1.0,3.075,2.075
140,3622.5209999999997,38157.343,34534.822,90.5063594181597,1.0,3.325,2.325
141,3843.1820000000002,40014.378000000004,36171.196,90.39549733848168,1.0,3.1,2.1
142,3740.2,37831.043000000005,34090.84300000001,90.11341030169325,1.0,2.775,1.775
143,2763.467,34570.08,31806.613,92.00618858851354,1.0,3.325,2.325
144,3245.2799999999997,39168.807,35923.527,91.71463149235053,1.0,3.375,2.375
145,4140.346,36636.804000000004,32496.458000000006,88.69894328118797,1.0,3.475,2.475
146,3596.075,36111.489,32515.414,90.0417426708713,1.0,3.3,2.3
147,4743.483,37250.945,32507.462,87.26614049656996,1.0,3.425,2.425
148,3380.475,37896.565,34516.090000000004,91.07973242429756,1.0,3.1,2.1
149,4676.762000000001,35673.915,30997.153,86.89024739785359,1.0,3.35,2.35
150,4739.988,39427.070999999996,34687.083,87.97783380865395,1.0,2.8,1.7999999999999998
151,4643.38,42543.638000000006,37900.25800000001,89.08560664229044,1.0,3.7,2.7
152,3304.9080000000004,35183.365,31878.457,90.60661764444646,1.0,3.5,2.5
153,3235.642,38677.55,35441.908,91.63431499668413,1.0,2.725,1.725
154,4129.153,40208.056,36078.903,89.7305331051071,1.0,3.625,2.625
155,2732.3590000000004,34603.431,31871.071999999996,92.10379167314362,1.0,3.575,2.575
156,3397.9120000000003,38315.156,34917.244000000006,91.13167645722233,1.0,2.975,1.975
157,4848.0960000000005,36328.322,31480.226,86.65477585229507,1.0,3.35,2.35
158,3379.012,39301.429,35922.416999999994,91.40231771216257,1.0,3.575,2.575
159,4038.919,35669.284999999996,31630.365999999995,88.67675929024088,1.0,3.225,2.225
160,3961.3630000000003,33954.132,29992.768999999997,88.33319314420996,1.0,3.05,2.05
161,3895.923,35506.134999999995,31610.211999999996,89.02746525353999,1.0,3.7,2.7
162,3411.735,38375.341,34963.606,91.10956434237288,1.0,4.075,3.075
163,3817.249,35687.332,31870.083000000002,89.3036302069317,1.0,2.975,1.975
164,2830.4370000000004,36371.396,33540.959,92.21795885975892,1.0,3.3,2.3
165,4732.238,36783.943,32051.704999999998,87.13504422296435,1.0,3.475,2.475
166,4106.202,37399.742,33293.54,89.02077452833767,1.0,3.875,2.875
167,4773.576,34410.46,29636.884,86.12754377593325,1.0,3.15,2.15
168,4524.583,36527.566000000006,32002.983000000007,87.61323708237227,1.0,3.525,2.525
169,4234.577,36716.614,32482.037,88.46686407412186,1.0,3.15,2.15
170,4291.304,35964.35,31673.046,88.06789501270006,1.0,2.95,1.9500000000000002
171,3680.5180000000005,34875.819,31195.301000000003,89.4467911993694,1.0,3.5,2.5
172,3899.9800000000005,33820.559,29920.579,88.468611651274,1.0,3.85,2.85
173,3949.82,33885.145000000004,29935.325000000004,88.34350568663643,1.0,3.125,2.125
174,4336.99,39148.246,34811.256,88.9216237171903,1.0,3.05,2.05
175,3200.8999999999996,38441.734000000004,35240.834,91.67337248626714,1.0,3.625,2.625
176,4294.036999999999,35832.435,31538.397999999997,88.01634050267586,1.0,3.675,2.675
177,1552.996,36518.306,34965.31,95.74734928832679,1.0,2.925,1.9249999999999998
178,2758.9570000000003,35196.782,32437.824999999997,92.16133736317144,1.0,3.65,2.65
179,3216.0280000000002,41527.066,38311.038,92.25558579072262,1.0,3.25,2.25
180,4459.246,37624.884000000005,33165.638000000006,88.14814684877167,1.0,3.3,2.3
181,3782.4040000000005,34176.451,30394.047,88.93271861376127,1.0,3.125,2.125
182,3025.1810000000005,35335.841,32310.66,91.43877458583765,1.0,3.25,2.25
183,3477.8940000000002,40097.718,36619.824,91.32645403910516,1.0,3.6,2.6
184,4661.211,38491.016,33829.805,87.8901325961362,1.0,3.675,2.675
185,3117.255,36112.425,32995.170000000006,91.36791561353192,1.0,3.875,2.875
186,5118.1,33834.926999999996,28716.826999999997,84.8733233560693,1.0,3.15,2.15
187,3699.418,39395.836,35696.418000000005,90.609621788455,1.0,3.325,2.325
188,4927.823,40723.403999999995,35795.58099999999,87.89928513834452,1.0,3.3,2.3
189,5001.884,33981.902,28980.018000000004,85.28074149587037,1.0,2.925,1.9249999999999998
190,4152.196,39462.065,35309.869000000006,89.4780062827427,1.0,3.975,2.975
191,4209.594000000001,35801.200000000004,31591.606000000003,88.24175167312828,1.0,3.35,2.35
192,3235.14,40236.777,37001.637,91.95974369418306,1.0,3.775,2.775
193,3631.959,36715.678,33083.719,90.10787980001349,1.0,3.2,2.2
194,2876.285,38199.645000000004,35323.36,92.47038814104161,1.0,2.8,1.7999999999999998
195,4333.809,34691.092,30357.282999999996,87.50742986124507,1.0,3.85,2.85
196,3522.63,37667.893000000004,34145.263000000006,90.64818942753183,1.0,3.625,2.625
197,3657.686,39972.240000000005,36314.554000000004,90.84943450754824,1.0,3.5,2.5
198,2990.724,38163.615999999995,35172.89199999999,92.16341554217503,1.0,3.75,2.75
199,3791.2070000000003,37634.851,33843.644,89.92633981731454,1.0,3.55,2.55
200,3313.059,36243.174999999996,32930.115999999995,90.85880583033908,1.0,3.025,2.025
201,3666.139,39233.393,35567.25399999999,90.65556476341466,1.0,4.0,3.0
202,4053.176,35585.94499999999,31532.768999999993,88.61017741695493,1.0,2.825,1.8250000000000002
203,3042.244,37655.248,34613.004,91.92079680367529,1.0,3.275,2.275
204,4826.42,36799.954,31973.534,86.8847118667594,1.0,3.375,2.375
205,2833.5800000000004,33652.859,30819.278999999995,91.5799724475118,1.0,3.075,2.075
206,4092.984,35663.948000000004,31570.964000000004,88.52346913471274,1.0,3.25,2.25
207,3385.7960000000003,37407.115000000005,34021.319,90.94879142644386,1.0,3.75,2.75
208,3710.362,32813.725000000006,29103.363000000005,88.69265223622126,1.0,3.6,2.6
209,3035.745,37164.861999999994,34129.11699999999,91.83167961177952,1.0,4.1,3.0999999999999996
210,3885.088,34260.727,30375.639,88.6602289554451,1.0,3.6,2.6
211,3634.027,38894.383,35260.356,90.65667914053296,1.0,4.325,3.325
212,2970.245,37381.924,34411.679,92.05432818278695,1.0,3.625,2.625
213,3396.74,38482.936,35086.196,91.17338656281319,1.0,4.025,3.0250000000000004
214,2881.8050000000003,35876.38,32994.575,91.96740306574966,1.0,3.7,2.7
215,4001.486,38822.653000000006,34821.16700000001,89.69290944645128,1.0,3.45,2.45
216,4232.691000000001,39072.757,34840.066,89.16715551963738,1.0,3.4,2.4
217,3147.348,34621.249,31473.901000000005,90.9092014560191,1.0,3.4,2.4
218,3325.919,37322.675,33996.756,91.08874430892212,1.0,3.3,2.3
219,3510.924,37674.166,34163.242,90.68081825620241,1.0,3.025,2.025
220,2601.009,34470.58,31869.571000000004,92.4544089481523,1.0,2.85,1.85
221,3878.201,37979.905,34101.704,89.78880805520708,1.0,3.275,2.275
222,5216.873,33799.062000000005,28582.189000000006,84.56503615396191,1.0,3.325,2.325
223,5550.92,33101.417,27550.497000000003,83.23056683645899,1.0,3.325,2.325
224,4101.033,37249.301999999996,33148.26899999999,88.99030913384631,1.0,3.6,2.6
225,3117.116,33297.838,30180.722,90.63868350852088,1.0,3.6,2.6
226,4202.145,33328.366,29126.221,87.39168610906397,1.0,3.425,2.425
227,3592.6400000000003,38040.961,34448.321,90.55586424328239,1.0,3.6,2.6
228,2762.349,37521.69,34759.341,92.63799418416387,1.0,3.35,2.35
229,3809.697,38173.583,34363.886,90.02006963821027,1.0,2.975,1.975
230,4215.634,39052.425,34836.791000000005,89.20519276331753,1.0,3.1,2.1
231,4197.247,34769.095,30571.848,87.92822476397501,1.0,3.075,2.075
232,4725.139,34410.46000000001,29685.321000000007,86.26830620689174,1.0,2.95,1.9500000000000002
233,3309.703,36843.899,33534.195999999996,91.01695778723094,1.0,3.05,2.05
234,4965.921,37618.447,32652.525999999998,86.79923974533025,1.0,3.075,2.075
235,3970.239,37496.498999999996,33526.259999999995,89.41170747701005,1.0,3.225,2.225
236,4720.138000000001,38752.81,34032.672,87.81988196468849,1.0,3.775,2.775
237,3212.145,33133.752,29921.607,90.30551988196206,1.0,3.05,2.05
238,5477.312,35861.156,30383.844000000005,84.72633732164128,1.0,3.35,2.35
239,3784.526,34405.123,30620.597,89.00010908259215,1.0,3.975,2.975
240,4941.1,35838.872,30897.772000000004,86.21301473997285,1.0,3.625,2.625
241,3809.0020000000004,38168.246,34359.244,90.02049504711324,1.0,3.375,2.375
242,3716.8990000000003,36832.289000000004,33115.39000000001,89.90858537192734,1.0,3.775,2.775
243,3038.998,34429.214,31390.216,91.17319959729548,1.0,3.4,2.4
244,2427.607,37944.03999999999,35516.43299999999,93.6021388339249,1.0,3.525,2.525
245,3134.692,39080.917,35946.225,91.97897019663074,1.0,3.6,2.6
246,2772.3370000000004,36620.793000000005,33848.456000000006,92.42960959365352,1.0,3.5,2.5
247,2665.844,35548.273,32882.429000000004,92.50077774523675,1.0,3.1,2.1
248,4873.085000000001,35077.577000000005,30204.492000000006,86.10769210199439,1.0,3.4,2.4
249,5021.389,36251.255,31229.865999999998,86.14837196670845,1.0,3.4,2.4
250,2781.292,38743.55,35962.258,92.82127734810052,1.0,4.0,3.0
251,2863.716,36989.231,34125.515,92.25797367887967,1.0,3.25,2.25
252,3846.477,42392.098,38545.621,90.92642926047209,1.0,3.3,2.3
253,3873.5879999999997,33964.955,30091.367000000002,88.59533893096577,1.0,3.125,2.125
254,4687.253000000001,37339.786,32652.533,87.44702768248324,1.0,3.3,2.3
255,4117.514,35780.559,31663.045000000002,88.49231505857692,1.0,3.375,2.375
256,3772.016,34071.45,30299.433999999997,88.92910046387811,1.0,3.125,2.125
257,2356.17,36287.119999999995,33930.95,93.50686965512833,1.0,3.75,2.75
258,3234.589,37684.133,34449.544,91.41657577739682,1.0,2.875,1.875
259,3754.536,38110.097,34355.561,90.14818566323774,1.0,3.6,2.6
260,3681.031,39898.703,36217.672,90.7740584950844,1.0,3.3,2.3
261,2454.7,39245.873999999996,36791.174,93.74532976383709,1.0,3.55,2.55
262,2650.0809999999997,39699.458999999995,37049.378,93.3246420310161,1.0,3.2,2.2
263,2919.3469999999998,34775.368,31856.021,91.60512981487355,1.0,3.625,2.625
264,4346.3189999999995,39803.589,35457.270000000004,89.08058517034733,1.0,3.5,2.5
265,3304.243,33848.344,30544.101,90.23809554759903,1.0,3.875,2.875
266,3896.4790000000003,36940.82,33044.341,89.45210474483241,1.0,3.425,2.425
267,3990.9,37314.595,33323.695,89.30472111515616,1.0,3.825,2.825
268,4305.64,36050.433000000005,31744.793000000005,88.05662056819124,1.0,3.625,2.625
269,4525.1449999999995,38925.847,34400.702000000005,88.37496072982049,1.0,3.325,2.325
270,3764.8149999999996,33914.737,30149.922000000002,88.89917677969905,1.0,3.325,2.325
271,2335.0560000000005,33169.617,30834.560999999998,92.96025636955652,1.0,3.5,2.5
272,3353.57,36842.963,33489.393000000004,90.8976647725103,1.0,3.5,2.5
273,3636.192,37037.577,33401.384999999995,90.18242473042984,1.0,3.55,2.55
274,3942.5230000000006,35615.602,31673.078999999998,88.93034855903882,1.0,3.875,2.875
275,3232.353,37350.46,34118.106999999996,91.34588168392035,1.0,3.475,2.475
276,3559.96,33687.937,30127.977,89.43253782503808,1.0,3.5,2.5
277,3975.256,38357.293999999994,34382.03799999999,89.63624493427508,1.0,3.4,2.4
278,4218.464,35313.393,31094.928999999996,88.05420934771122,1.0,3.275,2.275
279,4299.412,37757.506,33458.094,88.61309324826698,1.0,3.7,2.7
280,3520.7439999999997,33576.663,30055.919,89.51431236630037,1.0,3.425,2.425
281,3283.354,38344.977,35061.623,91.43732958817526,1.0,3.5,2.5
282,2345.8910000000005,37684.133,35338.242,93.77485744464387,1.0,3.275,2.275
283,2516.748,37567.522,35050.774,93.30073460794141,1.0,3.725,2.725
284,3222.242,37086.152,33863.91,91.31146849638108,1.0,3.925,2.925
285,4654.983,35869.236000000004,31214.253000000004,87.02235252515554,1.0,3.95,2.95
286,3752.365,36322.820999999996,32570.456,89.66940095319138,1.0,3.75,2.75
287,3233.5739999999996,34292.126,31058.551999999996,90.57050589397694,1.0,3.4,2.4
288,3724.692,34405.123,30680.431,89.17401922963623,1.0,3.725,2.725
289,3238.4719999999998,38397.789000000004,35159.317,91.56599355238917,1.0,3.65,2.65
290,3647.904,35426.325,31778.421,89.70284385975683,1.0,3.025,2.025
291,3941.6760000000004,40376.543000000005,36434.867000000006,90.23770806728055,1.0,3.4,2.4
292,5310.548,32299.084,26988.536,83.55820864765082,1.0,3.475,2.475
293,3928.187,36903.148,32974.961,89.3554148822209,1.0,3.5,2.5
294,4130.871,35700.748999999996,31569.877999999997,88.42917553354413,1.0,3.3,2.3
295,4742.715,37563.992,32821.277,87.37430515904701,1.0,3.225,2.225
296,4140.805,37389.068,33248.263,88.92509168722793,1.0,3.525,2.525
297,3288.735,37666.085999999996,34377.350999999995,91.26871053180307,1.0,3.4,2.4
298,3491.1279999999997,37581.875,34090.747,90.71060717433605,1.0,3.225,2.225
299,3960.516,33152.505999999994,29191.989999999994,88.05364517542053,1.0,3.35,2.35
300,3877.639,36969.541,33091.901999999995,89.51126009381613,1.0,3.325,2.325
301,2259.936,36686.086,34426.15,93.83980073535237,1.0,3.1,2.1
302,5588.103999999999,35628.083,30039.979,84.31545138142852,1.0,3.725,2.725
303,2781.9570000000003,38485.679000000004,35703.722,92.77144882905665,1.0,3.4,2.4
304,3361.64,36921.902,33560.262,90.89526861319334,1.0,2.975,1.975
305,3683.861,38344.977,34661.116,90.39284597823595,1.0,3.275,2.275
306,5524.878000000001,38497.289000000004,32972.41100000001,85.64865697426124,1.0,3.2,2.2
307,4159.808000000001,39742.697,35582.888999999996,89.53315121014559,1.0,3.875,2.875
308,3486.5939999999996,36419.742,32933.148,90.42663728919332,1.0,3.525,2.525
309,4391.201,36952.43000000001,32561.229000000007,88.11661100501375,1.0,3.775,2.775
310,3290.615,36510.455,33219.840000000004,90.98719805053102,1.0,2.975,1.975
311,2879.018,36427.115,33548.096999999994,92.09649734819789,1.0,3.475,2.475
312,3916.293,35651.467000000004,31735.174000000003,89.01505792173994,1.0,3.325,2.325
313,3306.026,35452.452000000005,32146.426000000007,90.67476066253471,1.0,3.225,2.225
314,2714.799,39675.368,36960.569,93.1574698941671,1.0,3.15,2.15
315,2537.7340000000004,37757.505999999994,35219.772,93.27886222146135,1.0,3.5,2.5
316,5529.491,37806.788,32277.297,85.37434335865824,1.0,2.975,1.975
317,3872.367,35403.17,31530.803,89.06208963773582,1.0,3.5,2.5
318,4558.477999999999,41406.761,36848.282999999996,88.9909814486576,1.0,3.4,2.4
319,3570.348,39794.801999999996,36224.454,91.02810462532268,1.0,3.4,2.4
320,4025.9129999999996,36534.71000000001,32508.797000000006,88.98058038506396,1.0,3.45,2.45
321,3335.9130000000005,34024.204,30688.290999999997,90.19547084775297,1.0,3.4,2.4
322,4191.866,34118.218,29926.352,87.71370181174174,1.0,3.675,2.675
323,4262.687,36487.070999999996,32224.384,88.31726723145303,1.0,3.925,2.925
324,5093.776,30932.434999999998,25838.659,83.53257349445656,1.0,3.05,2.05
325,4565.43,37933.366,33367.936,87.96460614647273,1.0,3.45,2.45
326,3902.81,36923.938,33021.128000000004,89.43013608136813,1.0,3.475,2.475
327,4518.2519999999995,37516.353,32998.101,87.95657989463955,1.0,3.125,2.125
328,4114.3099999999995,34908.153999999995,30793.843999999997,88.21389982409268,1.0,3.375,2.375
329,2306.1189999999997,35374.449,33068.33,93.48083414670289,1.0,3.2,2.2
330,3162.3430000000003,36583.827999999994,33421.48499999999,91.35589911476733,1.0,4.025,3.0250000000000004
331,3343.8530000000005,34707.331999999995,31363.478999999996,90.36557174720315,1.0,3.375,2.375
332,2374.66,37400.678,35026.018,93.65075681248345,1.0,3.375,2.375
333,3561.0780000000004,34029.541,30468.462999999996,89.53533343279592,1.0,3.625,2.625
334,3039.8450000000003,34593.464,31553.619,91.2126608656479,1.0,3.3,2.3
335,3178.456,37852.619999999995,34674.164,91.60307529571269,1.0,3.9,2.9
336,4965.921,37582.746,32616.824999999997,86.78669993938175,1.0,3.35,2.35
337,4028.917,38514.399999999994,34485.48299999999,89.53919313295806,1.0,3.175,2.175
338,4197.532,34406.93,30209.398,87.80032975915026,1.0,3.95,2.95
339,4195.258,37658.941999999995,33463.683999999994,88.85986228715612,1.0,3.275,2.275
340,3243.956,36365.123,33121.167,91.07948569292617,1.0,3.0,2.0
341,5093.637000000001,36409.068,31315.430999999997,86.00997696507913,1.0,3.525,2.525
342,3982.0240000000003,39409.96,35427.936,89.89589433737056,1.0,3.325,2.325
343,3093.693,35439.742,32346.049,91.27055439624814,1.0,3.4,2.4
344,3024.0030000000006,37206.064,34182.061,91.87228458242723,1.0,3.325,2.325
345,3987.4049999999997,36292.457,32305.052000000003,89.01313019396841,1.0,3.675,2.675
346,4074.1380000000004,33096.08,29021.942000000003,87.68996811707007,1.0,3.5,2.5
347,4315.919,34593.464,30277.545,87.52388890571929,1.0,3.65,2.65
348,3388.632,37412.452000000005,34023.82000000001,90.94250224497449,1.0,3.175,2.175
349,3431.791,40354.095,36922.304000000004,91.49580482476438,1.0,2.95,1.9500000000000002
350,4140.097000000001,35348.322,31208.225,88.28771278025587,1.0,3.55,2.55
351,3499.527,37915.254,34415.727,90.77013436333566,1.0,3.825,2.825
352,3553.635,38372.598,34818.962999999996,90.73913369118245,1.0,3.475,2.475
353,3234.795,35948.33900000001,32713.54400000001,91.00154530088304,1.0,3.65,2.65
354,2950.455,37292.311,34341.856,92.08830206312501,1.0,3.775,2.775
355,2407.956,38853.181,36445.225,93.802422509498,1.0,3.725,2.725
356,3658.177,36455.836,32797.659,89.96545573663431,1.0,3.8,2.8
357,4291.201,37771.087,33479.886,88.63892638302943,1.0,3.325,2.325
358,2818.126,35984.204,33166.077999999994,92.16843590593248,1.0,3.5,2.5
359,2278.8199999999997,38695.367999999995,36416.547999999995,94.11087135803955,1.0,3.175,2.175
360,2874.5080000000003,33424.187,30549.678999999996,91.39991647366023,1.0,3.025,2.025
361,3129.9759999999997,34319.975999999995,31189.999999999996,90.88001693241277,1.0,2.95,1.9500000000000002
362,3700.2889999999998,37467.070999999996,33766.782,90.1238903889765,1.0,3.075,2.075
363,4444.294,40018.778999999995,35574.48499999999,88.89447876458199,1.0,3.7,2.7
364,3970.9339999999997,35822.697,31851.763,88.91503339349352,1.0,3.275,2.275
365,5415.826,38217.528000000006,32801.702000000005,85.82894738770128,1.0,3.475,2.475
366,4091.9689999999996,39783.899000000005,35691.93000000001,89.71450988250298,1.0,3.2,2.2
367,4299.871,33172.36,28872.489,87.03778989496075,1.0,3.1,2.1
368,4406.752,38175.39,33768.638,88.45656324663612,1.0,4.125,3.125
369,4570.643,35451.516,30880.873000000003,87.10734119240486,1.0,2.975,1.975
370,2320.2670000000003,35482.751000000004,33162.484000000004,93.4608593341593,1.0,3.2,2.2
371,4448.096,34151.489,29703.393000000004,86.97539659251754,1.0,3.225,2.225
372,3946.1860000000006,35382.380000000005,31436.194000000003,88.84703064067482,1.0,3.55,2.55
373,3443.744,33122.914,29679.17,89.60313697037647,1.0,3.15,2.15
374,4784.973,37485.825,32700.852,87.23524692333703,1.0,3.275,2.275
375,3175.7290000000003,35227.31,32051.581,90.98503689325129,1.0,3.975,2.975
376,3539.7960000000003,32755.411999999997,29215.615999999995,89.19324843174007,1.0,3.35,2.35
377,3289.804,33987.403000000006,30697.599000000006,90.32051963487766,1.0,3.025,2.025
378,3893.0869999999995,37919.013000000006,34025.92600000001,89.73315312822093,1.0,3.275,2.275
379,4858.521,39735.553,34877.032,87.77286174927526,1.0,3.475,2.475
380,3738.575,37594.356,33855.781,90.05548864834924,1.0,3.4,2.4
381,4194.701999999999,35855.819,31661.117000000006,88.30119596487255,1.0,3.125,2.125
382,1609.517,35227.31,33617.793,95.43105335036935,1.0,2.9,1.9
383,4601.534,36843.899000000005,32242.365000000005,87.51073006686941,1.0,3.325,2.325
384,2945.782,37702.887,34757.105,92.18685295903202,1.0,3.325,2.325
385,3024.245,38654.166,35629.920999999995,92.17614732652619,1.0,3.275,2.275
386,3534.13,36305.874,32771.744000000006,90.26567987317976,1.0,3.7,2.7
387,4002.7070000000003,37474.215,33471.507999999994,89.31877025309268,1.0,3.8,2.8
388,4109.135,34767.288,30658.153,88.18103097371298,1.0,3.575,2.575
389,4001.757,42688.97,38687.213,90.62578225710295,1.0,3.475,2.475
390,3828.8520000000003,35288.366,31459.514000000003,89.14981781814437,1.0,3.625,2.625
391,3585.191,36317.648,32732.457000000002,90.12824013273107,1.0,4.125,3.125
392,3423.748,37424.933000000005,34001.185000000005,90.85169237310325,1.0,3.325,2.325
393,2289.0559999999996,40293.039000000004,38003.98300000001,94.31897901769088,1.0,3.525,2.525
394,3455.3469999999998,37557.555,34102.208,90.79986170558759,1.0,3.55,2.55
395,4192.677,37539.73700000001,33347.06000000001,88.83136288354925,1.0,3.25,2.25
396,4514.201,33390.129,28875.928,86.48043258533083,1.0,3.65,2.65
397,3872.9230000000002,36092.505999999994,32219.582999999995,89.26945388607818,1.0,3.725,2.725
398,4025.9129999999996,35318.894,31292.981,88.60124838563745,1.0,3.35,2.35
399,3330.7380000000003,37309.258,33978.520000000004,91.0726233151032,1.0,3.725,2.725
400,3804.134,36438.496,32634.362,89.56012344746611,1.0,3.725,2.725
401,3414.522,35172.691,31758.168999999998,90.29212180552236,1.0,3.35,2.35
402,4813.946,40291.396,35477.45,88.05217371966957,1.0,3.6,2.6
403,3094.219,33370.504,30276.285,90.72768274641582,1.0,3.65,2.65
404,3817.8050000000003,36753.415,32935.61,89.61238023731944,1.0,3.75,2.75
405,3853.255,35544.743,31691.488,89.15942365935801,1.0,3.625,2.625
406,4786.091,40697.506,35911.415,88.23984201882051,1.0,2.95,1.9500000000000002
407,4506.196,37334.449,32828.253,87.93019283611228,1.0,2.975,1.975
408,3261.575,35440.678,32179.103,90.79708633113621,1.0,3.05,2.05
409,3250.178,40304.812999999995,37054.634999999995,91.93600526071167,1.0,3.6,2.6
410,3504.6960000000004,37865.100999999995,34360.40499999999,90.74425814947647,1.0,3.425,2.425
411,3436.3009999999995,39228.056,35791.755,91.24019553760196,1.0,2.825,1.8250000000000002
412,4306.648999999999,38997.577000000005,34690.92800000001,88.95662415129023,1.0,3.275,2.275
413,4369.978,35035.439,30665.461,87.52697804072042,1.0,2.7,1.7000000000000002
414,3705.646,36838.562000000005,33132.916000000005,89.94085056848853,1.0,3.275,2.275
415,3945.915,37074.378000000004,33128.463,89.35676007834846,1.0,3.65,2.65
416,2900.241,37556.619,34656.378,92.27768346240113,1.0,3.775,2.775
417,3614.975,38036.331000000006,34421.35600000001,90.4959944743356,1.0,3.15,2.15
418,3259.9660000000003,37256.282,33996.316,91.24988907910885,1.0,3.25,2.25
419,3257.5240000000003,39997.267,36739.743,91.85563353616136,1.0,3.475,2.475
420,2659.206,35672.028,33012.822,92.54540280132098,1.0,3.2,2.2
421,4665.159,37514.546,32849.387,87.56439968645763,1.0,2.925,1.9249999999999998
422,3028.1989999999996,34106.608,31078.409,91.12137155357108,1.0,3.575,2.575
423,4658.478,33727.332,29068.854000000003,86.1878253518541,1.0,3.675,2.675
424,3509.184,38296.402,34787.218,90.83677887024479,1.0,3.45,2.45
425,3492.5800000000004,37822.092000000004,34329.512,90.76576726639023,1.0,3.675,2.675
426,3049.3370000000004,36643.077000000005,33593.740000000005,91.67827254245053,1.0,3.825,2.825
427,3258.248,36878.828,33620.58,91.16499038418466,1.0,3.4,2.4
428,3251.2960000000003,37309.258,34057.962,91.28555169872314,1.0,3.525,2.525
429,2522.8910000000005,39712.169,37189.278,93.64705815993076,1.0,3.725,2.725
430,4907.821,36172.545,31264.724,86.4321932559625,1.0,3.625,2.625
431,4310.809,39833.181,35522.371999999996,89.17784396882588,1.0,3.2,2.2
432,5043.586,38458.681,33415.094999999994,86.88570208635079,1.0,3.35,2.35
433,4703.7699999999995,38631.011,33927.241,87.82384960103686,1.0,3.55,2.55
434,2662.246,34926.744,32264.498,92.3776290168932,1.0,3.3,2.3
435,3261.0190000000002,36782.843,33521.824,91.13440198192401,1.0,3.775,2.775
436,4244.045,35366.369000000006,31122.324000000008,87.99977176056723,1.0,3.675,2.675
437,3189.109,37350.46,34161.351,91.46166071314785,1.0,3.775,2.775
438,3348.569,34913.490999999995,31564.921999999995,90.40895394848943,1.0,3.375,2.375
439,2910.726,37079.715,34168.988999999994,92.15008529596302,1.0,3.65,2.65
440,3249.022,37976.375,34727.353,91.4446231374111,1.0,3.15,2.15
441,4702.549,41697.36,36994.811,88.72219008589512,1.0,3.15,2.15
442,3519.2380000000003,37477.038,33957.8,90.60961541304306,1.0,3.625,2.625
443,2814.6310000000003,36058.513,33243.882,92.19426768929712,1.0,3.475,2.475
444,4540.653,42247.702000000005,37707.049000000006,89.25230773498639,1.0,3.575,2.575
445,3636.3010000000004,32488.131999999998,28851.831,88.8072943067333,1.0,3.15,2.15
446,3663.455,38908.029,35244.574,90.5843212977969,1.0,3.65,2.65
447,3576.8410000000003,39246.81,35669.969,90.88628859262701,1.0,3.7,2.7
448,2988.947,34233.893000000004,31244.946000000004,91.26904147302207,1.0,3.45,2.45
449,3826.578,37788.034,33961.456,89.87357214720404,1.0,3.55,2.55
450,4466.586,37042.914000000004,32576.328000000005,87.94213111851838,1.0,3.5,2.5
451,2902.013,34818.37699999999,31916.363999999994,91.66528353690926,1.0,3.45,2.45
452,6101.425,36631.467,30530.041999999998,83.3437601611751,1.0,3.325,2.325
453,4487.809,32299.084000000003,27811.275,86.1054604520673,1.0,3.6,2.6
454,3050.637,34113.752,31063.115,91.05745682855407,1.0,3.375,2.375
455,3302.254,36939.013000000006,33636.759000000005,91.06025382973823,1.0,3.5,2.5
456,1762.816,36218.213,34455.397000000004,95.13279133898737,1.0,3.875,2.875
457,4307.374,37521.69,33214.316000000006,88.52030918649987,1.0,3.175,2.175
458,3744.512,36500.488000000005,32755.976000000006,89.74120017244701,1.0,3.225,2.225
459,3453.176,36921.902,33468.726,90.6473507242395,1.0,3.75,2.75
460,3478.0330000000004,35059.53,31581.497,90.07963597914747,1.0,3.375,2.375
461,4371.1990000000005,40092.38100000001,35721.18200000001,89.09718282882724,1.0,2.775,1.775
462,3396.032,36476.397,33080.365,90.68978221725133,1.0,3.25,2.25
463,3263.5640000000003,34901.946,31638.382000000005,90.649335140224,1.0,3.575,2.575
464,3034.795,37316.402,34281.607,91.86739654053466,1.0,3.4,2.4
465,4302.864,37061.668000000005,32758.804000000004,88.38998827575703,1.0,3.75,2.75
466,3225.05,36148.997,32923.947,91.07845232884331,1.0,3.25,2.25
467,2027.6129999999998,37992.386,35964.773,94.66310697095992,1.0,3.325,2.325
468,4785.638,35627.147,30841.509,86.56743971107201,1.0,2.65,1.65
469,4910.657,41048.997,36138.340000000004,88.03708407296773,1.0,4.45,3.45
470,4290.807,41721.451,37430.644,89.71558539514841,1.0,3.375,2.375
471,4464.977,34357.648,29892.671000000002,87.00441601823269,1.0,3.35,2.35
472,3339.693,39422.67,36082.977,91.52849616730678,1.0,3.125,2.125
473,3302.406,34233.893,30931.486999999997,90.35340210942412,1.0,3.725,2.725
474,4004.6900000000005,36509.519,32504.828999999998,89.03110720248053,1.0,3.175,2.175
475,3659.96,38284.857,34624.897000000004,90.44018892378259,1.0,3.275,2.275
476,2395.24,36473.653999999995,34078.414,93.4329584855962,1.0,3.2,2.2
477,4044.294,37134.334,33090.04,89.10901700835674,1.0,2.725,1.725
478,2705.9069999999997,40467.25600000001,37761.34900000001,93.3133420264522,1.0,2.975,1.975
479,4261.108,33818.752,29557.644,87.40016189834563,1.0,3.45,2.45
480,3829.4080000000004,36193.893,32364.484999999997,89.41973995447243,1.0,3.125,2.125
481,3493.196,36752.479,33259.282999999996,90.49534590578229,1.0,3.55,2.55
482,3372.6220000000003,38470.455,35097.833,91.23321520371931,1.0,3.45,2.45
483,2949.38,38066.859,35117.479,92.25210569645371,1.0,3.125,2.125
484,3471.87,34767.288,31295.418,90.01397520565884,1.0,3.625,2.625
485,3425.46,38762.697,35337.237,91.1629987975295,1.0,3.125,2.125
486,3566.6409999999996,37229.448000000004,33662.807,90.41983915528374,1.0,3.3,2.3
487,3929.3050000000003,41522.436,37593.131,90.53691117736926,1.0,2.925,1.9249999999999998
488,3332.147,35948.339,32616.192,90.73073445757814,1.0,3.625,2.625
489,4390.856,34024.91099999999,29634.054999999993,87.09517271037093,1.0,4.275,3.2750000000000004
490,4210.15,34684.884,30474.733999999997,87.8617152071202,1.0,3.025,2.025
491,4642.636,36359.786,31717.15,87.23139899668276,1.0,3.75,2.75
492,4911.571,33653.729999999996,28742.158999999996,85.40556722835775,1.0,2.75,1.75
493,3716.687,37358.54,33641.853,90.05130553817146,1.0,3.425,2.425
494,2898.561,38012.240000000005,35113.679000000004,92.37466405557788,1.0,3.4,2.4
495,3731.245,33369.568,29638.323,88.81841982491353,1.0,3.775,2.775
496,2706.1130000000003,34585.384000000005,31879.271000000004,92.1755589008351,1.0,3.725,2.725
497,4557.160000000001,35728.534,31171.374,87.24504061655594,1.0,3.4,2.4
498,2511.947,35856.69,33344.743,92.99448164345343,1.0,3.5,2.5
499,5186.224,39167.0,33980.776,86.75868971327904,1.0,3.0,2.0
500,4922.157,36431.515999999996,31509.358999999997,86.48928855993805,1.0,3.4,2.4
501,3088.179,37001.005000000005,33912.826,91.65379697119037,1.0,3.675,2.675
502,3047.91,38586.837,35538.926999999996,92.10116651955691,1.0,3.525,2.525
503,3452.62,36312.147000000004,32859.527,90.49183183797972,1.0,3.575,2.575
504,2524.8199999999997,40408.007,37883.187,93.75168391749685,1.0,3.7,2.7
505,4644.045,37788.034,33143.989,87.71027622130329,1.0,4.0,3.0
506,2949.2340000000004,39329.443,36380.209,92.5012057760391,1.0,3.525,2.525
507,4442.159,36929.046,32486.887000000002,87.97109733081109,1.0,3.225,2.225
508,4712.8279999999995,37816.755000000005,33103.927,87.53772501104339,1.0,3.15,2.15
509,3812.907,36663.802,32850.895000000004,89.60035023099896,1.0,3.775,2.775
510,4328.639999999999,33674.520000000004,29345.880000000005,87.14565196474962,1.0,3.3,2.3
511,2731.5550000000003,37128.997,34397.442,92.64306816583276,1.0,3.7,2.7
512,4142.927,37915.319,33772.39200000001,89.07321075156985,1.0,3.675,2.675
513,3166.188,34809.59,31643.401999999995,90.90426517520027,1.0,3.175,2.175
514,4173.376,39178.774000000005,35005.398,89.34786473920802,1.0,3.375,2.375
515,5791.393,39003.85,33212.456999999995,85.15174014872889,1.0,3.65,2.65
516,3936.192,38411.206,34475.013999999996,89.75249045812306,1.0,3.175,2.175
517,4746.875,38114.334,33367.459,87.54569606279884,1.0,3.35,2.35
518,3245.733,35434.405,32188.672,90.84016508813963,1.0,3.825,2.825
519,5502.995999999999,38628.268,33125.272,85.75396649935225,1.0,3.2,2.2
520,4107.526,35906.037,31798.511,88.56034710820356,1.0,3.45,2.45
521,3870.898,36055.934,32185.036,89.26418602829703,1.0,3.3,2.3
522,2878.353,36406.325,33527.971999999994,92.0938106221927,1.0,3.125,2.125
523,5551.482,35871.043,30319.560999999998,84.5237786924679,1.0,3.25,2.25
524,3667.965,36458.350000000006,32790.38500000001,89.93930059917687,1.0,3.3,2.3
525,4303.469000000001,38392.452000000005,34088.98300000001,88.79084617986891,1.0,3.275,2.275
526,2956.121,36378.54,33422.419,91.87399769204592,1.0,2.875,1.875
527,3249.869,36760.558999999994,33510.689999999995,91.15935913814586,1.0,3.725,2.725
528,4444.807000000001,36638.611000000004,32193.804000000004,87.8685166312664,1.0,4.0,3.0
529,3670.9040000000005,36988.295,33317.390999999996,90.07549820828453,1.0,3.175,2.175
530,4415.211,37852.619999999995,33437.40899999999,88.33578494698648,1.0,3.425,2.425
531,3774.1440000000002,35330.504,31556.36,89.31760497953836,1.0,3.45,2.45
532,3922.5640000000003,34041.315,30118.751000000004,88.47704913867165,1.0,3.575,2.575
533,3812.139,35614.666,31802.527,89.2961540057683,1.0,3.4,2.4
534,3218.12,35239.084,32020.964000000004,90.86775354319653,1.0,3.725,2.725
535,2280.554,36370.46000000001,34089.906,93.72965313059004,1.0,3.6,2.6
536,3537.975,35910.437999999995,32372.462999999996,90.14778098780081,1.0,3.375,2.375
537,3314.009,34841.761,31527.752,90.4883998257149,1.0,3.1,2.1
538,3711.5830000000005,37873.181000000004,34161.598000000005,90.19997026391843,1.0,3.425,2.425
539,3674.8520000000003,35293.703,31618.851000000002,89.58779700730184,1.0,3.175,2.175
540,3195.828,37007.049,33811.221,91.36427224986244,1.0,3.425,2.425
541,4114.4130000000005,36481.734000000004,32367.321000000004,88.72199166848813,1.0,3.525,2.525
542,2605.6220000000003,35959.72,33354.098,92.75405370230914,1.0,3.575,2.575
543,4274.138000000001,38198.774,33924.636,88.81079795911775,1.0,2.775,1.775
544,4643.936,35809.28,31165.343999999997,87.03147340577637,1.0,3.725,2.725
545,3711.2760000000003,36590.971999999994,32879.695999999996,89.85739979796111,1.0,3.9,2.9
546,3900.8940000000002,34464.372,30563.478000000003,88.68137217181848,1.0,3.45,2.45
547,4458.193000000001,31689.329,27231.136,85.93156390278884,1.0,3.375,2.375
548,2580.633,36717.55,34136.917,92.9716634143618,1.0,3.375,2.375
549,3289.956,37017.016,33727.060000000005,91.11231440157144,1.0,3.525,2.525
550,3201.0030000000006,36971.184,33770.181,91.34189751672544,1.0,3.9,2.9
551,2964.937,37885.891,34920.954000000005,92.17403386395216,1.0,3.375,2.375
552,3744.965,36352.642,32607.677,89.69823156182156,1.0,3.425,2.425
553,3928.084,33849.444,29921.360000000004,88.39542534288009,1.0,4.325,3.325
554,4803.257,34502.979999999996,29699.722999999998,86.07871841794535,1.0,3.75,2.75
555,2995.5789999999997,40360.532,37364.953,92.57794966627299,1.0,3.75,2.75
556,3888.48,34887.593,30999.113,88.85426116957969,1.0,3.275,2.275
557,3403.022,39894.237,36491.215000000004,91.46989075138848,1.0,3.6,2.6
558,4995.868,37534.399999999994,32538.531999999992,86.68989513619506,1.0,3.55,2.55
559,2996.746,38120.771,35124.025,92.13881062374107,1.0,3.4,2.4
560,3742.794,38363.731,34620.937,90.24392596225846,1.0,3.5,2.5
561,3851.464,33347.12,29495.656000000003,88.45038492079675,1.0,3.45,2.45
562,2414.6800000000003,36739.99800000001,34325.31800000001,93.42765342556632,1.0,3.075,2.075
563,4485.777,37159.524999999994,32673.747999999992,87.92832524097119,1.0,3.5,2.5
564,2271.0190000000002,34199.835,31928.816,93.35956153004832,1.0,3.7,2.7
565,5524.219,33851.087,28326.868,83.68082242085755,1.0,3.275,2.275
566,3659.4040000000005,36225.357,32565.953,89.89822515758782,1.0,3.55,2.55
567,3374.9610000000002,39020.960999999996,35645.99999999999,91.35090240345438,1.0,3.25,2.25
568,2391.021,39965.803,37574.782,94.01733276821686,1.0,3.15,2.15
569,2974.0170000000003,36261.929000000004,33287.912000000004,91.79851408346202,1.0,3.5,2.5
570,3392.0780000000004,39634.166,36242.087999999996,91.44153052192394,1.0,3.125,2.125
571,3469.58,39311.396,35841.816,91.17411144595322,1.0,2.925,1.9249999999999998
572,3876.871,37593.420000000006,33716.549000000006,89.68736816176875,1.0,3.25,2.25
573,3050.9080000000004,35053.486000000004,32002.578000000005,91.29642056142434,1.0,3.3,2.3
574,5257.045,39269.258,34012.213,86.61282319110792,1.0,3.3,2.3
575,3539.5899999999997,35989.541,32449.950999999997,90.16494819981172,1.0,3.575,2.575
576,3725.3570000000004,34432.907999999996,30707.550999999996,89.18082376312799,1.0,3.525,2.525
577,4860.102999999999,36475.461,31615.358000000004,86.67569136412013,1.0,3.625,2.625
578,4447.643,38506.32,34058.676999999996,88.4495765889859,1.0,3.3,2.3
579,3785.8990000000003,37248.202000000005,33462.30300000001,89.8360221521565,1.0,3.525,2.525
580,3930.526,34960.259000000005,31029.733000000007,88.75715995124636,1.0,3.325,2.325
581,4188.371,33750.716,29562.345,87.59027512186705,1.0,3.05,2.05
582,2918.731,34974.547000000006,32055.816000000006,91.65469963056276,1.0,3.65,2.65
583,3484.532,38604.884000000005,35120.352000000006,90.97385709020652,1.0,3.3,2.3
584,3817.352,37237.528,33420.176,89.74864282075868,1.0,3.875,2.875
585,3124.6980000000003,38932.990999999995,35808.29299999999,91.97416401940451,1.0,3.625,2.625
586,3434.686,39397.479,35962.793,91.2819650211629,1.0,3.475,2.475
587,2726.1800000000003,39505.781,36779.601,93.09928843072359,1.0,3.625,2.625
588,4042.5820000000003,35850.482,31807.9,88.72377224942191,1.0,3.225,2.225
589,4120.4529999999995,35701.685,31581.231999999996,88.45865958427453,1.0,3.175,2.175
590,3871.599,33442.234000000004,29570.635000000002,88.42302520818436,1.0,3.15,2.15
591,3930.732,36905.662,32974.92999999999,89.34924402656696,1.0,3.725,2.725
592,3842.0260000000007,38621.831000000006,34779.80500000001,90.0521909486891,1.0,3.4,2.4
593,4344.601,35010.24799999999,30665.646999999994,87.59048779088911,1.0,3.3,2.3
594,3430.7380000000003,36708.534,33277.796,90.65411329147605,1.0,3.375,2.375
595,3641.5730000000003,36621.5,32979.926999999996,90.0561883046844,1.0,3.275,2.275
596,3176.014,37103.97,33927.956,91.44023132834572,1.0,3.2,2.2
597,3650.243,35633.42,31983.177,89.75612500848924,1.0,3.425,2.425
598,4731.318,37032.24,32300.922,87.22378662484364,1.0,3.425,2.425
599,2938.9980000000005,36789.28,33850.282,92.01126523813458,1.0,3.3,2.3
600,5085.632,37050.994,31965.362,86.27396609116614,1.0,3.425,2.425
601,2578.0519999999997,36049.497,33471.44500000001,92.84857705504186,1.0,3.45,2.45
602,2813.3500000000004,37268.056000000004,34454.706000000006,92.45104171787227,1.0,2.8,1.7999999999999998
603,3583.9700000000003,36472.718,32888.748,90.1735593163087,1.0,3.1,2.1
604,5246.869000000001,37763.007,32516.138,86.1057966067162,1.0,3.625,2.625
605,3126.79,35893.490999999995,32766.700999999994,91.28869911260512,1.0,3.475,2.475
606,4945.26,33931.684,28986.424,85.42583386076565,1.0,3.8,2.8
607,3627.346,38501.69,34874.344000000005,90.5787356347215,1.0,3.65,2.65
608,2996.843,39391.206,36394.363,92.39210142487131,1.0,3.225,2.225
609,3494.8109999999997,39215.346000000005,35720.535,91.08815462191765,1.0,3.55,2.55
610,4562.25,37957.621,33395.371,87.98067455281246,1.0,4.1,3.0999999999999996
611,3249.125,37939.574,34690.449,91.43605302473875,1.0,3.45,2.45
612,4395.148999999999,36251.255,31856.106,87.87587078019781,1.0,3.3,2.3
613,3188.735,40752.354,37563.619,92.17533544197227,1.0,3.15,2.15
614,3292.786,35041.712,31748.926,90.60323879152936,1.0,3.5,2.5
615,3107.0789999999997,33763.197,30656.118000000002,90.7974384060846,1.0,3.15,2.15
616,2352.735,36565.074,34212.339,93.56562221096559,1.0,3.275,2.275
617,2692.7980000000002,38684.694,35991.896,93.03911257511821,1.0,3.2,2.2
618,2705.9069999999997,34181.788,31475.881,92.08377572290836,1.0,3.875,2.875
619,3779.0480000000002,33134.688,29355.640000000003,88.59488883673811,1.0,3.225,2.225
620,4718.209,33539.698000000004,28821.489000000005,85.93246426965443,1.0,3.3,2.3
621,2523.5559999999996,41084.862,38561.306000000004,93.85769873098272,1.0,3.75,2.75
622,3821.1969999999997,33902.256,30081.059,88.72878253293823,1.0,3.55,2.55
623,4042.824,38048.104999999996,34005.280999999995,89.37444059303348,1.0,3.75,2.75
624,3138.998,35612.859000000004,32473.861000000004,91.18577365552144,1.0,3.325,2.325
625,3766.036,35890.733,32124.697,89.50694041272436,1.0,3.225,2.225
626,4181.025000000001,39451.162,35270.136999999995,89.40202319009006,1.0,3.2,2.2
627,3813.7540000000004,38715.222,34901.468,90.14921314412196,1.0,3.525,2.525
628,4178.195,35429.068,31250.873,88.20687295528067,1.0,3.45,2.45
629,3045.074,37684.84,34639.765999999996,91.91963134247086,1.0,3.4,2.4
630,3330.635,38205.047000000006,34874.412000000004,91.28221200722511,1.0,4.0,3.0
631,4000.536,35796.734000000004,31796.198000000004,88.82429888715546,1.0,3.325,2.325
632,3237.625,37151.445,33913.82,91.28533223943242,1.0,3.525,2.525
633,4125.145,36526.466,32401.321,88.70642180385039,1.0,3.8,2.8
634,4074.29,38496.353,34422.063,89.41642601832957,1.0,3.475,2.475
635,4151.743,33292.501000000004,29140.758,87.52949500549688,1.0,3.75,2.75
636,3652.7589999999996,36058.513000000006,32405.754000000008,89.86991227286606,1.0,3.425,2.425
637,4424.993,36580.297999999995,32155.304999999993,87.90334348834446,1.0,3.35,2.35
638,2748.7210000000005,38077.762,35329.041000000005,92.78129581250076,1.0,2.9,1.9
639,5010.094999999999,38060.586,33050.491,86.836526899507,1.0,3.525,2.525
640,3157.3720000000003,35124.115999999995,31966.743999999995,91.01081433622414,1.0,2.975,1.975
641,4048.46,35429.068,31380.608,88.57305532282138,1.0,2.975,1.975
642,4021.2999999999997,36736.304000000004,32715.004000000004,89.05360757032064,1.0,2.975,1.975
643,3754.482,36419.742,32665.26,89.69108018392882,1.0,3.35,2.35
644,5227.157999999999,38992.947,33765.789000000004,86.59460645536744,1.0,3.25,2.25
645,4851.591,39280.868,34429.277,87.64897201355123,1.0,3.475,2.475
646,4867.427,37538.80100000001,32671.374000000007,87.03361090302272,1.0,3.675,2.675
647,3545.7329999999997,38606.527,35060.794,90.81571621296057,1.0,3.625,2.625
648,3349.5190000000002,33781.951,30432.432,90.08488586109192,1.0,3.3,2.3
649,3639.964,38321.429000000004,34681.465000000004,90.50149199811939,1.0,3.325,2.325
650,3837.625,39698.752,35861.127,90.33313440180689,1.0,3.225,2.225
651,6209.066,33291.401,27082.335,81.34934002927663,1.0,3.35,2.35
652,4772.911,40200.912,35428.001,88.12735641420274,1.0,3.625,2.625
653,3761.217,36201.973,32440.755999999998,89.61046404846498,1.0,3.475,2.475
654,3700.0830000000005,38289.258,34589.175,90.33649855528671,1.0,3.625,2.625
655,2469.695,35186.815,32717.120000000003,92.98119196068187,1.0,3.425,2.425
656,2784.684,37352.103,34567.419,92.54477318184735,1.0,3.475,2.475
657,3651.296,37939.57399999999,34288.27799999999,90.376022672263,1.0,3.225,2.225
658,3463.309,36717.55,33254.241,90.56770127636511,1.0,3.25,2.25
659,4445.369000000001,36269.073,31823.703999999998,87.74336195468794,1.0,3.425,2.425
660,3520.5380000000005,36618.986000000004,33098.448000000004,90.38603089665017,1.0,3.375,2.375
661,3981.69,38442.67,34460.979999999996,89.64252482983102,1.0,3.525,2.525
662,3576.738,35113.441999999995,31536.703999999994,89.81376419890707,1.0,3.2,2.2
663,4649.149,35906.908,31257.759000000002,87.05221569064092,1.0,3.375,2.375
664,2782.7980000000002,36991.038,34208.24,92.47710215647368,1.0,3.4,2.4
665,4928.385,34949.356,30020.970999999998,85.89849552592614,1.0,3.275,2.275
666,3537.9750000000004,39947.985,36410.01,91.14354578835454,1.0,3.425,2.425
667,5174.205,37138.964,31964.759,86.06798778770457,1.0,3.75,2.75
668,5383.388000000001,39644.84,34261.452,86.42096171910393,1.0,3.625,2.625
669,4075.3,34590.721000000005,30515.421000000006,88.21851675193471,1.0,3.625,2.625
670,4165.371,37502.936,33337.565,88.89321358733088,1.0,2.95,1.9500000000000002
671,3626.475,34060.069,30433.594000000005,89.35270800537721,1.0,3.6,2.6
672,3770.649,36942.463,33171.814000000006,89.79318460710105,1.0,3.775,2.775
673,3811.4800000000005,34267.871,30456.391,88.87739480518063,1.0,3.25,2.25
674,3093.245,33812.47900000001,30719.234000000008,90.85176511311104,1.0,3.0,2.0
675,4192.634,33092.55,28899.916000000005,87.33058044786516,1.0,3.025,2.025
676,4631.880000000001,34658.921,30027.041,86.63582169796918,1.0,3.5,2.5
677,3452.9700000000003,35095.624,31642.654000000002,90.16125201250162,1.0,3.375,2.375
678,3720.3499999999995,32729.285,29008.935,88.63296280380094,1.0,3.25,2.25
679,3990.754,37710.031,33719.277,89.41726141779093,1.0,2.725,1.725
680,3725.46,35554.71,31829.25,89.52189456755518,1.0,3.85,2.85
681,4770.643,35474.9,30704.257,86.55206075281396,1.0,3.425,2.425
682,4169.525,34513.654,30344.129,87.91920148472254,1.0,3.2,2.2
683,2629.42,37303.921,34674.501000000004,92.95135757981045,1.0,3.15,2.15
684,3360.728,35397.604,32036.876,90.50577547565084,1.0,3.25,2.25
685,3994.0370000000003,36626.130000000005,32632.093000000004,89.09511597321365,1.0,2.825,1.8250000000000002
686,3295.7250000000004,38475.792,35180.067,91.43428938382867,1.0,3.275,2.275
687,4545.369000000001,34708.039000000004,30162.670000000006,86.90398786286947,1.0,3.55,2.55
688,3462.796,36052.24,32589.444,90.39506005729464,1.0,3.275,2.275
689,3885.7470000000003,37617.74,33731.992999999995,89.67044006365082,1.0,3.45,2.45
690,3236.5069999999996,33466.325,30229.818,90.32906361842838,1.0,4.2,3.2
691,4252.256,33912.93,29660.674,87.46125445368477,1.0,3.8,2.8
692,4916.323,35318.729999999996,30402.406999999996,86.08012519136446,1.0,3.65,2.65
693,4576.206,38036.331000000006,33460.12500000001,87.96885535568613,1.0,3.75,2.75
694,4118.923,35438.806,31319.882999999998,88.37736519678457,1.0,4.1,3.0999999999999996
695,2643.297,36993.632,34350.335,92.85472429417042,1.0,3.7,2.7
696,3490.469,39730.216,36239.747,91.21457331115442,1.0,3.275,2.275
697,3219.032,35403.877,32184.845,90.90768505381487,1.0,2.7,1.7000000000000002
698,4425.907,37413.323000000004,32987.416000000005,88.17023817959179,1.0,3.1,2.1
699,4528.694,33574.856,29046.162,86.51165026590137,1.0,3.375,2.375
700,3137.668,36680.749,33543.081000000006,91.44600891328582,1.0,3.2,2.2
701,4270.643,38095.416,33824.773,88.78961447750041,1.0,2.8,1.7999999999999998
702,3974.8030000000003,39100.607,35125.804000000004,89.83442124057052,1.0,3.125,2.125
703,4274.035,35923.148,31649.113,88.10228157064631,1.0,3.375,2.375
704,3225.919,41049.933000000005,37824.014,92.1414756024084,1.0,3.15,2.15
705,3941.609,35639.693,31698.084,88.94039575481192,1.0,3.6,2.6
706,4052.8179999999998,38023.85,33971.032,89.34137916071097,1.0,3.9,2.9
707,4084.5260000000003,36207.31,32122.783999999996,88.7190570081014,1.0,3.725,2.725
708,3632.909,37866.037000000004,34233.128000000004,90.40589064020615,1.0,3.6,2.6
709,3422.014,39167.0,35744.986,91.26301733602267,1.0,3.6,2.6
710,3683.311,37641.831000000006,33958.520000000004,90.21484635006199,1.0,3.6,2.6
711,3938.138,38560.939,34622.801,89.78723521229604,1.0,2.875,1.875
712,5236.487,35707.893,30471.405999999995,85.33521146151077,1.0,3.25,2.25
713,3756.465,37943.10400000001,34186.63900000001,90.09974249866328,1.0,3.6,2.6
714,3821.403,33175.89,29354.487,88.48138512636737,1.0,3.175,2.175
715,2721.005,36873.491,34152.486000000004,92.62070141392364,1.0,3.2,2.2
716,4569.4220000000005,37001.712,32432.29,87.65078221245547,1.0,3.5,2.5
717,3878.86,36341.032,32462.172,89.32650013901642,1.0,3.1,2.1
718,3298.2030000000004,38501.689999999995,35203.486999999994,91.43361499196529,1.0,3.5,2.5
719,3130.8900000000003,39045.051999999996,35914.162,91.9813399147221,1.0,3.425,2.425
720,2896.849,35390.46000000001,32493.611000000004,91.81460483983537,1.0,3.65,2.65
721,3463.455,38380.678,34917.223,90.97604529028904,1.0,3.35,2.35
722,4803.311,37235.721000000005,32432.410000000003,87.10026052671304,1.0,3.35,2.35
723,3705.749,35257.838,31552.089000000004,89.48957392112358,1.0,3.225,2.225
724,3243.253,36244.982,33001.72900000001,91.05185650250841,1.0,3.125,2.125
725,3365.903,38018.513,34652.61,91.1466737270866,1.0,3.675,2.675
726,3750.5280000000002,36172.381,32421.853000000003,89.63151471837035,1.0,3.4,2.4
727,4223.077,39263.921,35040.844000000005,89.24438290307279,1.0,3.075,2.075
728,4449.469,37060.961,32611.492000000002,87.99418881771575,1.0,3.2,2.2
729,3283.1290000000004,36166.108,32882.979,90.92208373651928,1.0,3.0,2.0
730,3329.4139999999998,38120.771,34791.357,91.26614202005516,1.0,3.6,2.6
731,3689.139,35239.791,31550.652,89.53132554049483,1.0,3.925,2.925
732,4000.639,35948.11,31947.471,88.87107277684419,1.0,3.8,2.8
733,4017.805,40425.825,36408.02,90.06129126616463,1.0,3.575,2.575
734,3800.639,35998.328,32197.689000000002,89.44217909231784,1.0,3.55,2.55
735,3739.6870000000004,39656.614,35916.927,90.56982777198276,1.0,3.825,2.825
736,3391.419,33873.535,30482.116,89.98799800493217,1.0,3.35,2.35
737,2420.617,36965.847,34545.23,93.45174750087561,1.0,3.375,2.375
738,3700.083,35835.178,32135.095,89.67471851263025,1.0,3.3,2.3
739,4162.277,34743.197,30580.92,88.01987911475159,1.0,3.225,2.225
740,4417.031,36731.918000000005,32314.887000000006,87.97495137607571,1.0,3.4,2.4
741,2544.809,40250.194,37705.385,93.67752364125252,1.0,3.3,2.3
742,2838.852,32262.283,29423.431,91.20070950961531,1.0,3.05,2.05
743,4726.857,38095.58,33368.723,87.59211173579716,1.0,3.325,2.325
744,3130.079,36158.028000000006,33027.94900000001,91.34333598060161,1.0,2.875,1.875
745,5338.657999999999,38851.373999999996,33512.716,86.2587665496721,1.0,3.525,2.525
746,3920.635,35029.002,31108.367,88.80746017257357,1.0,3.6,2.6
747,5047.884,39827.844,34779.96,87.32574125779945,1.0,3.475,2.475
748,3576.3149999999996,36988.295,33411.979999999996,90.33122505376362,1.0,3.45,2.45
749,3032.147,35881.945999999996,32849.799,91.54965842710983,1.0,2.875,1.875
750,3501.407,35081.271,31579.864,90.01915580538687,1.0,3.025,2.025
751,2663.5699999999997,35589.475,32925.905,92.51584913798251,1.0,3.575,2.575
752,3510.633,37265.313,33754.68,90.57935458639513,1.0,3.05,2.05
753,3753.92,35604.699,31850.779000000002,89.45667255886647,1.0,3.5,2.5
754,3717.249,36552.528000000006,32835.27900000001,89.83039148482426,1.0,3.525,2.525
755,2037.7890000000002,38110.804,36073.015,94.6529886905561,1.0,3.825,2.825
756,3869.4280000000003,35997.621,32128.193,89.25087855111315,1.0,3.0,2.0
757,3796.6910000000003,37176.636,33379.945,89.78742724328258,1.0,3.1,2.1
758,3715.634,38532.21799999999,34816.583999999995,90.35707210002809,1.0,3.25,2.25
759,4443.483,37885.890999999996,33442.407999999996,88.27140425442283,1.0,3.175,2.175
760,3716.028,38198.774000000005,34482.74600000001,90.27186579338908,1.0,3.3,2.3
761,4963.75,37413.159,32449.409,86.73260924050813,1.0,3.125,2.125
762,2170.463,36372.267,34201.804,94.03264305741513,1.0,2.775,1.775
763,3891.4130000000005,38107.35400000001,34215.941000000006,89.78828863321237,1.0,3.225,2.225
764,3075.626,32087.359,29011.733,90.41483594832471,1.0,3.125,2.125
765,4897.936,34022.168,29124.231999999996,85.60369227498964,1.0,3.5,2.5
766,3312.2480000000005,35318.73,32006.482000000004,90.62183719516528,1.0,3.025,2.025
767,3693.9580000000005,37059.861,33365.903,90.03245586916799,1.0,3.3,2.3
768,4017.702,36873.72,32856.018000000004,89.10415873418793,1.0,3.125,2.125
769,5095.705,40087.751000000004,34992.046,87.28862340020022,1.0,3.325,2.325
770,5292.204,36038.823000000004,30746.619000000006,85.31526959135154,1.0,3.425,2.425
771,4626.9220000000005,35271.255000000005,30644.333000000006,86.88189008301521,1.0,3.4,2.4
772,4621.704,37164.862,32543.158000000003,87.56431814545687,1.0,3.125,2.125
773,3820.744,35132.196,31311.452000000005,89.12466502236298,1.0,3.625,2.625
774,3247.494,37007.049,33759.555,91.22466100985248,1.0,3.675,2.675
775,3432.353,36747.142,33314.789,90.65953754988618,1.0,3.2,2.2
776,5044.698,35234.454,30189.755999999998,85.6824856715532,1.0,2.95,1.9500000000000002
777,3764.9610000000002,34391.706000000006,30626.745000000006,89.0527064868489,1.0,3.6,2.6
778,4092.634,38044.64,33952.006,89.24254770185762,1.0,3.5,2.5
779,3216.693,36333.659,33116.966,91.14679586771044,1.0,3.375,2.375
780,3050.3460000000005,37145.172000000006,34094.82600000001,91.78804179450294,1.0,3.325,2.325
781,4468.098,36517.599,32049.501000000004,87.76453512181894,1.0,3.45,2.45
782,3602.9190000000003,39028.105,35425.186,90.76839882438566,1.0,3.625,2.625
783,3538.0779999999995,33140.025,29601.947,89.32385235074506,1.0,3.575,2.575
784,4815.373,35502.44099999999,30687.067999999992,86.4365016478726,1.0,3.15,2.15
785,4013.808,34689.285,30675.477000000003,88.42925704579959,1.0,3.525,2.525
786,3337.625,37859.764,34522.139,91.18424245856366,1.0,3.025,2.025
787,3920.144,39341.924,35421.78,90.03570847221401,1.0,3.1,2.1
788,2933.4710000000005,34161.227,31227.755999999998,91.4128640636942,1.0,3.35,2.35
789,5346.204,34980.82000000001,29634.61600000001,84.71675621097505,1.0,3.525,2.525
790,3512.6360000000004,34725.149999999994,31212.513999999996,89.88446126222637,1.0,3.45,2.45
791,4832.691000000001,39554.356,34721.665,87.78215223627961,1.0,3.25,2.25
792,4602.701,36643.948,32041.246999999996,87.43939654100589,1.0,3.6,2.6
793,4462.82,35954.383,31491.563000000002,87.58754947901623,1.0,3.5,2.5
794,2915.8950000000004,34101.271,31185.376,91.44930697744374,1.0,3.4,2.4
795,3233.2670000000003,33491.516,30258.249000000003,90.34601180788592,1.0,3.7,2.7
796,4299.2660000000005,34906.346999999994,30607.080999999995,87.68342616888556,1.0,3.7,2.7
797,4810.912,36165.172000000006,31354.260000000006,86.69738941100572,1.0,3.35,2.35
798,3867.965,34132.506,30264.541,88.66779661592969,1.0,3.425,2.425
799,2417.884,32824.399,30406.515,92.63388188767753,1.0,3.6,2.6
800,3601.45,36305.167,32703.717,90.08006215754358,1.0,3.05,2.05
801,2848.9629999999997,34050.102,31201.139,91.63302653249026,1.0,3.925,2.925
802,2308.5609999999997,37758.606,35450.045,93.88600045245315,1.0,3.175,2.175
803,3349.264,37188.953,33839.689,90.99392768599857,1.0,3.65,2.65
804,5010.736,33007.403,27996.666999999998,84.819357039389,1.0,3.6,2.6
805,4629.153,38924.04,34294.887,88.10721343416562,1.0,3.525,2.525
806,2786.6730000000002,36740.705,33954.032,92.41529796447836,1.0,3.5,2.5
807,5334.872,36686.086,31351.214000000004,85.45805077161953,1.0,3.575,2.575
808,3036.9660000000003,36201.037,33164.070999999996,91.61083147977224,1.0,2.95,1.9500000000000002
809,2899.739,36522.936,33623.197,92.06049864118262,1.0,3.675,2.675
810,3590.089,34550.619000000006,30960.530000000006,89.60919050393858,1.0,3.4,2.4
811,4367.807000000001,35289.301999999996,30921.494999999995,87.6228580548292,1.0,3.475,2.475
812,4955.539,36360.493,31404.954,86.37108963291558,1.0,3.425,2.425
813,3304.799,38338.53999999999,35033.740999999995,91.37995604423122,1.0,4.025,3.0250000000000004
814,3920.9120000000003,39336.587,35415.675,90.03240418392171,1.0,3.025,2.025
815,3805.2519999999995,37823.899,34018.647,89.93955646931057,1.0,3.65,2.65
816,3224.039,38073.132,34849.093,91.53198376219746,1.0,3.9,2.9
817,4815.415999999999,33950.437999999995,29135.021999999997,85.81633615448496,1.0,3.2,2.2
818,4270.027,38126.10800000001,33856.081000000006,88.80025467063147,1.0,3.425,2.425
819,4047.692,38034.524,33986.831999999995,89.3578476228597,1.0,3.775,2.775
820,3874.581,36292.457,32417.876000000004,89.32400470984922,1.0,3.625,2.625
821,3395.367,40951.369,37556.002,91.70878267830314,1.0,3.125,2.125
822,4377.983,36721.951,32343.968,88.07802178048765,1.0,3.25,2.25
823,3447.245,34209.802,30762.557000000004,89.92322434371296,1.0,3.075,2.075
824,3500.8510000000006,36336.631,32835.78,90.36550471616368,1.0,3.875,2.875
825,4358.527,33812.479,29453.951999999997,87.10970881490233,1.0,3.125,2.125
826,3499.1330000000003,38204.111000000004,34704.978,90.84095164523,1.0,3.25,2.25
827,4839.982,38937.457,34097.475000000006,87.56985593589228,1.0,3.475,2.475
828,2808.555,39683.448000000004,36874.893000000004,92.92260339877726,1.0,3.625,2.625
829,3803.13,36233.437000000005,32430.307000000004,89.50381107925257,1.0,3.475,2.475
830,2739.392,42742.882,40003.49,93.59099837956644,1.0,3.375,2.375
831,5040.441000000001,40199.976,35159.535,87.46158206661616,1.0,4.075,3.075
832,3807.4230000000002,40221.473,36414.049999999996,90.53385488890473,1.0,3.075,2.075
833,4466.133,34011.494,29545.360999999997,86.86875383951083,1.0,3.7,2.7
834,3747.692,36201.973,32454.281,89.64782389070342,1.0,3.275,2.275
835,3897.1440000000002,37490.225999999995,33593.081999999995,89.60490662286217,1.0,3.425,2.425
836,4796.655000000001,38344.813,33548.158,87.4907331012411,1.0,3.5,2.5
837,3695.616,37975.439,34279.823,90.2684047971111,1.0,3.25,2.25
838,3862.687,34337.087,30474.4,88.75068522848196,1.0,3.025,2.025
839,3529.867,37069.041000000005,33539.174000000006,90.47758748331256,1.0,3.675,2.675
840,4907.447,36693.229999999996,31785.782999999996,86.62574267787274,1.0,3.225,2.225
841,2817.6130000000003,36916.565,34098.952000000005,92.3676187099206,1.0,3.45,2.45
842,3695.367,39561.5,35866.133,90.65918380243419,1.0,3.2,2.2
843,5337.437,38052.342,32714.905,85.97343364568731,1.0,3.575,2.575
844,3535.454,37841.946,34306.492000000006,90.65731450491474,1.0,3.35,2.35
845,3360.625,35646.837,32286.212,90.5724454598875,1.0,3.075,2.075
846,2989.4,36445.869,33456.469,91.79769866373607,1.0,3.475,2.475
847,4115.379,36692.359,32576.979999999996,88.78409807338906,1.0,3.625,2.625
848,3511.07,36125.613,32614.542999999998,90.28094000785536,1.0,3.15,2.15
849,4677.136,37540.444,32863.308000000005,87.54107436768729,1.0,3.325,2.325
850,3889.3450000000003,36613.42,32724.074999999997,89.37726931818989,1.0,3.45,2.45
851,5016.117,36739.998,31723.881,86.34698619199708,1.0,3.45,2.45
852,3804.696,36329.258,32524.562,89.52718494828603,1.0,3.2,2.2
853,3092.23,34821.907,31729.677,91.11987175199796,1.0,3.7,2.7
854,3231.482,37630.221000000005,34398.739,91.4125351535937,1.0,3.05,2.05
855,2764.791,35967.09300000001,33202.30200000001,92.31299843999071,1.0,3.225,2.225
856,2281.401,36861.945999999996,34580.545,93.81095886798815,1.0,3.375,2.375
857,4754.983,35528.583,30773.6,86.61645751534756,1.0,4.025,3.0250000000000004
858,3961.9190000000003,33328.366,29366.447,88.11247152050599,1.0,3.65,2.65
859,4170.1900000000005,35395.797000000006,31225.607000000004,88.21840344490617,1.0,3.8,2.8
860,4443.073,36443.126000000004,32000.053000000004,87.80820009787305,1.0,3.075,2.075
861,4015.4280000000003,36293.393,32277.964999999997,88.93620114272589,1.0,3.325,2.325
862,3316.693,34306.559,30989.866,90.33218982993894,1.0,3.325,2.325
863,2692.1330000000003,36921.902,34229.769,92.7085744390958,1.0,3.725,2.725
864,4044.197,40728.034,36683.837,90.07023761569243,1.0,3.275,2.275
865,3971.599,32976.875,29005.275999999998,87.95641187953679,1.0,3.55,2.55
866,3453.073,32051.494,28598.421,89.22648348311002,1.0,2.7,1.7000000000000002
867,3979.853,37715.368,33735.515,89.44766228981247,1.0,3.55,2.55
868,3107.678,31820.308,28712.63,90.23366461443429,1.0,3.15,2.15
869,4338.919,39960.466,35621.547,89.14197096700524,1.0,3.125,2.125
870,3520.502,36311.210999999996,32790.708999999995,90.30464172621507,1.0,3.125,2.125
871,3485.3430000000003,40467.963,36982.62,91.38740193075692,1.0,3.35,2.35
872,2919.3900000000003,37091.26,34171.87,92.1291700524598,1.0,3.45,2.45
873,5084.155999999999,33654.666,28570.51,84.8931616198479,1.0,3.6,2.6
874,2798.173,39778.562000000005,36980.389,92.96562555479004,1.0,3.475,2.475
875,4386.756,38618.301,34231.545,88.64073279660852,1.0,3.35,2.35
876,3997.2899999999995,32547.380999999998,28550.090999999997,87.71855099493258,1.0,3.675,2.675
877,4831.421,30827.598,25996.177000000003,84.32761125274827,1.0,3.35,2.35
878,2609.2200000000003,37237.528,34628.308,92.99303648727702,1.0,3.475,2.475
879,4483.0869999999995,35827.098,31344.011,87.48688213597428,1.0,3.25,2.25
880,3691.3100000000004,35175.433999999994,31484.123999999993,89.50600012497357,1.0,3.45,2.45
881,3213.4530000000004,39544.618,36331.165,91.8738549958935,1.0,3.925,2.925
882,4146.568,39068.436,34921.868,89.38639877982318,1.0,3.225,2.225
883,4497.138,36675.412,32178.273999999998,87.73800277962795,1.0,3.55,2.55
884,3801.407,36964.911,33163.504,89.71617434707201,1.0,3.2,2.2
885,4243.635,39994.524,35750.888999999996,89.38945991706264,1.0,3.45,2.45
886,3362.8990000000003,35517.744999999995,32154.845999999994,90.53177784794613,1.0,3.45,2.45
887,3640.352,36595.602,32955.25,90.05248772789692,1.0,3.65,2.65
888,5047.4310000000005,39028.104999999996,33980.674,87.06718914484831,1.0,3.1,2.1
889,4245.514999999999,35186.108,30940.593,87.93411593007104,1.0,3.975,2.975
890,3931.373,35391.396,31460.023,88.89172667842772,1.0,3.8,2.8
891,3753.526,34715.412,30961.886,89.1877244608245,1.0,3.5,2.5
892,2683.281,37726.978,35043.697,92.88763335351163,1.0,3.775,2.775
893,2913.065,35478.350000000006,32565.285000000007,91.78917565219352,1.0,3.375,2.375
894,4946.21,33170.553,28224.343,85.0885512822171,1.0,3.0,2.0
895,3258.1400000000003,37244.672000000006,33986.53200000001,91.25206418786559,1.0,3.875,2.875
896,3787.259,35416.587,31629.328,89.30653876953191,1.0,3.175,2.175
897,3325.9190000000003,35308.763,31982.843999999997,90.58047148239092,1.0,3.15,2.15
898,3783.0200000000004,34797.816,31014.796,89.128570597649,1.0,4.075,3.075
899,3287.682,36835.819,33548.137,91.07476882759143,1.0,3.2,2.2
900,4376.308999999999,38621.995,34245.686,88.668868607124,1.0,3.075,2.075
901,4707.4169999999995,36802.697,32095.28,87.20904340244412,1.0,3.125,2.125
902,4414.304,34280.581,29866.277,87.12301871429776,1.0,3.85,2.85
903,3830.5260000000003,35777.816000000006,31947.290000000005,89.29357230748796,1.0,2.925,1.9249999999999998
904,4539.432000000001,36442.19,31902.758,87.54347090556303,1.0,2.9,1.9
905,4696.576,32341.928999999996,27645.352999999996,85.47836772506673,1.0,3.45,2.45
906,3832.5150000000003,34641.103,30808.588000000003,88.93650990270142,1.0,3.4,2.4
907,3831.1420000000003,36251.255000000005,32420.113000000005,89.43169829568659,1.0,3.425,2.425
908,3384.635,35742.887,32358.252,90.5306054320682,1.0,3.1,2.1
909,3162.905,40172.027,37009.122,92.12659844124869,1.0,3.475,2.475
910,3215.889,38419.286,35203.397,91.62949306241661,1.0,3.275,2.275
911,4362.329000000001,39112.381,34750.052,88.84668003208499,1.0,3.525,2.525
912,3590.1980000000003,36802.697,33212.498999999996,90.24474211767685,1.0,3.2,2.2
913,3498.862,36244.111000000004,32745.249000000003,90.34639861907498,1.0,3.15,2.15
914,4406.196,36026.113,31619.916999999998,87.76943824053403,1.0,3.35,2.35
915,3880.8920000000003,33999.72,30118.828,88.58551776308747,1.0,3.275,2.275
916,4904.478000000001,37647.332,32742.854,86.97257484275379,1.0,3.425,2.425
917,4158.380999999999,35438.099,31279.718,88.26578987772453,1.0,3.375,2.375
918,4544.251,35578.80100000001,31034.550000000007,87.2276443492292,1.0,4.275,3.2750000000000004
919,4181.177,35234.29000000001,31053.11300000001,88.1332162504197,1.0,3.5,2.5
920,5220.827000000001,39401.880000000005,34181.053,86.74980229369766,1.0,3.225,2.225
921,3774.955,38628.268000000004,34853.313,90.22748055905588,1.0,3.15,2.15
922,4857.71,35228.246,30370.536,86.2107525875685,1.0,3.6,2.6
923,4230.629,37436.543,33205.914,88.69919960291205,1.0,3.6,2.6
924,4231.476000000001,38024.721,33793.244999999995,88.87177633729382,1.0,3.35,2.35
925,4103.469,34792.479,30689.01,88.20587345903118,1.0,3.475,2.475
926,5011.878000000001,35833.371,30821.493,86.0133784231464,1.0,3.225,2.225
927,3251.9610000000002,38810.172000000006,35558.211,91.62085393489109,1.0,3.45,2.45
928,5452.147000000001,36256.592,30804.444999999996,84.96232905729254,1.0,3.475,2.475
929,2940.461,37073.442,34132.981,92.06855139050751,1.0,3.25,2.25
930,3006.4629999999997,36536.353,33529.89,91.7713106176744,1.0,3.125,2.125
931,5050.817000000001,36784.65,31733.833,86.26922643004622,1.0,3.275,2.275
932,3618.367,37888.485,34270.118,90.449955969472,1.0,3.925,2.925
933,4106.964,35408.278,31301.314,88.40111908294439,1.0,3.4,2.4
934,5064.597,35602.185,30537.587999999996,85.77447704403536,1.0,3.7,2.7
935,4703.9220000000005,38610.221,33906.299,87.81689957174812,1.0,3.225,2.225
936,3498.62,37285.873999999996,33787.25399999999,90.6167681626559,1.0,3.375,2.375
937,5280.2080000000005,36947.8,31667.592000000004,85.70900567828126,1.0,3.575,2.575
938,3210.465,37115.58,33905.115000000005,91.35008802233456,1.0,3.6,2.6
939,2627.249,37363.877,34736.628,92.96847861906835,1.0,3.3,2.3
940,3465.583,36199.23,32733.647000000004,90.42636266020023,1.0,3.325,2.325
941,3757.686,34608.768000000004,30851.082000000002,89.1423872701854,1.0,3.7,2.7
942,4009.5879999999997,36312.311,32302.723,88.9580478642629,1.0,3.55,2.55
943,4156.362,41315.341,37158.979,89.9399063413273,1.0,3.5,2.5
944,4642.721,36730.967000000004,32088.246000000006,87.36019936529306,1.0,3.45,2.45
945,3007.3280000000004,38162.909,35155.581,92.11976214915902,1.0,3.325,2.325
946,3835.6360000000004,37562.185,33726.549,89.7885706063159,1.0,3.45,2.45
947,3347.9039999999995,33752.523,30404.619000000002,90.08102594286062,1.0,2.925,1.9249999999999998
948,3533.362,34073.486,30540.123999999996,89.63017168246301,1.0,3.75,2.75
949,4008.373,36935.319,32926.946,89.14758797670058,1.0,3.325,2.325
950,3431.4820000000004,35132.36,31700.878,90.23270284148289,1.0,3.775,2.775
951,3551.1440000000002,37745.896,34194.752,90.59197323067917,1.0,3.575,2.575
952,3321.167,36820.515,33499.348,90.9801180130153,1.0,3.4,2.4
953,4643.936,38398.725,33754.789,87.90601510857456,1.0,3.725,2.725
954,2876.473,41587.022000000004,38710.549000000006,93.08324361383703,1.0,3.3,2.3
955,3455.2439999999997,38273.247,34818.003000000004,90.97216914990256,1.0,3.475,2.475
956,4802.863,39598.301,34795.438,87.87103769931947,1.0,3.25,2.25
957,3166.297,36238.545,33072.248,91.26262657620498,1.0,3.025,2.025
958,2839.9049999999997,38264.066999999995,35424.162,92.57814126240162,1.0,3.675,2.675
959,4240.549999999999,37987.049,33746.498999999996,88.83685331808742,1.0,2.95,1.9500000000000002
960,5296.364,33429.753,28133.388999999996,84.15673606682047,1.0,3.25,2.25
961,4182.537,39676.304000000004,35493.76700000001,89.45835025359217,1.0,3.075,2.075
962,3669.273,37050.058000000005,33380.785,90.096444653339,1.0,3.6,2.6
963,3837.91,37570.972,33733.062000000005,89.78490628349995,1.0,3.175,2.175
964,2679.376,34942.212,32262.836,92.33197944079785,1.0,3.45,2.45
965,4496.473,35310.649999999994,30814.176999999996,87.26595800417155,1.0,3.775,2.775
966,3647.239,36159.83500000001,32512.596000000005,89.9135629352291,1.0,3.1,2.1
967,4365.927,38113.627,33747.7,88.54497106769712,1.0,3.05,2.05
968,4106.093,37193.583,33087.49,88.96021122783465,1.0,4.325,3.325
969,3952.3590000000004,36820.515,32868.156,89.26587800306433,1.0,3.275,2.275
970,4260.649,38195.08,33934.431000000004,88.84503187321509,1.0,3.375,2.375
971,3394.9139999999998,35495.461,32100.547000000002,90.4356390807264,1.0,3.25,2.25
972,3508.294,36502.375,32994.081,90.38886099877062,1.0,3.75,2.75
973,4298.088,34424.74800000001,30126.660000000007,87.51454041145051,1.0,3.425,2.425
974,5908.377,35723.197,29814.82,83.46067122715807,1.0,3.625,2.625
975,3763.309,35567.027,31803.718,89.41910719723636,1.0,3.55,2.55
976,3816.1960000000004,39160.727,35344.530999999995,90.25504301797052,1.0,3.375,2.375
977,3347.904,36643.948000000004,33296.044,90.86369187075584,1.0,2.575,1.5750000000000002
978,5050.72,32402.049,27351.328999999998,84.41234379961587,1.0,3.4,2.4
979,2892.442,38682.887,35790.445,92.52268322165303,1.0,3.0,2.0
980,4041.706,40141.663,36099.957,89.93139372427098,1.0,2.875,1.875
981,2729.523,34866.952000000005,32137.429000000004,92.17160421708212,1.0,3.375,2.375
982,5269.766,39220.912,33951.14599999999,86.5638871426549,1.0,3.15,2.15
983,3855.7570000000005,33220.771,29365.014,88.3935354781501,1.0,3.325,2.325
984,2424.112,37550.41100000001,35126.299000000006,93.54437958082535,1.0,3.3,2.3
985,2904.352,35082.914000000004,32178.562000000005,91.72146304608563,1.0,3.95,2.95
986,3897.1440000000002,37236.592000000004,33339.448000000004,89.53410129476941,1.0,3.225,2.225
987,2230.443,33067.359,30836.915999999997,93.25484989593514,1.0,3.825,2.825
988,4502.652,37189.117,32686.464999999997,87.89255469550406,1.0,3.55,2.55
989,3991.8660000000004,32714.932,28723.066,87.79803057515143,1.0,3.925,2.925
990,2017.334,37055.623999999996,35038.28999999999,94.55593029549306,1.0,3.0,2.0
991,3384.4289999999996,37774.617,34390.188,91.04046772995741,1.0,3.25,2.25
992,4321.65,38114.334,33792.684,88.66135244551302,1.0,3.575,2.575
993,4058.0310000000004,35371.706,31313.675,88.527465992169,1.0,3.6,2.6
994,4148.49,37317.338,33168.848000000005,88.88321026542675,1.0,3.55,2.55
995,4366.030000000001,35675.558,31309.528,87.76184523869256,1.0,3.45,2.45
996,2998.4579999999996,32364.377,29365.919,90.73531370617764,1.0,3.625,2.625
997,5047.987,39535.602,34487.615,87.23179426988364,1.0,3.2,2.2
998,2877.797,34264.421,31386.624000000003,91.60120931271537,1.0,3.625,2.625
999,2866.6710000000003,39742.697,36876.026,92.78692384666294,1.0,3.075,2.075
1000,4875.812,37007.049,32131.237,86.8246398138906,1.0,3.9,2.9
1001,3402.919,34974.383,31571.464,90.27025294484822,1.0,3.325,2.325
1002,3385.796,41311.811,37926.015,91.80429054538422,1.0,3.65,2.65
1003,4015.737,36450.27,32434.532999999996,88.98297049651484,1.0,2.9,1.9
1004,3676.0789999999997,37751.233,34075.154,90.2623604373399,1.0,3.4,2.4
1005,3783.3050000000003,38204.111000000004,34420.806000000004,90.09712593495502,1.0,3.175,2.175
1006,3914.207,40208.056,36293.848999999995,90.2651175177432,1.0,3.35,2.35
1007,3540.455,38666.647,35126.191999999995,90.84364620495798,1.0,3.825,2.825
1008,3811.1730000000002,36529.209,32718.036000000004,89.56677928613237,1.0,3.4,2.4
1009,3635.454,37589.019,33953.565,90.3284147958211,1.0,4.3,3.3
1010,4066.079,33757.86,29691.781,87.95516362707825,1.0,3.45,2.45
1011,3460.215,40074.334,36614.119000000006,91.36550840745102,1.0,2.85,1.85
1012,4292.525000000001,34328.056,30035.530999999995,87.49557796107067,1.0,3.25,2.25
1013,4140.907999999999,39566.837,35425.929000000004,89.53439720238443,1.0,3.075,2.075
1014,3625.357,37885.891,34260.534,90.43085194960835,1.0,3.425,2.425
1015,3433.071,38253.393,34820.322,91.02544707602802,1.0,3.075,2.075
1016,4359.246,36486.134999999995,32126.888999999996,88.05232179292216,1.0,3.775,2.775
1017,4259.99,33419.786,29159.796000000002,87.25309013049934,1.0,3.875,2.875
1018,4073.691,34094.834,30021.143000000004,88.05188199479136,1.0,3.45,2.45
1019,5248.755000000001,38822.653000000006,33573.898,86.48017434563268,1.0,3.275,2.275
1020,2673.002,33522.98,30849.978000000003,92.02635923178667,1.0,3.3,2.3
1021,4032.7999999999997,33194.644,29161.844,87.85105211551598,1.0,2.725,1.725
1022,3026.5840000000003,37699.357,34672.773,91.97178880265781,1.0,3.95,2.95
1023,4444.148,36323.921,31879.773,87.76523052123146,1.0,2.85,1.85
1024,4927.823,35048.149000000005,30120.326000000005,85.93984806444415,1.0,3.425,2.425
1025,2741.4169999999995,35324.066999999995,32582.649999999994,92.23923734489576,1.0,4.175,3.175
1026,3562.7960000000003,36947.093,33384.297,90.35703296061749,1.0,3.375,2.375
1027,3007.684,35913.181,32905.496999999996,91.62512504809864,1.0,3.5,2.5
1028,3966.6949999999997,36565.074,32598.379,89.15168337960974,1.0,3.65,2.65
1029,3385.088,35361.739,31976.651,90.42725811646311,1.0,3.6,2.6
1030,4186.097,38477.598999999995,34291.50199999999,89.12069071669467,1.0,3.65,2.65
1031,4101.589,33442.234,29340.644999999997,87.73530201361548,1.0,3.025,2.025
1032,4103.621,36032.386,31928.765,88.61129818047576,1.0,3.7,2.7
1033,1649.786,38343.877,36694.091,95.69739387595052,1.0,3.575,2.575
1034,3093.348,37601.5,34508.152,91.77333882956798,1.0,3.875,2.875
1035,3071.013,35413.844,32342.831,91.3282133393935,1.0,3.875,2.875
1036,3510.9179999999997,38049.041,34538.123,90.77265048546165,1.0,3.325,2.325
1037,3457.233,34288.512,30831.279000000002,89.91722650431726,1.0,3.45,2.45
1038,2681.547,35747.288,33065.741,92.49860017352925,1.0,2.825,1.8250000000000002
1039,3444.9649999999997,39639.503,36194.538,91.30926288354323,1.0,3.325,2.325
1040,4274.138000000001,35772.479,31498.341,88.05188200683548,1.0,2.775,1.775
1041,3406.063,38356.587,34950.524,91.12000502025896,1.0,3.85,2.85
1042,3896.376,36251.255000000005,32354.879000000004,89.251748663598,1.0,3.575,2.575
1043,2575.567,36522.936,33947.369,92.94808336328711,1.0,3.5,2.5
1044,4912.8279999999995,35371.706000000006,30458.878000000004,86.11085368627683,1.0,3.35,2.35
1045,3919.026,36032.386,32113.36,89.12360119587973,1.0,3.825,2.825
1046,3724.866,39414.59,35689.723999999995,90.54952493480206,1.0,3.125,2.125
1047,2575.8379999999997,38768.034,36192.195999999996,93.35576831159402,1.0,3.075,2.075
1048,2793.4570000000003,36618.05,33824.593,92.37136603396412,1.0,3.475,2.475
1049,3278.353,37035.770000000004,33757.417,91.1481440780089,1.0,3.25,2.25
1050,4582.802,37148.144,32565.342,87.66344288963668,1.0,3.375,2.375
1051,3891.098,35919.618,32028.520000000004,89.1672066222976,1.0,3.7,2.7
1052,3909.0319999999997,34007.093,30098.061,88.50524506755106,1.0,3.575,2.575
1053,3521.0640000000003,35961.756,32440.692000000003,90.20886521781641,1.0,3.375,2.375
1054,3600.132,39639.503,36039.371,90.91781751148595,1.0,3.25,2.25
1055,4487.144,34795.221999999994,30308.077999999994,87.10413745887294,1.0,3.625,2.625
1056,4538.314,34138.778999999995,29600.464999999997,86.70627909685933,1.0,3.775,2.775
1057,2945.2260000000006,35490.123999999996,32544.897999999994,91.70128005188147,1.0,3.1,2.1
1058,3634.173,39966.03200000001,36331.859000000004,90.90684559327781,1.0,3.3,2.3
1059,3304.593,33333.703,30029.11,90.08633094258984,1.0,3.475,2.475
1060,2970.554,37001.712,34031.157999999996,91.97184714047825,1.0,3.85,2.85
1061,3784.4230000000002,36808.034,33023.611,89.71848645868997,1.0,3.625,2.625
1062,3087.2650000000003,34313.703,31226.438000000002,91.00282181727806,1.0,3.275,2.275
1063,3529.4569999999994,36941.755999999994,33412.29899999999,90.44588730432847,1.0,3.3,2.3
1064,3097.0110000000004,37545.074,34448.063,91.75121881501686,1.0,3.45,2.45
1065,3721.862,35796.57,32074.708,89.60274126822765,1.0,3.1,2.1
1066,2773.849,36111.488999999994,33337.63999999999,92.31865238234845,1.0,3.275,2.275
1067,4078.751,37461.734000000004,33382.98300000001,89.11222048610992,1.0,3.65,2.65
1068,4884.973,37831.043,32946.07,87.08739539642087,1.0,3.425,2.425
1069,2877.694,38173.583,35295.888999999996,92.46155646432244,1.0,2.85,1.85
1070,2919.2870000000003,38089.307,35170.020000000004,92.33567835718304,1.0,3.525,2.525
1071,4576.870999999999,33672.713,29095.842000000004,86.407774746276,1.0,3.675,2.675
1072,3539.1310000000003,32832.479,29293.347999999998,89.22064032996107,1.0,3.2,2.2
1073,3028.858,34380.803,31351.945,91.19026393886146,1.0,3.275,2.275
1074,4034.5830000000005,37713.561,33678.978,89.30203647435998,1.0,3.2,2.2
1075,3899.4179999999997,37303.921,33404.503000000004,89.54689508376346,1.0,3.25,2.25
1076,4955.8240000000005,41031.179000000004,36075.355,87.92180941230082,1.0,4.125,3.125
1077,4082.911,39694.121999999996,35611.210999999996,89.71406648067439,1.0,3.325,2.325
1078,3783.099,37345.123,33562.024,89.86989813904214,1.0,3.15,2.15
1079,3996.2079999999996,34646.276,30650.068,88.46569253214977,1.0,3.65,2.65
1080,2488.456,36123.099,33634.643000000004,93.11117797506799,1.0,3.425,2.425
1081,3711.021,36075.623999999996,32364.602999999996,89.71321743457577,1.0,3.1,2.1
1082,2959.4040000000005,35155.58,32196.176,91.58197930456559,1.0,3.525,2.525
1083,3860.758,40927.985,37067.227,90.56694826290617,1.0,3.7,2.7
1084,2880.342,37286.81,34406.468,92.27517183690426,1.0,3.825,2.825
1085,3133.4709999999995,35312.456999999995,32178.985999999997,91.12644299998723,1.0,3.45,2.45
1086,3767.3,34424.977,30657.677,89.0564923253253,1.0,3.075,2.075
1087,4159.808,36058.448000000004,31898.640000000003,88.4637075894115,1.0,3.825,2.825
1088,3545.527,35940.966,32395.439,90.13513715797177,1.0,3.025,2.025
1089,3691.2070000000003,37575.602,33884.395,90.17658586015467,1.0,3.375,2.375
1090,2450.002,37001.712,34551.71,93.3786793432693,1.0,3.575,2.575
1091,3548.46,42193.083,38644.623,91.58994852307902,1.0,3.725,2.725
1092,3493.245,35167.354,31674.109,90.06679604044137,1.0,3.075,2.075
1093,5597.059,35013.941999999995,29416.882999999994,84.01477045915023,1.0,3.35,2.35
1094,4681.581,38670.341,33988.76,87.89361335086237,1.0,3.475,2.475
1095,2866.962,35783.153,32916.191,91.98795589645216,1.0,3.3,2.3
1096,2578.5650000000005,34532.408,31953.843,92.53291285102388,1.0,3.275,2.275
1097,4159.808,37896.565,33736.757000000005,89.02325844044178,1.0,3.55,2.55
1098,3038.852,36487.070999999996,33448.219,91.67142794224289,1.0,3.425,2.425
1099,4290.601,38574.356,34283.755,88.87706381928967,1.0,3.45,2.45
1100,3774.1440000000002,34380.096,30605.951999999997,89.02229941417266,1.0,3.775,2.775
1101,2675.0699999999997,38173.583,35498.513,92.9923528530188,1.0,3.2,2.2
1102,2864.9730000000004,37436.543,34571.57,92.34712190172047,1.0,2.85,1.85
1103,3832.8,38212.898,34380.098,89.96987875664388,1.0,3.325,2.325
1104,4087.15,36734.66099999999,32647.51099999999,88.87385948654868,1.0,2.95,1.9500000000000002
1105,3440.352,38127.043999999994,34686.691999999995,90.97660967370038,1.0,2.7,1.7000000000000002
1106,4958.369000000001,37355.797000000006,32397.428000000007,86.72664111543385,1.0,3.425,2.425
1107,3756.525,37133.627,33377.102,89.88376492282856,1.0,3.375,2.375
1108,3407.635,34966.303,31558.667999999998,90.2545173277255,1.0,3.1,2.1
1109,3929.4080000000004,38627.332,34697.924,89.82738957999999,1.0,3.525,2.525
1110,5309.326999999999,37020.466,31711.139000000003,85.65840041019473,1.0,3.55,2.55
1111,5514.7080000000005,37268.056,31753.347999999998,85.2025874384218,1.0,3.3,2.3
1112,4374.531999999999,37375.651,33001.119,88.29577042015937,1.0,3.675,2.675
1113,3350.075,32613.773999999998,29263.698999999997,89.7280363811928,1.0,3.525,2.525
1114,2788.741,38803.899000000005,36015.158,92.81324539062427,1.0,3.85,2.85
1115,3723.0829999999996,36639.547,32916.464,89.83862164016384,1.0,3.2,2.2
1116,4009.032,39931.038,35922.006,89.96011072890217,1.0,3.225,2.225
1117,5848.9310000000005,36105.051999999996,30256.120999999996,83.80024213785926,1.0,3.425,2.425
1118,4097.803,35628.083,31530.28,88.49839044104618,1.0,3.6,2.6
1119,4596.370000000001,38134.187999999995,33537.81799999999,87.94685231005836,1.0,3.925,2.925
1120,4946.978000000001,33902.963,28955.985,85.40841990713318,1.0,3.275,2.275
1121,4123.077,34604.138000000006,30481.061000000005,88.08501746236244,1.0,3.575,2.575
1122,3929.3050000000003,36329.258,32399.953,89.1841859252947,1.0,3.825,2.825
1123,3665.626,33843.007,30177.380999999998,89.16873432671039,1.0,4.0,3.0
1124,4232.032,36415.341,32183.309,88.37843643974117,1.0,3.625,2.625
1125,1943.3519999999999,34852.435,32909.083,94.4240567409422,1.0,3.125,2.125
1126,3502.072,35162.01700000001,31659.945000000007,90.04018455482802,1.0,3.4,2.4
1127,3601.1360000000004,33073.632,29472.496,89.1117612967333,1.0,2.9,1.9
1128,3433.362,33070.102,29636.739999999998,89.61792739556714,1.0,3.6,2.6
1129,3524.559,34367.615000000005,30843.056000000004,89.7445342075672,1.0,2.975,1.975
1130,3608.796,35410.314,31801.518,89.80863033295893,1.0,3.75,2.75
1131,3535.7389999999996,37817.626,34281.886999999995,90.65055273432552,1.0,3.55,2.55
1132,3143.6710000000003,36062.914,32919.242999999995,91.28281480525949,1.0,3.6,2.6
1133,3866.5919999999996,32779.667,28913.075,88.20429749942244,1.0,2.7,1.7000000000000002
1134,4471.49,37353.203,32881.713,88.02916579871344,1.0,3.375,2.375
1135,5258.67,37436.543000000005,32177.873000000007,85.95311004010173,1.0,3.625,2.625
1136,3079.509,34652.713,31573.204000000005,91.11322394872806,1.0,3.875,2.875
1137,2137.892,38884.645000000004,36746.753000000004,94.5019634356955,1.0,4.2,3.2
1138,3913.295,38889.982,34976.687000000005,89.93752427038922,1.0,3.475,2.475
1139,4536.699,34520.797999999995,29984.098999999995,86.85807031459701,1.0,2.9,1.9
1140,4405.911,38119.835,33713.924,88.4419462990855,1.0,2.925,1.9249999999999998
1141,3337.625,36711.277,33373.652,90.90844755958776,1.0,3.225,2.225
1142,4226.578,41655.058000000005,37428.48,89.85338587213107,1.0,3.425,2.425
1143,4297.138,37110.243,32813.105,88.42061476126686,1.0,3.475,2.475
1144,4218.361000000001,39856.565,35638.204,89.41614511937995,1.0,2.925,1.9249999999999998
1145,4270.795,35205.962,30935.167,87.86911432785163,1.0,3.15,2.15
1146,4373.267000000001,38248.056000000004,33874.789000000004,88.56604110807619,1.0,3.025,2.025
1147,3177.2349999999997,36915.629,33738.394,91.39325243516777,1.0,3.15,2.15
1148,3964.7059999999997,38416.543,34451.837,89.67969085609812,1.0,3.55,2.55
1149,3639.0280000000002,39070.243,35431.215000000004,90.68593456150248,1.0,3.1,2.1
1150,3175.0640000000003,35233.583,32058.519,90.98852932442324,1.0,3.775,2.775
1151,3193.348,37860.7,34667.352,91.56553365363028,1.0,3.15,2.15
1152,2893.5109999999995,36970.248,34076.737,92.1734065727663,1.0,3.6,2.6
1153,3757.0209999999997,36341.032,32584.011,89.66176579685464,1.0,2.925,1.9249999999999998
1154,4532.195,38375.341,33843.146,88.1898248148466,1.0,3.125,2.125
1155,3417.504,35415.651,31998.146999999997,90.35030021049168,1.0,3.05,2.05
1156,3622.6240000000003,36401.924,32779.299999999996,90.04826228415837,1.0,3.35,2.35
1157,3826.0220000000004,38657.695999999996,34831.674,90.10281937133554,1.0,3.475,2.475
1158,4244.995,36596.308999999994,32351.313999999995,88.40048322906007,1.0,3.025,2.025
1159,3573.178,41816.565,38243.387,91.45511354172683,1.0,3.725,2.725
1160,3251.399,36013.632,32762.232999999997,90.97175480662433,1.0,2.9,1.9
1161,3511.4800000000005,35319.600999999995,31808.120999999996,90.05798508312706,1.0,3.75,2.75
1162,3754.4759999999997,36674.312,32919.835999999996,89.76265457958692,1.0,3.625,2.625
1163,2654.241,34490.270000000004,31836.029000000002,92.30437743746279,1.0,3.175,2.175
1164,2866.1940000000004,36861.945999999996,33995.75199999999,92.22451793510847,1.0,3.35,2.35
1165,5037.152,37660.749,32623.597,86.62492878195279,1.0,2.75,1.75
1166,4236.04,35144.906,30908.866,87.9469303460365,1.0,3.15,2.15
1167,4275.644,31211.504,26935.86,86.30106386414445,1.0,3.225,2.225
1168,3626.621,40940.466,37313.845,91.14172027255381,1.0,3.525,2.525
1169,3914.4130000000005,37655.412,33740.998999999996,89.60464700266724,1.0,3.3,2.3
1170,3519.026,36654.850999999995,33135.825,90.39956266634394,1.0,3.8,2.8
1171,5871.888,34391.706000000006,28519.818000000007,82.92644162519882,1.0,3.375,2.375
1172,4915.476000000001,38126.108,33210.632,87.10732288750795,1.0,3.325,2.325
1173,3337.9750000000004,34508.316999999995,31170.341999999997,90.3270420287376,1.0,3.95,2.95
1174,3971.308,36147.354,32176.046,89.0135582261429,1.0,2.875,1.875
1175,2810.617,39662.887,36852.270000000004,92.91373570461475,1.0,2.9,1.9
1176,3521.965,31662.495,28140.53,88.8765398936502,1.0,3.25,2.25
1177,2936.513,39513.153999999995,36576.640999999996,92.56826473533344,1.0,3.075,2.075
1178,4867.989,37885.662,33017.672999999995,87.15084086428263,1.0,3.3,2.3
1179,3964.815,36993.632000000005,33028.817,89.28243920467176,1.0,3.225,2.225
1180,3963.968,34058.969,30095.000999999997,88.36145627308917,1.0,3.6,2.6
1181,2228.375,36115.89,33887.515,93.82993192193241,1.0,3.225,2.225
1182,3889.0359999999996,37146.10800000001,33257.07200000001,89.53043479009968,1.0,3.75,2.75
1183,2285.7070000000003,37018.823000000004,34733.116,93.82555463743404,1.0,3.125,2.125
1184,4840.544000000001,31401.488,26560.944,84.58498527203551,1.0,3.425,2.425
1185,4773.085000000001,36359.079000000005,31585.994000000006,86.87237099707615,1.0,3.3,2.3
1186,4986.647,38447.070999999996,33460.424,87.0298390220675,1.0,3.5,2.5
1187,3179.303,37823.899,34644.596,91.59445989425892,1.0,3.4,2.4
1188,3592.121,36947.093,33354.972,90.27766271083898,1.0,3.425,2.425
1189,3439.1310000000003,36735.368,33296.237,90.63809296806282,1.0,3.8,2.8
1190,4152.5470000000005,35131.489,30978.942000000003,88.17998576718455,1.0,3.3,2.3
1191,3156.6770000000006,35853.225,32696.548,91.19555632722022,1.0,3.325,2.325
1192,4259.246,37877.811,33618.565,88.75530056369942,1.0,3.075,2.075
1193,3802.9129999999996,37436.543,33633.63,89.84170894198216,1.0,3.275,2.275
1194,4002.913,36903.854999999996,32900.941999999995,89.15313047918706,1.0,3.1,2.1
1195,3675.862,37370.314,33694.452,90.16368446890759,1.0,3.05,2.05
1196,4277.077,36182.990000000005,31905.913000000004,88.17931575030146,1.0,3.225,2.225
1197,3277.748,36225.357,32947.609000000004,90.95178551311449,1.0,3.175,2.175
1198,4444.704,34259.791,29815.087,87.02647076860451,1.0,3.35,2.35
1199,4058.0739999999996,37514.71,33456.636,89.18271259460622,1.0,3.475,2.475
1200,2960.669,36184.155,33223.486,91.8177749349128,1.0,3.25,2.25
1201,3286.5640000000003,38901.755999999994,35615.191999999995,91.55163072844321,1.0,3.225,2.225
1202,2928.0600000000004,36310.504,33382.444,91.93605244366755,1.0,3.425,2.425
1203,2808.349,36208.246,33399.897,92.24389659747672,1.0,3.475,2.475
1204,4030.732,35767.14199999999,31736.409999999993,88.7306287989127,1.0,3.075,2.075
1205,3115.393,38633.604999999996,35518.212,91.93605411661687,1.0,3.225,2.225
1206,2769.1330000000003,34960.966,32191.833,92.07935787586648,1.0,3.275,2.275
1207,3749.3230000000003,36491.472,32742.149,89.72548161389598,1.0,2.925,1.9249999999999998
1208,3954.5789999999997,37860.7,33906.121,89.55492370716865,1.0,3.45,2.45
1209,4019.414,38833.556,34814.142,89.64963703040742,1.0,3.525,2.525
1210,2295.84,37061.668,34765.827999999994,93.80535166415068,1.0,3.925,2.925
1211,3615.0780000000004,32079.279000000002,28464.201,88.73080033999517,1.0,3.3,2.3
1212,4082.143,35167.35400000001,31085.211000000007,88.39223730053732,1.0,3.225,2.225
1213,4531.215,35936.565,31405.350000000002,87.39107368776064,1.0,3.425,2.425
1214,2851.4049999999997,39470.08,36618.675,92.77578104731484,1.0,3.2,2.2
1215,4738.585000000001,38005.967000000004,33267.382000000005,87.53199727821686,1.0,3.425,2.425
1216,4415.072,37259.975999999995,32844.903999999995,88.150631122253,1.0,3.35,2.35
1217,4943.629,35396.897,30453.267999999996,86.03372210846616,1.0,3.7,2.7
1218,4890.142,37024.16,32134.018000000004,86.79202445106114,1.0,3.375,2.375
1219,3069.7920000000004,37697.55,34627.758,91.85678644898674,1.0,3.0,2.0
1220,3110.4710000000005,38149.492,35039.021,91.84662537577172,1.0,3.925,2.925
1221,2669.798,31337.838000000003,28668.040000000005,91.48059288582704,1.0,3.1,2.1
1222,4302.248,38483.872,34181.624,88.82064673741769,1.0,3.65,2.65
1223,3617.249,33744.443,30127.194,89.28046019310499,1.0,3.2,2.2
1224,3328.2960000000003,40212.457,36884.161,91.72322148830648,1.0,3.475,2.475
1225,3276.9800000000005,37486.925,34209.945,91.25833874077428,1.0,3.4,2.4
1226,4276.762,36310.504,32033.742000000002,88.22169474706273,1.0,3.625,2.625
1227,3542.0699999999997,38640.748999999996,35098.679,90.83332986117841,1.0,3.425,2.425
1228,3902.006,40509.16500000001,36607.15900000001,90.36759706106014,1.0,3.775,2.775
1229,2849.4159999999997,35967.093,33117.677,92.07771392589332,1.0,3.525,2.525
1230,3055.806,39610.782,36554.976,92.2854186519216,1.0,3.575,2.575
1231,4365.262,37818.562000000005,33453.3,88.45735594071503,1.0,3.35,2.35
1232,4089.1980000000003,38035.623999999996,33946.42599999999,89.24903138173833,1.0,3.225,2.225
1233,5043.374,37484.182,32440.808,86.54532730632884,1.0,3.725,2.725
1234,4253.206,33289.758,29036.552000000003,87.22368002795335,1.0,3.5,2.5
1235,3853.073,36249.448000000004,32396.375000000004,89.37067124442834,1.0,3.325,2.325
1236,3158.563,36026.342000000004,32867.779,91.23262916895642,1.0,3.325,2.325
1237,3901.589,35894.426999999996,31992.837999999996,89.13037670165343,1.0,3.725,2.725
1238,5200.269,36510.455,31310.186,85.75676747934257,1.0,3.925,2.925
1239,3605.8520000000003,36843.899000000005,33238.047000000006,90.2131639216577,1.0,3.225,2.225
1240,4652.256,34276.902,29624.646,86.427431510584,1.0,3.35,2.35
1241,4842.262000000001,36782.843,31940.581,86.83554177690941,1.0,3.225,2.225
1242,5067.983,34979.013,29911.03,85.51136076938477,1.0,3.025,2.025
1243,2965.735,34120.025,31154.29,91.3079342702709,1.0,3.275,2.275
1244,4811.607,37151.44500000001,32339.838000000007,87.0486679589448,1.0,3.4,2.4
1245,3313.9660000000003,39085.467000000004,35771.501000000004,91.52123217563192,1.0,2.825,1.8250000000000002
1246,4241.318,33988.11,29746.792,87.52117137434239,1.0,2.85,1.85
1247,3974.187,37762.843,33788.656,89.47593273101816,1.0,4.1,3.0999999999999996
1248,4427.164,40099.524999999994,35672.361,88.95955999478798,1.0,3.85,2.85
1249,3300.742,37385.454,34084.712,91.17105278432624,1.0,3.65,2.65
1250,4896.3640000000005,38998.513000000006,34102.149000000005,87.44474180336054,1.0,3.45,2.45
1251,4839.323,34163.969999999994,29324.646999999994,85.8350098071155,1.0,3.225,2.225
1252,3486.0020000000004,31857.816,28371.814,89.05762403800688,1.0,3.35,2.35
1253,2603.7360000000003,37901.902,35298.166000000005,93.13032892122408,1.0,3.225,2.225
1254,3171.224,32602.0,29430.775999999998,90.27291577203852,1.0,3.3,2.3
1255,4791.049000000001,38380.678,33589.629,87.51702875076882,1.0,3.325,2.325
1256,3355.244,36339.932,32984.688,90.76706032361315,1.0,3.525,2.525
1257,3681.696,35341.178,31659.482,89.58241856001517,1.0,2.475,1.475
1258,1729.499,35064.16,33334.661,95.06761605012069,1.0,3.725,2.725
1259,5147.987,36366.059,31218.072,85.84397885951843,1.0,3.4,2.4
1260,3061.6839999999997,36100.585999999996,33038.901999999995,91.51901855554367,1.0,3.35,2.35
1261,3355.098,33026.157,29671.059,89.84108868615867,1.0,3.05,2.05
1262,4281.836,39324.813,35042.977,89.11161764456452,1.0,3.475,2.475
1263,3799.98,37956.521,34156.541,89.98859774319146,1.0,3.225,2.225
1264,4533.204000000001,36960.51,32427.306,87.73500690331383,1.0,3.3,2.3
1265,2756.477,39172.337,36415.86,92.96320513121287,1.0,3.325,2.325
1266,3831.337,38531.511,34700.174,90.05661366355449,1.0,2.825,1.8250000000000002
1267,4101.238,39493.3,35392.062000000005,89.61535754165897,1.0,3.1,2.1
1268,3854.688,35886.346999999994,32031.658999999992,89.25862250621385,1.0,2.85,1.85
1269,4100.742,36650.221,32549.479,88.81113977457325,1.0,3.925,2.925
1270,3938.9790000000003,38696.304000000004,34757.325000000004,89.82078753567782,1.0,3.95,2.95
1271,4293.0869999999995,33680.564,29387.477,87.25351808241692,1.0,2.9,1.9
1272,3502.357,33122.914,29620.556999999997,89.42618092115929,1.0,3.4,2.4
1273,3664.9669999999996,38351.957,34686.990000000005,90.44385922731402,1.0,3.175,2.175
1274,4053.0240000000003,41998.469,37945.445,90.34959107676045,1.0,3.675,2.675
1275,3644.965,36817.065,33172.100000000006,90.09979475550266,1.0,3.575,2.575
1276,4089.285,33601.69,29512.405000000002,87.830121044507,1.0,3.75,2.75
1277,4663.75,38580.793000000005,33917.043000000005,87.91173110412738,1.0,3.625,2.625
1278,3704.696,34500.236999999994,30795.540999999994,89.26182449123465,1.0,3.225,2.225
1279,3174.858,35105.361999999994,31930.503999999994,90.95620207534108,1.0,3.225,2.225
1280,3039.4080000000004,36832.289000000004,33792.881,91.74797960561179,1.0,3.35,2.35
1281,3488.933,41181.619,37692.686,91.52793628633202,1.0,3.175,2.175
1282,3086.5640000000003,38754.617,35668.053,92.03562249112152,1.0,3.45,2.45
1283,1595.4360000000001,37242.865000000005,35647.429000000004,95.71612978754453,1.0,3.5,2.5
1284,2541.894,43451.037,40909.143,94.14998081633816,1.0,3.475,2.475
1285,2895.066,37351.396,34456.33,92.24910897573949,1.0,3.35,2.35
1286,2961.393,36444.933000000005,33483.54000000001,91.87433545288725,1.0,3.2,2.2
1287,4056.853,37751.233,33694.38,89.25372053410811,1.0,3.2,2.2
1288,3374.2960000000003,38544.928,35170.632,91.24581060314861,1.0,3.1,2.1
1289,3932.8,39518.491,35585.691,90.04820300451249,1.0,3.3,2.3
1290,3335.5030000000006,38489.209,35153.706000000006,91.3339268676579,1.0,3.5,2.5
1291,5141.759,36013.632,30871.873,85.72274243264329,1.0,3.725,2.725
1292,4672.42,36378.54,31706.120000000003,87.1561090686982,1.0,3.9,2.9
1293,3315.6400000000003,35548.273,32232.633,90.67285209607792,1.0,3.25,2.25
1294,4387.657,35568.12700000001,31180.47000000001,87.66407632316428,1.0,3.25,2.25
1295,3466.8469999999998,36552.364,33085.517,90.51539593991787,1.0,3.05,2.05
1296,3227.9080000000004,34609.475,31381.567,90.67334017635345,1.0,3.275,2.275
1297,4536.0830000000005,34343.130999999994,29807.047999999995,86.79187695495789,1.0,3.675,2.675
1298,3506.457,38145.797999999995,34639.34099999999,90.8077503058135,1.0,3.4,2.4
1299,3860.516,38961.712,35101.195999999996,90.09151343246928,1.0,3.625,2.625
1300,3610.4649999999997,38659.503,35049.038,90.66086028058872,1.0,3.425,2.425
1301,3427.14,36663.638000000006,33236.49800000001,90.65248244050413,1.0,3.975,2.975
1302,3616.0280000000002,36703.904,33087.876000000004,90.14811067509332,1.0,3.65,2.65
1303,3219.8,36712.212999999996,33492.41299999999,91.2296215975866,1.0,3.775,2.775
1304,4560.364,33236.946,28676.582000000002,86.27923275501907,1.0,3.225,2.225
1305,3397.5020000000004,34622.185,31224.682999999997,90.18692205590145,1.0,3.2,2.2
1306,3249.1310000000003,38718.752,35469.621,91.60837880311844,1.0,2.9,1.9
1307,3103.5840000000003,38475.792,35372.208,91.93367091702751,1.0,3.275,2.275
1308,2317.6189999999997,35724.84,33407.221,93.51258396118779,1.0,3.6,2.6
1309,2877.857,35393.202999999994,32515.345999999994,91.86889923469204,1.0,3.85,2.85
1310,3585.8990000000003,37726.042,34140.143000000004,90.49489739739992,1.0,3.625,2.625
1311,3060.118,40322.86,37262.742,92.41095993686955,1.0,3.85,2.85
1312,3228.858,33961.276,30732.417999999998,90.49253037488933,1.0,3.5,2.5
1313,3177.7969999999996,34951.228,31773.431000000004,90.90791030289408,1.0,3.275,2.275
1314,3853.073,35318.729999999996,31465.656999999996,89.09056752606904,1.0,3.7,2.7
1315,3926.469,36279.976,32353.507,89.17731092214615,1.0,2.975,1.975
1316,2764.7909999999997,37658.006,34893.215000000004,92.658158798955,1.0,3.125,2.125
1317,5174.979,35821.054000000004,30646.075000000004,85.55324753984068,1.0,3.075,2.075
1318,3483.0200000000004,38440.634,34957.614,90.93922332290359,1.0,3.325,2.325
1319,4289.036,38090.243,33801.207,88.73980404903166,1.0,3.525,2.525
1320,3922.0299999999997,35236.326,31314.296000000002,88.86935601628842,1.0,3.55,2.55
1321,4276.974,34436.358,30159.384,87.58006290909161,1.0,3.525,2.525
1322,2831.181,34947.549,32116.368,91.89877092668215,1.0,3.7,2.7
1323,3500.126,37190.053,33689.926999999996,90.5885425869116,1.0,3.25,2.25
1324,3111.838,33600.047000000006,30488.209000000006,90.73859033590043,1.0,3.625,2.625
1325,3431.3,38059.715,34628.41499999999,90.98443065062362,1.0,3.325,2.325
1326,3412.6360000000004,37795.178,34382.542,90.970710602289,1.0,2.975,1.975
1327,3268.8360000000002,36705.94,33437.104,91.09453129384507,1.0,3.525,2.525
1328,2962.9049999999997,32879.018,29916.112999999998,90.98846261162666,1.0,3.05,2.05
1329,4219.6849999999995,36576.848,32357.163,88.46350839197517,1.0,3.15,2.15
1330,3342.529,34823.007,31480.478,90.40137745715067,1.0,3.075,2.075
1331,4661.210999999999,35900.864,31239.653000000002,87.01643782166357,1.0,3.175,2.175
1332,3285.088,34513.654,31228.566000000003,90.48177280794437,1.0,3.25,2.25
1333,4483.855,35081.978,30598.123000000003,87.2189219205371,1.0,2.975,1.975
1334,3922.418,39748.034,35825.616,90.1317936882111,1.0,3.1,2.1
1335,4010.918,39009.187000000005,34998.26900000001,89.71801693790748,1.0,3.4,2.4
1336,4526.317,36196.636,31670.319,87.49519983017207,1.0,3.175,2.175
1337,3101.456,35834.471,32733.015,91.34504873812705,1.0,3.95,2.95
1338,3544.7,35699.812999999995,32155.112999999994,90.07081633732928,1.0,3.75,2.75
1339,3998.1969999999997,37200.727,33202.53,89.25236864322571,1.0,2.6,1.6
1340,4531.572999999999,37337.979,32806.406,87.86336828782298,1.0,3.3,2.3
1341,4199.871,34870.482,30670.611000000004,87.9557988329499,1.0,3.725,2.725
1342,4540.799,36497.744999999995,31956.945999999996,87.55868615992577,1.0,3.025,2.025
1343,4176.871,37315.531,33138.66,88.80661513298578,1.0,3.2,2.2
1344,4339.687,35143.034,30803.347,87.65135929925687,1.0,3.75,2.75
1345,3547.9039999999995,34975.483,31427.579,89.85602571950186,1.0,3.45,2.45
1346,2353.9990000000003,36055.77,33701.77099999999,93.47122804477618,1.0,3.425,2.425
1347,2703.839,36560.608,33856.769,92.6045020914313,1.0,2.975,1.975
1348,4581.025,35651.467000000004,31070.442000000003,87.15052875664274,1.0,3.05,2.05
1349,3914.4130000000005,31869.589999999997,27955.176999999996,87.71740395781684,1.0,3.425,2.425
1350,3352.7230000000004,39094.334,35741.611000000004,91.42401811986362,1.0,3.375,2.375
1351,5184.967000000001,34745.94,29560.973,85.0774881899871,1.0,3.85,2.85
1352,4074.2470000000003,32681.809999999998,28607.563,87.53359437558692,1.0,3.4,2.4
1353,3531.585,35516.808999999994,31985.223999999995,90.05658137812999,1.0,3.1,2.1
1354,2540.3640000000005,34482.19,31941.826,92.63282291524987,1.0,3.2,2.2
1355,4307.314,34380.096,30072.782,87.47148931754,1.0,3.225,2.225
1356,4312.98,34835.717000000004,30522.737000000005,87.6190864680638,1.0,3.3,2.3
1357,4817.544,36462.98,31645.436,86.78784893609902,1.0,3.775,2.775
1358,3796.837,37091.489,33294.652,89.76358970113063,1.0,2.85,1.85
1359,4386.485000000001,37600.564,33214.079,88.3339914794895,1.0,3.325,2.325
1360,4021.3,34899.909999999996,30878.609999999997,88.47762071592736,1.0,3.4,2.4
1361,3990.3599999999997,41703.633,37713.273,90.43162498576562,1.0,3.125,2.125
1362,3101.559,33486.179000000004,30384.620000000003,90.73779364316245,1.0,3.325,2.325
1363,2841.834,32867.636999999995,30025.802999999996,91.35370151495832,1.0,3.725,2.725
1364,2812.751,38411.206,35598.455,92.67726454618479,1.0,3.675,2.675
1365,3146.4410000000003,37430.27,34283.829,91.59385972903749,1.0,3.725,2.725
1366,4769.4220000000005,35162.724,30393.302000000003,86.436141864322,1.0,3.425,2.425
1367,2279.895,35172.691,32892.796,93.51799667531837,1.0,3.175,2.175
1368,4146.742,34373.659,30226.917,87.93627992876756,1.0,3.575,2.575
1369,2167.071,38778.708,36611.637,94.41169881162622,1.0,3.675,2.675
1370,4832.539000000001,35033.632,30201.092999999997,86.20600056539955,1.0,3.55,2.55
1371,3500.083,36923.002,33422.919,90.52058930636248,1.0,3.35,2.35
1372,5152.994000000001,36262.865000000005,31109.871000000006,85.78988725794281,1.0,3.775,2.775
1373,3404.425,32904.209,29499.784000000003,89.6535273040601,1.0,3.575,2.575
1374,3475.862,36481.734,33005.871999999996,90.47232239564052,1.0,3.05,2.05
1375,3650.6310000000003,35550.08,31899.449,89.73101888940896,1.0,3.6,2.6
1376,4611.607,35966.157,31354.55,87.17792673818334,1.0,3.7,2.7
1377,3745.63,37998.659,34253.029,90.14273108953661,1.0,3.475,2.475
1378,4099.871,37467.070999999996,33367.2,89.05740189832294,1.0,3.375,2.375
1379,4444.045,38465.825000000004,34021.780000000006,88.44677060741581,1.0,3.125,2.125
1380,4259.04,35057.723,30798.682999999997,87.85135018609166,1.0,2.825,1.8250000000000002
1381,4174.7,37955.814,33781.114,89.00115803075651,1.0,3.325,2.325
1382,2849.1310000000003,32934.737,30085.606,91.34916122147871,1.0,3.225,2.225
1383,3849.426,35933.822,32084.396,89.2874573709415,1.0,3.925,2.925
1384,4237.4130000000005,38730.36200000001,34492.94900000001,89.0591959868591,1.0,3.25,2.25
1385,4162.644,39456.498999999996,35293.854999999996,89.45004218443202,1.0,3.45,2.45
1386,4357.425,38924.911,34567.486,88.80556207308989,1.0,3.675,2.675
1387,3751.2470000000003,34622.185,30870.938,89.1651927802939,1.0,2.775,1.775
1388,3910.3559999999998,34365.808,30455.451999999997,88.62137622371633,1.0,3.7,2.7
1389,3910.3620000000005,37037.577,33127.215,89.44217652250848,1.0,3.65,2.65
1390,3761.1809999999996,36480.798,32719.617000000002,89.68997059768265,1.0,3.1,2.1
1391,4677.378000000001,34084.16,29406.782000000003,86.27697440687992,1.0,3.4,2.4
1392,4277.53,39035.314,34757.784,89.04189678095071,1.0,3.325,2.325
1393,3770.8010000000004,35428.132,31657.331,89.35647806663924,1.0,3.875,2.875
1394,1905.6280000000002,37927.093,36021.465000000004,94.97554953658063,1.0,3.75,2.75
1395,4419.159,36866.347,32447.188000000002,88.0130271653983,1.0,3.425,2.425
1396,3627.425,38822.653000000006,35195.228,90.65642165155482,1.0,3.425,2.425
1397,4444.995,36105.051999999996,31660.056999999997,87.68871735733825,1.0,3.075,2.075
1398,5076.303,36915.629,31839.326,86.24890557871844,1.0,2.95,1.9500000000000002
1399,3258.739,37109.307,33850.568,91.21853986656231,1.0,3.625,2.625
1400,3472.0220000000004,33818.916,30346.893999999997,89.73349116216498,1.0,3.175,2.175
1401,3033.18,36351.706000000006,33318.526000000005,91.65601746448984,1.0,2.9,1.9
1402,4691.963,34459.742,29767.779,86.38421901127408,1.0,3.2,2.2
1403,3533.924,35755.368,32221.444000000003,90.11638196535972,1.0,3.275,2.275
1404,4573.37,37115.58,32542.210000000003,87.67803170528387,1.0,3.25,2.25
1405,3402.7799999999997,33127.315,29724.535000000003,89.72817446871261,1.0,3.025,2.025
1406,3041.272,40262.675,37221.403000000006,92.44642339337862,1.0,2.825,1.8250000000000002
1407,4961.555,34924.394,29962.839,85.79343996634559,1.0,3.35,2.35
1408,3784.013,35217.34299999999,31433.329999999994,89.25525699085249,1.0,3.4,2.4
1409,4463.755999999999,37402.485,32938.729,88.06561649580235,1.0,3.35,2.35
1410,1955.161,35071.304000000004,33116.143000000004,94.42518304993736,1.0,3.6,2.6
1411,3796.026,36460.944,32664.918000000005,89.58878848556418,1.0,3.475,2.475
1412,4352.153,38059.715000000004,33707.562000000005,88.5649353916602,1.0,3.825,2.825
1413,4158.484,38942.958,34784.474,89.32160212380376,1.0,3.625,2.625
1414,3147.245,35716.759999999995,32569.514999999996,91.18832447288052,1.0,3.1,2.1
1415,3712.3509999999997,36565.074,32852.723,89.84727611928255,1.0,3.375,2.375
1416,3057.385,38646.085999999996,35588.700999999994,92.08875900136432,1.0,3.05,2.05
1417,3747.5460000000003,37624.884,33877.337999999996,90.03971414237449,1.0,3.625,2.625
1418,2778.4620000000004,36752.479,33974.017,92.44006914472355,1.0,3.65,2.65
1419,3224.4130000000005,38519.73700000001,35295.32400000001,91.62919258768564,1.0,3.3,2.3
1420,3229.3109999999997,36839.269,33609.958,91.2340524455032,1.0,3.3,2.3
1421,3084.8900000000003,33116.641,30031.751000000004,90.68477385734865,1.0,3.725,2.725
1422,4682.428,33424.187,28741.759,85.99089934483672,1.0,3.425,2.425
1423,4206.964,37061.668,32854.704,88.64874619242717,1.0,3.8,2.8
1424,4221.704,35069.497,30847.793000000005,87.9618917830501,1.0,3.525,2.525
1425,3864.712,32504.372000000003,28639.660000000003,88.11017791698914,1.0,3.475,2.475
1426,4049.572,36977.621,32928.049,89.04858698183963,1.0,3.1,2.1
1427,3031.797,36123.97,33092.173,91.60724305772594,1.0,3.85,2.85
1428,2945.286,36396.358,33451.072,91.90774527495306,1.0,3.25,2.25
1429,3421.306,36975.585,33554.279,90.7471213775252,1.0,3.1,2.1
1430,3117.9629999999997,36426.886,33308.922999999995,91.44048986235056,1.0,3.325,2.325
1431,4393.269,36167.044,31773.775,87.85283917590833,1.0,3.15,2.15
1432,2969.398,41128.807,38159.409,92.78024767409373,1.0,3.325,2.325
1433,5343.271,37129.16100000001,31785.890000000007,85.60896380071718,1.0,3.65,2.65
1434,4176.870999999999,36982.958,32806.087,88.70595748452571,1.0,3.15,2.15
1435,4451.138,32184.116,27732.978000000003,86.16976772020087,1.0,3.275,2.275
1436,4536.143,38319.78600000001,33783.64300000001,88.16239996747373,1.0,3.525,2.525
1437,3915.8160000000003,41266.995,37351.179000000004,90.51102218613204,1.0,3.3,2.3
1438,4109.032,37780.89,33671.858,89.12404657486893,1.0,3.1,2.1
1439,2923.8509999999997,36758.752,33834.901,92.04583713832287,1.0,3.175,2.175
1440,4199.309000000001,36721.951,32522.642,88.56458089604226,1.0,3.6,2.6
1441,3658.739,37128.29,33469.551,90.14568405924432,1.0,3.675,2.675
1442,3421.409,34673.274,31251.864999999998,90.13243168210766,1.0,3.525,2.525
1443,3772.9230000000002,36813.371,33040.448,89.75121566563409,1.0,3.45,2.45
1444,4592.319,40493.154,35900.835,88.65902369570915,1.0,3.15,2.15
1445,3602.9130000000005,39233.393000000004,35630.48,90.8167182991285,1.0,3.825,2.825
1446,3069.689,36297.793999999994,33228.104999999996,91.5430425331082,1.0,3.125,2.125
1447,4126.0160000000005,33970.292,29844.276,87.8540461177078,1.0,3.3,2.3
1448,3027.908,35495.460999999996,32467.552999999996,91.4695909992548,1.0,3.425,2.425
1449,2694.165,37068.105,34373.94,92.73185127753361,1.0,3.85,2.85
1450,4710.101,35796.57,31086.469,86.84203263050063,1.0,3.65,2.65
1451,4300.530000000001,38681.08,34380.55,88.88208395422258,1.0,2.875,1.875
1452,5738.755,35544.743,29805.988,83.85484176942846,1.0,3.65,2.65
1453,4477.530000000001,35749.32399999999,31271.793999999994,87.47520372692922,1.0,3.225,2.225
1454,4999.968,36885.33,31885.362,86.4445621063984,1.0,2.975,1.975
1455,3175.0640000000003,38387.822,35212.758,91.72898113365223,1.0,3.825,2.825
1456,2829.523,37708.224,34878.701,92.49627084001622,1.0,3.75,2.75
1457,3518.9230000000002,38320.493,34801.57,90.81712492581971,1.0,3.4,2.4
1458,3744.856,39409.96,35665.104,90.49769144652772,1.0,3.5,2.5
1459,4588.468,38817.316,34228.848,88.17932697871228,1.0,3.975,2.975
1460,3356.574,36365.123,33008.549,90.76979885369836,1.0,3.55,2.55
1461,3090.621,37353.202999999994,34262.581999999995,91.72595453193131,1.0,3.7,2.7
1462,3658.739,37024.159999999996,33365.420999999995,90.11796891543251,1.0,3.45,2.45
1463,4241.464,34851.728,30610.264000000003,87.82997503021946,1.0,3.675,2.675
1464,4403.366,36573.153999999995,32169.787999999993,87.9601141318028,1.0,2.925,1.9249999999999998
1465,3980.3660000000004,34241.037000000004,30260.671000000002,88.37545136264418,1.0,3.65,2.65
1466,3704.031,37598.757,33894.725999999995,90.14852804841394,1.0,3.275,2.275
1467,2955.5650000000005,41786.973,38831.407999999996,92.92706604998642,1.0,3.375,2.375
1468,4129.964,34091.304000000004,29961.340000000004,87.88557926678311,1.0,3.4,2.4
1469,2639.9539999999997,35330.504,32690.550000000003,92.5278337382337,1.0,3.25,2.25
1470,3948.9130000000005,34944.955,30996.042,88.69961915818749,1.0,3.475,2.475
1471,4351.035,37637.365,33286.33,88.43958656510625,1.0,3.325,2.325
1472,2956.2,37273.393000000004,34317.19300000001,92.06887336497647,1.0,3.25,2.25
1473,3132.25,34215.138999999996,31082.888999999996,90.84542663994438,1.0,3.375,2.375
1474,3364.017,37389.068,34025.051,91.00267222494018,1.0,3.375,2.375
1475,3640.352,37230.384000000005,33590.03200000001,90.22209386827706,1.0,3.275,2.275
1476,2901.0030000000006,35693.605,32792.602,91.872485281327,1.0,3.05,2.05
1477,3166.701,35203.92599999999,32037.22499999999,91.00469362422817,1.0,2.8,1.7999999999999998
1478,4520.241,34955.629,30435.388,87.06863206495296,1.0,2.825,1.8250000000000002
1479,2862.349,36522.936,33660.587,92.16287266719192,1.0,3.375,2.375
1480,2993.3049999999994,37667.022000000004,34673.717000000004,92.05324753308079,1.0,4.05,3.05
1481,4002.913,37177.572,33174.659,89.23298971756412,1.0,3.325,2.325
1482,3917.146,35234.454,31317.307999999997,88.8826260795754,1.0,3.35,2.35
1483,4057.8190000000004,36820.515,32762.696,88.97946158547755,1.0,3.7,2.7
1484,3388.027,37153.252,33765.225,90.88094092005727,1.0,2.95,1.9500000000000002
1485,4351.035,37467.070999999996,33116.03599999999,88.38704258467388,1.0,3.025,2.025
1486,4011.884,37549.475000000006,33537.59100000001,89.31573876865123,1.0,4.3,3.3
1487,5041.494,32715.868000000002,27674.374000000003,84.59006498008857,1.0,3.475,2.475
1488,4656.204000000001,38604.884,33948.68,87.93882141959033,1.0,3.35,2.35
1489,3434.977,36075.623999999996,32640.646999999997,90.47839893219866,1.0,3.1,2.1
1490,4474.591,38961.712,34487.121,88.51541482571402,1.0,3.525,2.525
1491,2317.89,34707.332,32389.442000000003,93.3216128511405,1.0,3.825,2.825
1492,2454.803,39269.258,36814.455,93.74879199398165,1.0,3.675,2.675
1493,4084.013,36607.376000000004,32523.363000000005,88.84374285663087,1.0,3.625,2.625
1494,3305.09,38931.184,35626.094,91.5104303018372,1.0,3.925,2.925
1495,3677.5360000000005,34703.801999999996,31026.265999999996,89.40307462565629,1.0,3.175,2.175
1496,3761.181,34797.816,31036.635,89.19133028348676,1.0,3.6,2.6
1497,3360.522,39632.359,36271.837,91.52076211259593,1.0,3.9,2.9
1498,3874.803,36238.774,32363.970999999998,89.3075770168163,1.0,3.825,2.825
1499,4147.437,35032.695999999996,30885.259,88.16123943187245,1.0,3.075,2.075
1500,3532.1410000000005,29605.738,26073.597,88.06940397837744,1.0,3.675,2.675
1501,2667.7889999999998,34132.505999999994,31464.716999999993,92.18402246820084,1.0,3.075,2.075
1502,4403.8189999999995,35482.98,31079.161000000004,87.58892573284432,1.0,3.25,2.25
1503,3743.641,39027.234000000004,35283.593,90.40761894629784,1.0,3.3,2.3
1504,3934.868,41618.257,37683.388999999996,90.54533206424286,1.0,3.625,2.625
1505,5583.9439999999995,38266.103,32682.159000000003,85.4075969011007,1.0,3.475,2.475
1506,4451.7,33202.017,28750.317,86.59207963178864,1.0,3.425,2.425
1507,3983.9260000000004,36395.651,32411.725,89.05384052616616,1.0,3.0,2.0
1508,3500.6450000000004,35571.65700000001,32071.012000000006,90.1588925137786,1.0,3.525,2.525
1509,3412.0420000000004,38097.387,34685.345,91.04389495269058,1.0,2.95,1.9500000000000002
1510,4620.483,34745.004,30124.521,86.70173415435497,1.0,3.425,2.425
1511,3479.859,35945.596000000005,32465.737000000005,90.31909500123464,1.0,3.725,2.725
1512,3085.8559999999998,38670.176999999996,35584.320999999996,92.02006238554326,1.0,3.2,2.2
1513,3832.2439999999997,38369.068,34536.824,90.01215249742319,1.0,3.55,2.55
1514,4312.424,40358.725,36046.301,89.31476650959613,1.0,3.675,2.675
1515,4411.576999999999,37219.481,32807.904,88.14712918753489,1.0,3.675,2.675
1516,4465.371,37176.636,32711.265,87.98877068920383,1.0,3.425,2.425
1517,4460.467000000001,36409.068,31948.601,87.74902175469033,1.0,3.0,2.0
1518,4155.092000000001,37835.509,33680.417,89.01800951058965,1.0,3.375,2.375
1519,3333.514,34973.676,31640.162,90.46850551254607,1.0,3.625,2.625
1520,2481.957,39445.825,36963.867999999995,93.70793487016687,1.0,3.425,2.425
1521,4298.959,36237.837999999996,31938.878999999997,88.13682262170276,1.0,3.65,2.65
1522,4472.148999999999,35838.872,31366.723000000005,87.52151295386753,1.0,3.45,2.45
1523,3233.924,42259.475999999995,39025.551999999996,92.34745835466582,1.0,3.35,2.35
1524,3704.2430000000004,32842.446,29138.203,88.72117198578935,1.0,3.5,2.5
1525,3890.645,37805.145000000004,33914.50000000001,89.70868912154683,1.0,3.65,2.65
1526,4002.042,37714.661,33712.619,89.38863059116453,1.0,3.8,2.8
1527,3932.244,33884.209,29951.965000000004,88.39505446327522,1.0,3.175,2.175
1528,2429.838,37366.619999999995,34936.78199999999,93.49730320805038,1.0,3.15,2.15
1529,3667.615,36558.801,32891.186,89.96790129960772,1.0,3.775,2.775
1530,4098.3,32583.246,28484.946,87.42206347397065,1.0,3.35,2.35
1531,4016.1900000000005,38647.022,34630.831999999995,89.60802206182923,1.0,3.325,2.325
1532,3521.965,33036.831000000006,29514.866000000005,89.3392771237653,1.0,3.4,2.4
1533,3484.678,37078.778999999995,33594.100999999995,90.60196129975046,1.0,3.35,2.35
1534,5235.822,35602.89200000001,30367.070000000007,85.29382950126636,1.0,3.775,2.775
1535,3246.954,37818.562,34571.608,91.41439063706336,1.0,3.25,2.25
1536,3562.1310000000003,35591.282,32029.150999999998,89.99156310244739,1.0,3.275,2.275
1537,4410.869000000001,38240.683,33829.814,88.46550674840195,1.0,3.225,2.225
1538,3911.745,34596.994,30685.249,88.6933963106737,1.0,3.65,2.65
1539,3470.451,39734.617,36264.166,91.26592562852687,1.0,3.125,2.125
1540,4313.851,36183.926,31870.075,88.07799076308083,1.0,3.175,2.175
1541,4129.964,36558.80100000001,32428.837000000007,88.70322908018784,1.0,3.575,2.575
1542,3733.568,34639.296,30905.728000000003,89.2215823323892,1.0,3.25,2.25
1543,2309.964,36038.823000000004,33728.859000000004,93.59034561145351,1.0,3.1,2.1
1544,3970.087,36874.427,32904.340000000004,89.23349507234377,1.0,3.325,2.325
1545,3943.073,39579.547000000006,35636.47400000001,90.03759947025165,1.0,3.6,2.6
1546,3730.0730000000003,34587.027,30856.954,89.21539859439204,1.0,3.45,2.45
1547,2996.843,37915.319,34918.476,92.09595730949805,1.0,3.725,2.725
1548,3698.759,33641.248999999996,29942.489999999998,89.00528633761488,1.0,3.475,2.475
1549,3408.9590000000003,40878.703,37469.744,91.6607946196336,1.0,3.725,2.725
1550,3470.9399999999996,32270.363,28799.423000000003,89.24418668609337,1.0,3.35,2.35
1551,4255.751,37782.697,33526.945999999996,88.73624347144937,1.0,2.875,1.875
1552,3185.446,37140.542,33955.096000000005,91.42326463625653,1.0,3.675,2.675
1553,4316.0380000000005,36767.932,32451.894,88.26140670625696,1.0,3.2,2.2
1554,3459.3010000000004,35754.661,32295.36,90.32489498362186,1.0,2.925,1.9249999999999998
1555,1916.0099999999998,38319.786,36403.776,94.99994598090917,1.0,3.0,2.0
1556,4176.412,40552.403000000006,36375.99100000001,89.70119723854589,1.0,3.55,2.55
1557,2503.2830000000004,38732.169,36228.886,93.53694083076007,1.0,2.9,1.9
1558,3998.9049999999997,35814.617,31815.712,88.83443315895295,1.0,3.075,2.075
1559,4099.3150000000005,36208.246,32108.930999999997,88.67850433848686,1.0,3.45,2.45
1560,3807.92,40844.645000000004,37036.725000000006,90.67706427611257,1.0,3.475,2.475
1561,4048.8640000000005,37333.349,33284.485,89.15483312252537,1.0,3.1,2.1
1562,3766.182,37950.248,34184.066,90.07600161137287,1.0,3.325,2.325
1563,4560.093,37007.049,32446.956,87.67777187529867,1.0,3.1,2.1
1564,3883.4730000000004,37474.215,33590.742,89.63694636432011,1.0,3.225,2.225
1565,3900.639,38701.641,34801.002,89.92125682732677,1.0,3.5,2.5
1566,3781.739,35960.81999999999,32179.08099999999,89.48372423098249,1.0,3.25,2.25
1567,3147.245,36916.565,33769.32,91.47470789874409,1.0,3.15,2.15
1568,2583.982,32721.369,30137.387,92.10307490496501,1.0,3.575,2.575
1569,4261.466,35628.083,31366.617,88.0390252823875,1.0,3.05,2.05
1570,2051.666,34761.015,32709.349,94.0977960511222,1.0,4.0,3.0
1571,4356.307,36763.153,32406.845999999998,88.15034444950899,1.0,3.725,2.725
1572,3557.977,34538.845,30980.868000000002,89.69862194291673,1.0,4.05,3.05
1573,4967.734,38360.988000000005,33393.254,87.05003635464237,1.0,4.025,3.0250000000000004
1574,3909.697,37375.651,33465.954,89.53945444321492,1.0,3.625,2.625
1575,4347.087,37328.012,32980.925,88.3543570442487,1.0,3.6,2.6
1576,5107.550000000001,39668.224,34560.674,87.12432903474578,1.0,3.0,2.0
1577,4662.0380000000005,37198.92,32536.881999999998,87.46727593166683,1.0,3.625,2.625
1578,4741.7,39083.66,34341.96000000001,87.86781995340253,1.0,3.275,2.275
1579,3373.74,35857.626000000004,32483.886000000006,90.59129012054508,1.0,3.275,2.275
1580,3877.821,37998.823000000004,34121.00200000001,89.79489180493829,1.0,3.425,2.425
1581,2255.717,36443.126000000004,34187.40900000001,93.8103086985458,1.0,3.35,2.35
1582,3893.093,36279.975999999995,32386.882999999994,89.2693065728599,1.0,3.125,2.125
1583,4722.206,36691.422999999995,31969.216999999997,87.12994587318131,1.0,3.4,2.4
1584,2769.895,36045.803,33275.908,92.31562409637539,1.0,3.35,2.35
1585,5113.94,37968.295,32854.354999999996,86.53102542529233,1.0,3.375,2.375
1586,5599.603999999999,39524.764,33925.16,85.83266936141605,1.0,3.575,2.575
1587,3610.362,35379.78600000001,31769.424000000006,89.79541029445458,1.0,3.625,2.625
1588,3928.597,35992.990999999995,32064.393999999993,89.08510548623202,1.0,3.65,2.65
1589,3809.8,37206.064,33396.263999999996,89.7602713364144,1.0,3.2,2.2
1590,4747.534,38839.764,34092.23,87.77661470857548,1.0,2.95,1.9500000000000002
1591,2269.798,40050.243,37780.445,94.33262364974914,1.0,3.075,2.075
1592,4992.826000000001,35664.884,30672.057999999997,86.00072272771165,1.0,3.625,2.625
1593,4495.9169999999995,39039.715000000004,34543.798,88.48373508874232,1.0,2.925,1.9249999999999998
1594,5380.661,35717.86,30337.199,84.9356568394635,1.0,3.525,2.525
1595,3277.235,37032.240000000005,33755.005000000005,91.15031928935436,1.0,3.7,2.7
1596,4957.154,35966.15700000001,31009.003000000004,86.21717076973222,1.0,3.05,2.05
1597,4840.646999999999,35016.685,30176.038,86.17617001723607,1.0,3.55,2.55
1598,4109.135,38676.614,34567.479,89.37565992721079,1.0,3.475,2.475
1599,4527.793000000001,39712.168999999994,35184.376,88.59847468920672,1.0,3.275,2.275
1600,2985.5490000000004,35512.407999999996,32526.858999999997,91.59294126154441,1.0,3.15,2.15
1601,3264.12,37073.442,33809.322,91.1955302127059,1.0,3.125,2.125
1602,3681.842,36981.151,33299.309,90.04400376829807,1.0,3.325,2.325
1603,2978.1850000000004,36329.258,33351.073000000004,91.8022410476977,1.0,3.7,2.7
1604,3802.8100000000004,35293.703,31490.893,89.22524508125429,1.0,3.2,2.2
1605,3675.759,34078.823000000004,30403.064000000006,89.21394967191209,1.0,3.375,2.375
1606,3832.1409999999996,34773.725,30941.584,88.97977999193355,1.0,3.65,2.65
1607,3207.2250000000004,35870.335999999996,32663.110999999997,91.0588375865785,1.0,3.3,2.3
1608,3515.6400000000003,36389.21400000001,32873.57400000001,90.33878555332358,1.0,2.75,1.75
1609,4160.304,39191.255000000005,35030.951,89.38461143946525,1.0,3.4,2.4
1610,4140.243,34427.570999999996,30287.327999999994,87.97404847411396,1.0,3.15,2.15
1611,3460.9100000000003,37472.407999999996,34011.49799999999,90.76411102270234,1.0,3.05,2.05
1612,3601.1359999999995,36051.304000000004,32450.168000000005,90.01107976565841,1.0,3.05,2.05
1613,3043.75,40317.293999999994,37273.543999999994,92.4505101954511,1.0,3.225,2.225
1614,2548.824,36294.493,33745.669,92.97738089356972,1.0,3.15,2.15
1615,3248.4660000000003,35543.807,32295.341,90.86066948315357,1.0,3.35,2.35
1616,3702.628,37188.952999999994,33486.325,90.04374229088945,1.0,3.35,2.35
1617,3965.1290000000004,36279.975999999995,32314.846999999994,89.07075076345143,1.0,2.875,1.875
1618,4615.767,36032.386,31416.619,87.18994906415578,1.0,3.4,2.4
1619,4201.195,35106.297999999995,30905.102999999996,88.03293072940929,1.0,2.925,1.9249999999999998
1620,3414.128,35656.804000000004,32242.676000000003,90.42503080197541,1.0,3.4,2.4
1621,4089.592,39977.577000000005,35887.98500000001,89.77028547778173,1.0,3.175,2.175
1622,3195.7250000000004,35221.973,32026.248,90.92689952377171,1.0,3.225,2.225
1623,3973.5819999999994,32149.351,28175.769,87.6402419445419,1.0,3.525,2.525
1624,3762.234,37380.988,33618.754,89.93543455833752,1.0,3.325,2.325
1625,3668.207,38186.064,34517.856999999996,90.39385939331164,1.0,3.175,2.175
1626,3224.0029999999997,37745.896,34521.893000000004,91.45866612889519,1.0,3.775,2.775
1627,3706.202,35930.292,32224.09,89.68502120717527,1.0,3.525,2.525
1628,2788.638,37823.899000000005,35035.261000000006,92.62731216578175,1.0,3.375,2.375
1629,4480.366,35027.359,30546.992999999995,87.20895286453083,1.0,2.775,1.775
1630,4580.154,37050.287000000004,32470.133,87.63800669074439,1.0,2.95,1.9500000000000002
1631,4037.413,36384.977,32347.564,88.90362635106241,1.0,3.0,2.0
1632,3551.8520000000003,38187.871,34636.019,90.69900492750695,1.0,3.475,2.475
1633,3736.089,35736.614,32000.525,89.54548687796779,1.0,3.425,2.425
1634,4948.09,37056.331000000006,32108.241000000005,86.64711301288841,1.0,4.425,3.425
1635,2803.0710000000004,38102.95300000001,35299.882000000005,92.6434284502831,1.0,3.4,2.4
1636,3398.9649999999997,34464.372,31065.407000000003,90.1377428261278,1.0,3.275,2.275
1637,3870.795,37805.145000000004,33934.350000000006,89.76119520239905,1.0,3.6,2.6
1638,4862.323,39087.19,34224.867,87.56031579655635,1.0,3.4,2.4
1639,3495.719,35101.66799999999,31605.94899999999,90.04115986738863,1.0,2.95,1.9500000000000002
1640,4946.772,38861.261,33914.489,87.27068583801231,1.0,2.8,1.7999999999999998
1641,4587.35,36234.144,31646.794,87.33970367838688,1.0,3.4,2.4
1642,4478.648,34326.413,29847.765,86.95276433340122,1.0,3.525,2.525
1643,4128.487999999999,37652.668999999994,33524.181,89.03533770740131,1.0,2.975,1.975
1644,3771.496,37396.212,33624.716,89.91476462910201,1.0,3.625,2.625
1645,3514.4190000000003,38900.656,35386.237,90.96565620898527,1.0,3.425,2.425
1646,3068.674,37358.54,34289.866,91.7858834954471,1.0,3.675,2.675
1647,3572.367,37963.894,34391.527,90.59009331339931,1.0,3.45,2.45
1648,4429.921,33980.966,29551.045,86.96352246136851,1.0,3.6,2.6
1649,4265.165,38465.825,34200.659999999996,88.91180677913447,1.0,3.275,2.275
1650,4841.209,37756.799,32915.59,87.17791463201104,1.0,3.2,2.2
1651,4042.4140000000007,38459.781,34417.367,89.48924332148432,1.0,3.5,2.5
1652,4468.472,35868.528999999995,31400.056999999993,87.54208180658871,1.0,3.275,2.275
1653,3174.3990000000003,37376.587,34202.188,91.50698537563102,1.0,3.475,2.475
1654,4079.248,34737.86,30658.612,88.25705440692087,1.0,3.45,2.45
1655,3879.416,35419.181,31539.764999999996,89.04713239981467,1.0,3.525,2.525
1656,3609.412,34955.629,31346.217,89.67430395831241,1.0,3.1,2.1
1657,3683.9700000000003,40946.739,37262.769,91.00301980091747,1.0,3.5,2.5
1658,4452.964,36424.372,31971.408000000003,87.774767949328,1.0,3.975,2.975
1659,3353.781,37278.729999999996,33924.94899999999,91.0034998509874,1.0,4.2,3.2
1660,4059.2520000000004,35568.127,31508.875,88.58738892829527,1.0,2.975,1.975
1661,4842.715,34865.145000000004,30022.430000000004,86.11015385136072,1.0,3.35,2.35
1662,2556.786,34689.285,32132.499000000003,92.62946468916843,1.0,3.7,2.7
1663,4358.09,36722.887,32364.797000000002,88.13249622776118,1.0,3.0,2.0
1664,2133.1760000000004,35469.334,33336.158,93.98585831918919,1.0,3.775,2.775
1665,3338.4719999999998,34150.553,30812.081,90.22425200552388,1.0,3.425,2.425
1666,3192.23,36070.287,32878.05699999999,91.14997338391014,1.0,2.975,1.975
1667,4399.762,36263.965,31864.202999999998,87.86739949699378,1.0,3.775,2.775
1668,2649.942,35268.512,32618.570000000003,92.48637991872184,1.0,3.7,2.7
1669,4442.715,35561.69,31118.975000000002,87.50701949204326,1.0,3.875,2.875
1670,4589.725,35923.854999999996,31334.129999999997,87.22374032519618,1.0,3.775,2.775
1671,3776.315,37014.422000000006,33238.107,89.79771992657348,1.0,3.6,2.6
1672,3608.8559999999998,38822.653,35213.797,90.70425197371236,1.0,3.2,2.2
1673,4020.2470000000003,38682.887,34662.64,89.60716918569184,1.0,3.65,2.65
1674,3692.683,40503.827999999994,36811.145,90.88312591096329,1.0,3.35,2.35
1675,4195.464,36436.853,32241.389000000003,88.48565763898436,1.0,3.275,2.275
1676,3384.575,36988.295,33603.72,90.8496052602587,1.0,2.95,1.9500000000000002
1677,4395.361000000001,37048.251,32652.889999999996,88.13611741077871,1.0,3.625,2.625
1678,2837.2210000000005,42066.669,39229.448000000004,93.2554179652304,1.0,3.125,2.125
1679,4022.974,39996.56,35973.585999999996,89.94169998619881,1.0,3.05,2.05
1680,2749.7960000000003,34767.288,32017.492,92.09085275791428,1.0,4.1,3.0999999999999996
1681,4461.913,37599.693,33137.78,88.13311321451481,1.0,3.625,2.625
1682,4217.696,36861.945999999996,32644.249999999996,88.55812983937419,1.0,3.175,2.175
1683,3778.909,37158.589,33379.68,89.83032159805637,1.0,3.1,2.1
1684,3800.2290000000003,39777.462,35977.233,90.44627583328469,1.0,3.525,2.525
1685,3733.8150000000005,33739.813,30005.998,88.93350416613156,1.0,3.3,2.3
1686,4825.138999999999,35845.852,31020.713,86.53919845453805,1.0,2.975,1.975
1687,3572.367,34534.215,30961.847999999998,89.65557201749048,1.0,2.875,1.875
1688,3904.134,38895.319,34991.185000000005,89.96245795027417,1.0,3.425,2.425
1689,4161.1810000000005,37767.473,33606.292,88.98210372719404,1.0,3.775,2.775
1690,4481.478,35692.669,31211.191000000003,87.44426201358044,1.0,3.7,2.7
1691,2567.627,34525.428,31957.801,92.56308422881825,1.0,3.1,2.1
1692,3549.9720000000007,41661.495,38111.523,91.4790095746684,1.0,3.05,2.05
1693,3380.0650000000005,33253.893,29873.827999999994,89.83558105512638,1.0,4.125,3.125
1694,3113.016,38413.013,35299.996999999996,91.89593380763961,1.0,3.075,2.075
1695,4173.0689999999995,40093.252,35920.183000000005,89.59159262012471,1.0,3.15,2.15
1696,4259.808,37484.182,33224.374,88.63571839449506,1.0,3.25,2.25
1697,2997.237,37764.649999999994,34767.41299999999,92.06337937727479,1.0,4.45,3.45
1698,4675.255999999999,36553.46400000001,31878.208000000006,87.2098140958679,1.0,3.075,2.075
1699,4217.696,37872.474,33654.778000000006,88.86342624461238,1.0,3.35,2.35
1700,4554.427,38599.547,34045.119999999995,88.20082784909367,1.0,3.925,2.925
1701,3991.3100000000004,35081.977999999996,31090.667999999994,88.62290490006008,1.0,3.075,2.075
1702,3523.2890000000007,35174.498,31651.209,89.98339933664441,1.0,3.4,2.4
1703,3753.2790000000005,36183.926,32430.646999999997,89.62722010873004,1.0,3.325,2.325
1704,3206.566,35321.473,32114.907,90.92176591842589,1.0,3.375,2.375
1705,3312.956,38618.301,35305.345,91.42127977095626,1.0,3.925,2.925
1706,4322.412,40087.043999999994,35764.632,89.21743394199882,1.0,3.425,2.425
1707,4080.928,38477.599,34396.671,89.39401598316985,1.0,3.525,2.525
1708,3301.456,35495.460999999996,32194.004999999997,90.69893471731498,1.0,4.275,3.2750000000000004
1709,3341.017,36969.541,33628.524,90.96278474217463,1.0,3.7,2.7
1710,3021.4579999999996,39185.918,36164.46,92.28942907500598,1.0,3.6,2.6
1711,3139.408,34736.924,31597.516,90.96233161001821,1.0,3.15,2.15
1712,4546.3189999999995,37685.94,33139.621,87.93629932011778,1.0,3.4,2.4
1713,3557.475,37969.231,34411.756,90.63063721253664,1.0,3.275,2.275
1714,3266.1879999999996,33473.469000000005,30207.281000000006,90.2424573921514,1.0,3.425,2.425
1715,3436.754,36099.715000000004,32662.961000000003,90.47983065794286,1.0,3.55,2.55
1716,3614.8720000000003,34247.31,30632.438,89.44480019014632,1.0,3.85,2.85
1717,4124.4800000000005,35095.624,30971.144000000004,88.24787956470016,1.0,3.125,2.125
1718,3796.588,35058.823000000004,31262.235000000004,89.17080587674036,1.0,3.15,2.15
1719,3958.696,39153.583,35194.887,89.88931357827457,1.0,3.6,2.6
1720,3756.362,36614.356,32857.994,89.74073994364396,1.0,3.225,2.225
1721,3221.3059999999996,35475.835999999996,32254.529999999995,90.91971786091241,1.0,3.375,2.375
1722,5059.137000000001,42670.922999999995,37611.78599999999,88.14383040179375,1.0,3.75,2.75
1723,3569.683,41600.439,38030.756,91.41912180301752,1.0,2.925,1.9249999999999998
1724,3188.282,35882.653000000006,32694.371000000006,91.11469823594147,1.0,3.5,2.5
1725,3610.362,35144.841,31534.479,89.72719210765528,1.0,3.45,2.45
1726,3286.703,35191.44500000001,31904.742000000006,90.66050569960966,1.0,3.875,2.875
1727,2563.4669999999996,36905.891,34342.424000000006,93.05404386524636,1.0,3.825,2.825
1728,3745.4179999999997,37823.899000000005,34078.48100000001,90.09774745855789,1.0,3.15,2.15
1729,3425.3630000000003,38235.346,34809.983,91.04137046386347,1.0,3.35,2.35
1730,3419.281,35439.035,32019.754000000004,90.35165319823184,1.0,3.775,2.775
1731,3911.7889999999998,35614.666,31702.876999999997,89.01635354379007,1.0,3.325,2.325
1732,4183.758,36721.951,32538.193,88.60692886388307,1.0,3.4,2.4
1733,4155.7570000000005,35759.99800000001,31604.241000000005,88.37875494288339,1.0,3.45,2.45
1734,3508.753,38447.070999999996,34938.318,90.87380934688107,1.0,4.05,3.05
1735,4220.942,36010.102,31789.16,88.27845030819408,1.0,3.1,2.1
1736,2455.4620000000004,37553.154,35097.692,93.46136944982038,1.0,3.2,2.2
1737,3673.6309999999994,39844.084,36170.453,90.77998379884953,1.0,3.675,2.675
1738,4792.416,35935.629,31143.213,86.66388725239788,1.0,3.625,2.625
1739,3399.424,35318.894,31919.47,90.37505534573081,1.0,3.275,2.275
1740,3935.242,35532.262,31597.020000000004,88.92487621531103,1.0,3.725,2.725
1741,4482.143,38194.144,33712.001000000004,88.2648423800256,1.0,3.4,2.4
1742,4646.875,32371.75,27724.875,85.6452771320673,1.0,2.95,1.9500000000000002
1743,5070.4310000000005,36317.648,31247.217,86.0386581201514,1.0,3.025,2.025
1744,3183.0690000000004,37110.243,33927.174,91.42266732125682,1.0,3.425,2.425
1745,3907.4230000000002,37502.936,33595.513,89.5810210699237,1.0,3.175,2.175
1746,4912.272,32141.271,27228.999,84.71662181623122,1.0,3.25,2.25
1747,4048.761,39162.534,35113.773,89.66164702212579,1.0,3.55,2.55
1748,4321.294,34097.577000000005,29776.283000000003,87.3266830660724,1.0,3.6,2.6
1749,4248.745,34990.787000000004,30742.042000000005,87.85753232700941,1.0,3.4,2.4
1750,4270.0869999999995,36505.989,32235.902000000002,88.30305076791647,1.0,3.125,2.125
1751,4193.372,36064.014,31870.642000000003,88.37242021922464,1.0,3.325,2.325
1752,3706.2019999999998,41755.509000000005,38049.30700000001,91.12404066251474,1.0,2.7,1.7000000000000002
1753,3534.027,35138.633,31604.606,89.94261672046264,1.0,2.8,1.7999999999999998
1754,3276.5699999999997,34616.848000000005,31340.278000000006,90.53475348188836,1.0,3.075,2.075
1755,4700.530000000001,35845.145000000004,31144.615000000005,86.88656441479034,1.0,3.7,2.7
1756,3862.6440000000002,36305.167,32442.523,89.36062186409995,1.0,3.55,2.55
1757,3130.8900000000003,35863.899,32733.009,91.2700791400288,1.0,3.75,2.75
1758,4074.7,37479.552,33404.852000000006,89.12820516104357,1.0,3.25,2.25
1759,2733.018,35887.283,33154.265,92.38443879967173,1.0,3.55,2.55
1760,4233.869,36902.212,32668.343,88.52678804186588,1.0,3.35,2.35
1761,4143.139,35675.558,31532.418999999998,88.38661752676721,1.0,2.725,1.725
1762,4228.700000000001,32394.905,28166.204999999998,86.94640407187488,1.0,4.075,3.075
1763,3923.7419999999997,38294.595,34370.853,89.75379684783192,1.0,3.125,2.125
1764,4465.6849999999995,33574.856,29109.171000000002,86.69931748925447,1.0,3.275,2.275
1765,3418.163,40312.186,36894.023,91.5207699230203,1.0,3.775,2.775
1766,3066.297,36088.104999999996,33021.808,91.50330281958557,1.0,3.05,2.05
1767,3802.81,34815.863,31013.052999999996,89.07736395906657,1.0,3.225,2.225
1768,4479.701,31506.325,27026.624,85.78158195219531,1.0,3.175,2.175
1769,2786.9640000000004,35862.962999999996,33075.998999999996,92.228851810153,1.0,2.6,1.6
1770,2952.1290000000004,37455.297,34503.168,92.11826033578107,1.0,3.625,2.625
1771,5524.987,33323.029,27798.042,83.41991359789051,1.0,3.175,2.175
1772,4329.196,36698.566999999995,32369.370999999996,88.2033649978758,1.0,3.975,2.975
1773,4292.525,38356.587,34064.062,88.80889741310925,1.0,3.25,2.25
1774,3600.1859999999997,35247.871,31647.684999999998,89.78608949175965,1.0,3.775,2.775
1775,3865.129,37580.939,33715.81,89.71518779772906,1.0,3.2,2.2
1776,4026.469,36291.75,32265.281,88.90527737020122,1.0,2.95,1.9500000000000002
1777,4193.0869999999995,38793.225000000006,34600.138000000006,89.191187378724,1.0,3.275,2.275
1778,3530.0730000000003,36371.331,32841.258,90.29435298917163,1.0,3.05,2.05
1779,5594.332,35428.361000000004,29834.029000000002,84.20945298598487,1.0,3.625,2.625
1780,3795.513,37726.978,33931.465000000004,89.93952550347394,1.0,3.375,2.375
1781,3219.3900000000003,36057.577000000005,32838.187000000005,91.07152984794293,1.0,3.025,2.025
1782,3800.536,37285.167,33484.631,89.80684195406715,1.0,4.05,3.05
1783,3203.0710000000004,38520.444,35317.373,91.68475057037244,1.0,3.55,2.55
1784,4166.738,36558.801,32392.063,88.60264044217423,1.0,3.05,2.05
1785,4795.2519999999995,37993.322,33198.07,87.37869776167506,1.0,3.975,2.975
1786,2550.0870000000004,37600.793,35050.706,93.21799675873858,1.0,3.75,2.75
1787,5029.6,38344.812999999995,33315.212999999996,86.88323242051018,1.0,3.725,2.725
1788,3146.683,38864.955,35718.272000000004,91.90354652411152,1.0,3.2,2.2
1789,4153.974,39028.105,34874.131,89.35645479072069,1.0,3.225,2.225
1790,3754.536,35875.673,32121.137000000002,89.53459075178883,1.0,4.15,3.1500000000000004
1791,2203.948,36935.319,34731.37100000001,94.03295257853331,1.0,3.15,2.15
1792,3457.1300000000006,39282.675,35825.545000000006,91.19935187713159,1.0,3.55,2.55
1793,5559.481,33527.380999999994,27967.899999999994,83.41808744321544,1.0,3.675,2.675
1794,3758.6360000000004,35221.037000000004,31462.401000000005,89.32843459435905,1.0,3.075,2.075
1795,4427.587,36869.09,32441.502999999997,87.99105971967303,1.0,3.25,2.25
1796,2466.406,34846.391,32379.985000000004,92.92206185713752,1.0,3.225,2.225
1797,3909.843,36939.013,33029.17,89.41541020600631,1.0,3.725,2.725
1798,1813.568,37679.503,35865.935,95.18685795829101,1.0,3.85,2.85
1799,4038.634,40571.157,36532.523,90.04555379083718,1.0,3.875,2.875
1800,3653.738,35832.435,32178.696999999996,89.80326623072085,1.0,3.5,2.5
1801,3595.4700000000003,39171.63,35576.159999999996,90.8212397594892,1.0,3.375,2.375
1802,3078.5950000000003,35167.354,32088.759,91.24587252142996,1.0,3.5,2.5
1803,4504.872,34146.152,29641.280000000002,86.80708736961049,1.0,3.3,2.3
1804,3387.514,35495.460999999996,32107.946999999996,90.45648681672284,1.0,3.0,2.0
1805,4083.861,36668.039000000004,32584.178000000004,88.86261411470628,1.0,3.175,2.175
1806,3500.0830000000005,39075.58,35575.497,91.04278682491726,1.0,3.85,2.85
1807,3135.08,36597.409,33462.329,91.43360121477451,1.0,3.175,2.175
1808,3104.292,39081.852999999996,35977.560999999994,92.05694776038382,1.0,3.5,2.5
1809,3639.1310000000003,36837.626000000004,33198.495,90.12115764463215,1.0,3.525,2.525
1810,2958.335,36062.914,33104.579,91.79673888804439,1.0,4.3,3.3
1811,2105.066,36152.691000000006,34047.62500000001,94.17729097952903,1.0,3.525,2.525
1812,2695.2340000000004,38059.715,35364.481,92.91840729758488,1.0,3.65,2.65
1813,4359.0830000000005,35349.258,30990.175000000003,87.668530411586,1.0,3.4,2.4
1814,2715.442,36875.134,34159.691999999995,92.63611625113009,1.0,3.725,2.725
1815,4164.858,35143.97,30979.112,88.14915332559184,1.0,3.475,2.475
1816,3059.513,37850.026,34790.513,91.91674795679137,1.0,3.175,2.175
1817,3987.6330000000003,38326.058999999994,34338.42599999999,89.59550471912596,1.0,3.55,2.55
1818,3884.5260000000003,35157.387,31272.861,88.95103893813268,1.0,3.025,2.025
1819,3367.4090000000006,36993.632,33626.223,90.8973279509295,1.0,3.45,2.45
1820,4191.866,40014.378,35822.511999999995,89.52410056205296,1.0,3.825,2.825
1821,4387.524,38501.69,34114.166000000005,88.60433399157284,1.0,3.275,2.275
1822,3947.0270000000005,37907.239,33960.212,89.58766952138086,1.0,3.025,2.025
1823,4903.214,33992.74,29089.525999999998,85.57570234114696,1.0,3.8,2.8
1824,3209.4610000000002,32598.698999999997,29389.237999999998,90.15463469876512,1.0,3.2,2.2
1825,2831.8999999999996,39571.467000000004,36739.567,92.84358095695568,1.0,3.25,2.25
1826,3863.7619999999997,36952.43000000001,33088.668000000005,89.5439569197479,1.0,3.275,2.275
1827,3546.851,36401.924,32855.073,90.25641886401388,1.0,3.025,2.025
1828,3718.011,38040.961,34322.950000000004,90.22629580782673,1.0,3.175,2.175
1829,3189.291,38752.023,35562.732,91.7700012719336,1.0,3.8,2.8
1830,4031.185,37562.89200000001,33531.70700000001,89.26817189688164,1.0,3.425,2.425
1831,5190.94,36056.641,30865.701000000005,85.60337331477994,1.0,3.775,2.775
1832,4558.272,36062.207,31503.935,87.35997494551567,1.0,3.175,2.175
1833,3559.404,38706.27100000001,35146.867000000006,90.80406376527462,1.0,3.45,2.45
1834,4567.536,35159.274000000005,30591.738000000005,87.00901503256297,1.0,3.675,2.675
1835,4430.146,39031.635,34601.489,88.64985799339433,1.0,3.05,2.05
1836,2740.51,34658.05,31917.54,92.09271727636148,1.0,3.35,2.35
1837,4642.159,36056.87,31414.711000000003,87.12545209831025,1.0,3.575,2.575
1838,4117.908,33884.209,29766.301000000003,87.84711781231192,1.0,3.55,2.55
1839,4574.591,33996.19,29421.599000000002,86.54381270371768,1.0,3.1,2.1
1840,3920.5319999999997,34065.406,30144.874000000003,88.49116314656575,1.0,3.725,2.725
1841,2890.0160000000005,36699.503,33809.486999999994,92.12519036020733,1.0,3.025,2.025
1842,3086.673,36176.782,33090.109,91.46780661696222,1.0,3.125,2.125
1843,3466.291,36941.527,33475.236000000004,90.61681722036016,1.0,3.6,2.6
1844,4232.135,40517.244999999995,36285.10999999999,89.55473157170483,1.0,3.375,2.375
1845,3044.971,36509.519,33464.548,91.65978878001653,1.0,3.3,2.3
1846,3532.909,31528.773,27995.864,88.79465115880025,1.0,3.875,2.875
1847,3032.353,35984.911,32952.558,91.57326524998213,1.0,3.25,2.25
1848,2867.621,36498.615999999995,33630.994999999995,92.1432061971884,1.0,3.475,2.475
1849,3954.294,36287.119999999995,32332.825999999994,89.10276153081314,1.0,3.575,2.575
1850,2464.235,35391.396,32927.161,93.03719186437291,1.0,2.9,1.9
1851,3710.362,38718.752,35008.39,90.41714464350503,1.0,3.4,2.4
1852,3207.532,37963.66499999999,34756.132999999994,91.5510475608717,1.0,3.8,2.8
1853,5161.205,34424.977,29263.771999999997,85.00738286622529,1.0,3.05,2.05
1854,4949.602,37381.924,32432.322,86.75937065197607,1.0,3.025,2.025
1855,4484.978999999999,34361.178,29876.199,86.94754004068196,1.0,3.175,2.175
1856,3252.9109999999996,36443.126000000004,33190.215000000004,91.07400665903359,1.0,2.9,1.9
1857,3874.1440000000007,40082.414000000004,36208.270000000004,90.33455420125145,1.0,3.05,2.05
1858,3782.8520000000003,36226.064,32443.212,89.55765108790179,1.0,3.275,2.275
1859,2652.632,33822.446,31169.814000000002,92.15718461048027,1.0,3.15,2.15
1860,3894.308,36116.826,32222.518,89.21746888832368,1.0,3.25,2.25
1861,3726.5780000000004,36497.744999999995,32771.166999999994,89.78956645129719,1.0,3.35,2.35
1862,2209.679,38403.126000000004,36193.447,94.24609600791352,1.0,3.55,2.55
1863,3906.202,37520.983,33614.781,89.58928661330648,1.0,4.0,3.0
1864,3926.469,35548.273,31621.804,88.95454358640713,1.0,3.05,2.05
1865,4004.376,37231.255,33226.879,89.24458495959914,1.0,3.875,2.875
1866,3741.5730000000003,37259.975999999995,33518.40299999999,89.95819804070726,1.0,3.575,2.575
1867,3967.2570000000005,32899.808000000005,28932.551000000003,87.94139771271612,1.0,3.05,2.05
1868,4327.69,39795.509000000005,35467.819,89.12517992922267,1.0,4.15,3.1500000000000004
1869,5647.878000000001,38205.918000000005,32558.040000000005,85.2172692199151,1.0,3.3,2.3
1870,4435.272,38132.381,33697.109000000004,88.36875148184427,1.0,3.45,2.45
1871,5106.648999999999,38494.546,33387.897000000004,86.73409734459526,1.0,3.1,2.1
1872,2660.281,37969.231,35308.95,92.99358736024966,1.0,3.05,2.05
1873,3217.914,36342.675,33124.761000000006,91.14563251054031,1.0,3.15,2.15
1874,2981.3950000000004,34812.333,31830.938,91.43580810858036,1.0,3.275,2.275
1875,3785.541,38222.865,34437.324,90.09613486587152,1.0,3.725,2.725
1876,3547.239,33564.889,30017.65,89.43169750985919,1.0,3.25,2.25
1877,4506.093000000001,36867.283,32361.190000000002,87.77752892720628,1.0,3.825,2.825
1878,4533.912,34155.89,29621.978,86.72582679004998,1.0,2.925,1.9249999999999998
1879,4014.413,35772.479,31758.066,88.77792897718942,1.0,3.575,2.575
1880,3191.5710000000004,38150.428,34958.856999999996,91.63424588578664,1.0,3.2,2.2
1881,3210.5739999999996,36650.221000000005,33439.647000000004,91.23996005371973,1.0,3.45,2.45
1882,4782.173,37988.921,33206.748,87.41166404805232,1.0,3.7,2.7
1883,4419.582,36703.903999999995,32284.321999999993,87.95882312682596,1.0,3.775,2.775
1884,4603.214,36354.449,31751.235,87.3379624045464,1.0,3.575,2.575
1885,3623.984,34387.076,30763.092,89.46120338931986,1.0,3.025,2.025
1886,5174.029,35477.643,30303.613999999994,85.41608584313224,1.0,3.725,2.725
1887,4069.4280000000003,36100.815,32031.387000000002,88.72760074807175,1.0,3.45,2.45
1888,3055.353,37140.771,34085.418,91.7735875757668,1.0,3.45,2.45
1889,2126.8450000000003,39457.599,37330.754,94.60979620174051,1.0,3.375,2.375
1890,3802.81,36832.289000000004,33029.47900000001,89.67533622469134,1.0,3.2,2.2
1891,5725.536999999999,38470.455,32744.918,85.1170541133449,1.0,3.475,2.475
1892,2731.5550000000003,35845.145000000004,33113.590000000004,92.37956772109584,1.0,3.05,2.05
1893,4556.204,33713.915,29157.711000000003,86.48568699304131,1.0,3.025,2.025
1894,3116.511,35361.739,32245.228000000003,91.18677110308404,1.0,3.425,2.425
1895,4240.55,34678.611000000004,30438.061000000005,87.77185741378166,1.0,3.775,2.775
1896,3453.5699999999997,38488.273,35034.703,91.02695514553226,1.0,3.425,2.425
1897,3829.5110000000004,35779.852,31950.341,89.29701833311105,1.0,3.1,2.1
1898,3303.4809999999998,34632.859,31329.377999999997,90.46142566514649,1.0,3.55,2.55
1899,3199.576,37962.958,34763.382,91.57184748353909,1.0,3.475,2.475
1900,4456.701,39226.956000000006,34770.255000000005,88.63867744415346,1.0,3.675,2.675
1901,4336.748,37504.743,33167.995,88.43680118005341,1.0,3.2,2.2
1902,4259.039999999999,37536.206999999995,33277.166999999994,88.65351525794814,1.0,3.5,2.5
1903,3188.8740000000003,39168.807,35979.933,91.85863894195194,1.0,3.5,2.5
1904,3734.928,36697.86,32962.932,89.82249101173747,1.0,3.425,2.425
1905,3154.585,33691.467,30536.881999999998,90.63684285400811,1.0,3.1,2.1
1906,4176.461,36372.267,32195.806,88.51745754533255,1.0,3.575,2.575
1907,3893.196,36934.383,33041.187000000005,89.45915517256645,1.0,3.225,2.225
1908,2821.312,35773.41499999999,32952.102999999996,92.1133836397783,1.0,3.45,2.45
1909,4165.642,39989.187000000005,35823.545000000006,89.58307904584308,1.0,3.6,2.6
1910,3365.135,35378.850000000006,32013.715000000004,90.4882860805255,1.0,3.35,2.35
1911,3365.632,36372.267,33006.635,90.74670819940918,1.0,3.15,2.15
1912,3606.0199999999995,40372.14200000001,36766.12200000001,91.0680488540836,1.0,3.575,2.575
1913,4491.304,36046.903,31555.599,87.54038869857975,1.0,3.325,2.325
1914,3744.797,38182.763000000006,34437.96600000001,90.19244102371535,1.0,3.625,2.625
1915,3490.1920000000005,38296.402,34806.21,90.88637099641893,1.0,3.5,2.5
1916,4577.530000000001,37035.77,32458.239999999998,87.64024617282158,1.0,3.425,2.425
1917,3699.57,37793.371,34093.801,90.21106108793524,1.0,3.525,2.525
1918,3789.036,36275.346,32486.309999999998,89.55479018725279,1.0,3.4,2.4
1919,4225.351,34858.872,30633.521000000004,87.8786926897692,1.0,3.9,2.9
1920,4224.692,37368.507,33143.814999999995,88.69451219980503,1.0,3.8,2.8
1921,2440.7219999999998,37072.735,34632.013,93.41639617363002,1.0,3.325,2.325
1922,5400.269,40275.156,34874.887,86.59156279866427,1.0,3.7,2.7
1923,3565.3410000000003,38743.943,35178.602,90.79768158857759,1.0,3.9,2.9
1924,3644.965,38664.84,35019.875,90.572921031097,1.0,3.925,2.925
1925,5345.816,36339.932,30994.116,85.28941661200687,1.0,3.325,2.325
1926,4228.494000000001,38944.600999999995,34716.106999999996,89.14228444656553,1.0,3.725,2.725
1927,2965.7350000000006,33848.344,30882.608999999997,91.23816810654016,1.0,4.0,3.0
1928,3929.4080000000004,36723.758,32794.35,89.30009287175892,1.0,3.675,2.675
1929,2463.057,36336.402,33873.345,93.22151653870408,1.0,3.325,2.325
1930,3670.6330000000003,41054.334,37383.701,91.05908526003613,1.0,3.3,2.3
1931,4669.984,38017.577000000005,33347.59300000001,87.7162503018012,1.0,3.925,2.925
1932,4209.588,34773.725,30564.137,87.89434263944975,1.0,3.475,2.475
1933,4258.177000000001,38768.97,34510.793,89.01653306755377,1.0,3.85,2.85
1934,2848.6780000000003,34725.379,31876.701,91.79655317800851,1.0,3.625,2.625
1935,3685.191,36359.78599999999,32674.594999999994,89.86465156863134,1.0,3.575,2.575
1936,3176.63,35797.506,32620.876,91.12611364601769,1.0,3.175,2.175
1937,3568.0249999999996,36130.243,32562.218,90.124547460143,1.0,3.15,2.15
1938,5162.982,39178.774,34015.792,86.82199192858869,1.0,3.1,2.1
1939,2637.7830000000004,36965.847,34328.064,92.86427009233684,1.0,3.6,2.6
1940,2821.518,34543.246,31721.728,91.83192569684968,1.0,3.6,2.6
1941,2501.1120000000005,38127.044,35625.932,93.44005792843527,1.0,3.3,2.3
1942,3319.135,33559.551999999996,30240.416999999994,90.10971600574405,1.0,3.525,2.525
1943,3490.9060000000004,36056.641,32565.735000000004,90.31827174361582,1.0,3.45,2.45
1944,3457.6270000000004,34056.539000000004,30598.912000000004,89.84739171528851,1.0,3.55,2.55
1945,3958.739,39035.085,35076.346,89.8585106193569,1.0,3.175,2.175
1946,2439.107,36474.361000000004,34035.254,93.31281773517567,1.0,3.075,2.075
1947,4186.303,36173.25199999999,31986.948999999993,88.42707589574749,1.0,3.175,2.175
1948,3234.13,40475.335999999996,37241.206,92.00962778913066,1.0,3.425,2.425
1949,4566.03,33668.083,29102.053,86.43810519298056,1.0,3.175,2.175
1950,3975.8179999999998,34835.488,30859.67,88.58687439659235,1.0,3.45,2.45
1951,3638.634,34355.841,30717.207000000002,89.40897997519549,1.0,3.525,2.525
1952,3312.4540000000006,40505.635,37193.181000000004,91.82223905389955,1.0,3.775,2.775
1953,3260.8730000000005,38204.111000000004,34943.238000000005,91.4646018068579,1.0,3.2,2.2
1954,4903.661,35081.978,30178.317000000003,86.0222790174488,1.0,3.425,2.425
1955,4105.3550000000005,36334.595,32229.24,88.70125014466241,1.0,3.5,2.5
1956,4218.361,38215.884999999995,33997.524,88.96176027324763,1.0,2.95,1.9500000000000002
1957,4001.4860000000003,34186.418,30184.931999999997,88.29510011841545,1.0,3.225,2.225
1958,5894.223,36359.78600000001,30465.56300000001,83.78917026629365,1.0,3.55,2.55
1959,2116.1130000000003,35423.73100000001,33307.61800000001,94.0262842443107,1.0,3.175,2.175
1960,3983.8610000000003,39057.762,35073.901000000005,89.80007866298126,1.0,2.975,1.975
1961,5349.341,33964.019,28614.678,84.24997642357933,1.0,3.25,2.25
1962,2187.878,37242.865,35054.987,94.12537676679817,1.0,3.025,2.025
1963,3855.8,37351.39600000001,33495.596000000005,89.67695879425764,1.0,3.125,2.125
1964,3743.079,36783.943,33040.864,89.82414962963597,1.0,3.3,2.3
1965,4633.76,35583.431,30949.670999999995,86.97775939593907,1.0,2.95,1.9500000000000002
1966,3300.9300000000003,36740.705,33439.775,91.01560517143044,1.0,4.025,3.0250000000000004
1967,3727.7990000000004,35227.31,31499.511,89.41787209979985,1.0,3.125,2.125
1968,4008.6380000000004,37843.589,33834.951,89.40735245803457,1.0,3.375,2.375
1969,2740.057,37684.84,34944.782999999996,92.72902047613842,1.0,3.45,2.45
1970,3316.59,35213.893,31897.302999999996,90.58158664820161,1.0,3.45,2.45
1971,4437.969000000001,34427.570999999996,29989.601999999995,87.10925902963064,1.0,3.175,2.175
1972,3379.568,35457.789000000004,32078.221000000005,90.46875709029686,1.0,3.375,2.375
1973,4453.914,35094.688,30640.774,87.30886566080883,1.0,3.175,2.175
1974,5702.996,36988.295,31285.299,84.58161967184485,1.0,4.05,3.05
1975,4402.313,34930.438,30528.125,87.396914404566,1.0,3.45,2.45
1976,3938.5690000000004,38936.52099999999,34997.95199999999,89.88464069504309,1.0,3.475,2.475
1977,3732.1410000000005,39778.562000000005,36046.421,90.61770759837924,1.0,3.1,2.1
1978,3584.241,38628.975,35044.734,90.72136653897753,1.0,3.3,2.3
1979,4098.045,35592.218,31494.173000000003,88.48612075819496,1.0,3.5,2.5
1980,4766.38,38152.005999999994,33385.626,87.50686923251166,1.0,3.375,2.375
1981,3197.961,35747.288,32549.327,91.05397589881504,1.0,3.5,2.5
1982,3949.5780000000004,35894.427,31944.849000000002,88.99668185258953,1.0,3.05,2.05
1983,2853.334,37375.651,34522.316999999995,92.3657945115123,1.0,3.375,2.375
1984,3917.805,37502.936,33585.131,89.5533379039977,1.0,4.35,3.3499999999999996
1985,3436.1980000000003,36704.84,33268.64199999999,90.63829729267312,1.0,3.25,2.25
1986,4862.323,35361.739,30499.416,86.24976277326179,1.0,3.65,2.65
1987,3540.1459999999997,40208.056,36667.909999999996,91.19543108475575,1.0,3.325,2.325
1988,3862.644,34338.894,30476.25,88.75140241849373,1.0,2.925,1.9249999999999998
1989,3914.413,38579.693,34665.28,89.85369582904664,1.0,3.45,2.45
1990,3575.094,33934.426999999996,30359.332999999995,89.46469907978702,1.0,2.925,1.9249999999999998
1991,4981.9310000000005,36772.169,31790.238,86.45189790137209,1.0,3.325,2.325
1992,2867.0650000000005,35385.123,32518.057999999997,91.89754123505519,1.0,4.1,3.0999999999999996
1993,3784.423,38108.997,34324.574,90.06947624467786,1.0,3.85,2.85
1994,4634.154,37238.399000000005,32604.245000000003,87.55544243456868,1.0,2.9,1.9
1995,4580.9220000000005,39427.070999999996,34846.149,88.38127742230712,1.0,4.25,3.25
1996,4329.299,35662.141,31332.842000000004,87.8602381163823,1.0,3.5,2.5
1997,5600.825,38403.126000000004,32802.30100000001,85.41570548189229,1.0,3.3,2.3
1998,2951.4049999999997,34391.706,31440.301,91.41826520615174,1.0,3.325,2.325
1999,3319.42,35430.168000000005,32110.748000000007,90.63109156016421,1.0,3.45,2.45
2000,2244.1140000000005,38700.705,36456.591,94.20136144806665,1.0,3.625,2.625
2001,3672.6870000000004,32394.905000000002,28722.218,88.66276348086218,1.0,2.8,1.7999999999999998
2002,2959.307,37708.931,34749.623999999996,92.15223841800236,1.0,3.225,2.225
2003,4027.9320000000007,34991.494000000006,30963.562000000005,88.48882531280317,1.0,3.7,2.7
2004,3812.242,39564.323000000004,35752.081000000006,90.36444526044336,1.0,3.9,2.9
2005,2214.227,36089.748,33875.521,93.86466483501077,1.0,3.9,2.9
2006,4703.257,35221.973,30518.716,86.64680993310625,1.0,3.275,2.275
2007,3889.592,37768.344,33878.752,89.7014494466583,1.0,3.325,2.325
2008,4110.011,37935.172999999995,33825.162,89.16569854577968,1.0,3.45,2.45
2009,4450.267,35445.079,30994.811999999998,87.44461255115272,1.0,3.55,2.55
2010,2679.23,38107.19,35427.96,92.96922706712301,1.0,3.7,2.7
2011,3581.9510000000005,37363.17,33781.219,90.41315016900332,1.0,2.9,1.9
2012,3964.361,32992.179000000004,29027.818000000003,87.98393704156369,1.0,4.175,3.175
2013,3593.554,33066.652,29473.098,89.13239235710951,1.0,3.7,2.7
2014,2652.07,34446.325,31794.254999999997,92.30086228356727,1.0,3.6,2.6
2015,3439.2400000000002,36505.825,33066.585,90.5789281573557,1.0,4.1,3.0999999999999996
2016,3126.687,34375.695,31249.008,90.90436716988559,1.0,3.925,2.925
2017,4590.536,37479.551999999996,32889.015999999996,87.75189201834644,1.0,3.05,2.05
2018,2751.864,38699.998,35948.134,92.88923994259638,1.0,2.8,1.7999999999999998
2019,4781.478,36660.895000000004,31879.417000000005,86.95755245473413,1.0,3.55,2.55
2020,4556.869000000001,33635.912000000004,29079.043000000005,86.45236971722366,1.0,2.825,1.8250000000000002
2021,4114.866,34418.54,30303.674,88.04462362436058,1.0,3.05,2.05
2022,3685.6440000000002,40322.631,36636.987,90.85961429451366,1.0,3.325,2.325
2023,2994.569,35354.595,32360.026,91.52990155876485,1.0,3.575,2.575
2024,3711.868,34532.408,30820.540000000005,89.25105946854329,1.0,3.125,2.125
2025,2527.5640000000003,38702.741,36175.177,93.46928942319616,1.0,3.25,2.25
2026,4513.639,37698.421,33184.782,88.02698128921632,1.0,3.425,2.425
2027,3122.63,35374.44900000001,32251.819000000007,91.17263989044748,1.0,3.425,2.425
2028,3560.625,33509.563,29948.938000000002,89.37430189704354,1.0,3.175,2.175
2029,3748.46,35367.076,31618.616,89.40127252815586,1.0,2.95,1.9500000000000002
2030,3888.07,39179.71,35291.64,90.07631756335103,1.0,3.325,2.325
2031,4372.258,34787.142,30414.884,87.43139634753553,1.0,3.2,2.2
2032,4021.9589999999994,37950.477,33928.518,89.40208577615506,1.0,3.8,2.8
2033,3862.541,36415.341,32552.8,89.3930939710272,1.0,3.1,2.1
2034,3332.4120000000003,38067.795,34735.383,91.24611236348206,1.0,3.475,2.475
2035,3307.1220000000003,35487.217,32180.094999999998,90.68080768351038,1.0,3.8,2.8
2036,4141.464,31863.153000000002,27721.689000000002,87.00234091710887,1.0,3.175,2.175
2037,4100.742,36298.729999999996,32197.987999999998,88.70279483607278,1.0,3.35,2.35
2038,3619.026,35850.482,32231.456000000006,89.9052235894625,1.0,3.175,2.175
2039,4261.772999999999,34084.16,29822.387000000002,87.49632380554486,1.0,3.275,2.275
2040,2763.467,36995.275,34231.808000000005,92.53021635871067,1.0,3.5,2.5
2041,3249.79,39549.955,36300.165,91.78307535368877,1.0,3.1,2.1
2042,4333.972,34581.69,30247.718,87.46743724786151,1.0,3.475,2.475
2043,4380.512000000001,35228.246,30847.733999999997,87.56534174310012,1.0,2.875,1.875
2044,3774.803,39276.402,35501.599,90.38913238539517,1.0,4.05,3.05
2045,3596.8370000000004,34392.642,30795.805,89.54184153691943,1.0,3.5,2.5
2046,4572.982,36982.958,32409.976,87.63489388815249,1.0,2.85,1.85
2047,3960.9260000000004,41308.197,37347.271,90.41128326177005,1.0,2.875,1.875
2048,2269.242,36959.574,34690.332,93.86020520691068,1.0,3.575,2.575
2049,4162.082,36093.441999999995,31931.359999999993,88.46859216142366,1.0,3.425,2.425
2050,3452.414,34170.243,30717.829,89.89643123111533,1.0,3.125,2.125
2051,3124.142,34206.108,31081.966,90.86671304434869,1.0,3.325,2.325
2052,2819.4500000000003,37993.322,35173.872,92.57909060966031,1.0,3.325,2.325
2053,3238.3329999999996,40541.5,37303.167,92.01230097554358,1.0,3.2,2.2
2054,3830.92,34538.845,30707.925000000003,88.90837258744466,1.0,3.45,2.45
2055,4152.365,36571.511,32419.146,88.64590254419622,1.0,3.3,2.3
2056,2548.5750000000003,34513.654,31965.079,92.61574853824519,1.0,2.85,1.85
2057,3610.465,34719.813,31109.348,89.60113926880885,1.0,3.4,2.4
2058,4427.419,31952.93,27525.511,86.14393421823914,1.0,3.675,2.675
2059,4176.768000000001,36601.81,32425.041999999998,88.5886299065538,1.0,3.6,2.6
2060,2607.231,38847.844,36240.613,93.28860824296967,1.0,3.35,2.35
2061,2593.56,33137.28200000001,30543.722000000005,92.17328687367902,1.0,3.15,2.15
2062,2359.6220000000003,39300.722,36941.1,93.99598307634143,1.0,3.675,2.675
2063,3839.1310000000003,34944.955,31105.824,89.01377609443195,1.0,3.1,2.1
2064,4103.366,32837.816,28734.449999999997,87.50414461180974,1.0,4.05,3.05
2065,3385.343,36992.695999999996,33607.352999999996,90.84861779200953,1.0,3.45,2.45
2066,3724.801,35633.42,31908.619,89.5468888476043,1.0,3.275,2.275
2067,2755.4620000000004,35325.167,32569.705,92.19971982014975,1.0,3.35,2.35
2068,4450.932,34403.48,29952.548000000003,87.06255297429215,1.0,3.25,2.25
2069,4653.097,37250.00899999999,32596.91199999999,87.5084674476186,1.0,3.625,2.625
2070,2606.281,35873.865999999995,33267.58499999999,92.73487557766981,1.0,3.05,2.05
2071,3329.311,37025.096000000005,33695.785,91.00796119475288,1.0,3.45,2.45
2072,2708.9049999999997,36492.407999999996,33783.503,92.5767984398289,1.0,3.225,2.225
2073,2432.82,39512.21799999999,37079.397999999994,93.84286652801926,1.0,3.175,2.175
2074,3310.12,37400.678,34090.558,91.14957220828991,1.0,3.25,2.25
2075,4359.99,35651.467000000004,31291.477000000006,87.77051726931742,1.0,2.85,1.85
2076,4088.5769999999998,36323.921,32235.344,88.74411988727758,1.0,3.75,2.75
2077,3019.849,37987.049,34967.2,92.05031957075686,1.0,3.275,2.275
2078,2949.1310000000003,38949.231,36000.1,92.42826899457913,1.0,3.6,2.6
2079,2879.764,36473.653999999995,33593.88999999999,92.10453660606639,1.0,2.925,1.9249999999999998
2080,4939.77,34701.994999999995,29762.224999999995,85.76516998518385,1.0,3.65,2.65
2081,4904.429,35131.489,30227.06,86.0397918232273,1.0,3.325,2.325
2082,3255.353,36866.346999999994,33610.99399999999,91.16985200622128,1.0,3.925,2.925
2083,3466.188,38490.08,35023.892,90.99459393173514,1.0,3.875,2.875
2084,5239.982,38157.572,32917.59,86.26751723091814,1.0,3.1,2.1
2085,3430.218,33564.182,30133.964,89.78012334696552,1.0,3.45,2.45
2086,2570.3540000000003,36807.098,34236.744,93.01668933530158,1.0,4.05,3.05
2087,4384.4169999999995,39433.344,35048.926999999996,88.8814476398451,1.0,3.05,2.05
2088,3750.6310000000003,38108.061,34357.43,90.15790648597944,1.0,3.1,2.1
2089,3486.643,38561.875,35075.232,90.95831569393346,1.0,3.425,2.425
2090,2188.953,34695.558000000005,32506.605000000003,93.69097046947623,1.0,3.05,2.05
2091,4257.637000000001,34023.268000000004,29765.631,87.4861021580878,1.0,3.4,2.4
2092,4141.318,35350.35800000001,31209.040000000008,88.28493335201868,1.0,3.225,2.225
2093,4709.194,33956.875,29247.681,86.13183928144153,1.0,3.075,2.075
2094,5014.049,34532.408,29518.359000000004,85.48016402447232,1.0,3.475,2.475
2095,3411.276,34223.219000000005,30811.943000000007,90.03227604042742,1.0,3.55,2.55
2096,5138.657999999999,39390.106,34251.448000000004,86.95444485475618,1.0,3.675,2.675
2097,3631.023,34864.209,31233.186,89.58524198842429,1.0,3.275,2.275
2098,3122.6360000000004,36522.936,33400.3,91.45020542707739,1.0,3.775,2.775
2099,2956.018,34847.098,31891.079999999998,91.5171759783268,1.0,4.025,3.0250000000000004
2100,4591.714,38102.723999999995,33511.009999999995,87.94911880840856,1.0,3.825,2.825
2101,3955.2440000000006,36089.041,32133.797,89.04031836146602,1.0,3.45,2.45
2102,3580.475,37575.602,33995.127,90.47127708027139,1.0,3.8,2.8
2103,2958.745,36693.229999999996,33734.48499999999,91.93653706691943,1.0,3.85,2.85
2104,4171.308,36098.778999999995,31927.470999999994,88.44473936362223,1.0,3.35,2.35
2105,4945.648,37190.053,32244.405,86.70169144421493,1.0,3.225,2.225
2106,3377.748,34332.456999999995,30954.708999999995,90.16164791235303,1.0,3.125,2.125
2107,4643.379999999999,41647.914000000004,37004.53400000001,88.85087017803582,1.0,3.125,2.125
2108,2926.1310000000003,32769.78,29843.648999999998,91.07064191459325,1.0,3.225,2.225
2109,4991.6050000000005,34671.467000000004,29679.862000000005,85.6031329738658,1.0,3.2,2.2
2110,5231.771,37013.486000000004,31781.715000000004,85.86523031091964,1.0,3.525,2.525
2111,3361.472,37400.678,34039.206,91.0122698845192,1.0,3.325,2.325
2112,3387.017,33442.234,30055.216999999997,89.87203725684115,1.0,4.1,3.0999999999999996
2113,3517.811,35257.838,31740.027000000002,90.02261284427026,1.0,3.625,2.625
2114,3127.6369999999997,36612.713,33485.076,91.45751094708551,1.0,3.525,2.525
2115,3027.6799999999994,38890.918,35863.238,92.21494334487039,1.0,3.775,2.775
2116,4583.196,35935.629,31352.433,87.24609495495403,1.0,2.95,1.9500000000000002
2117,3023.295,35917.811,32894.516,91.58274149836136,1.0,4.025,3.0250000000000004
2118,3565.523,38090.242999999995,34524.719999999994,90.63927473500235,1.0,2.925,1.9249999999999998
2119,3599.98,35622.746,32022.766,89.89415358378044,1.0,3.825,2.825
2120,4643.483,38992.24,34348.757,88.09126380018178,1.0,3.35,2.35
2121,2415.551,36249.448000000004,33833.897000000004,93.33630956256216,1.0,3.25,2.25
2122,4701.686000000001,40334.240999999995,35632.55499999999,88.34318959912993,1.0,3.05,2.05
2123,3614.4620000000004,38258.729999999996,34644.268,90.55258237793048,1.0,3.725,2.725
2124,4216.081,36280.847,32064.766000000003,88.37932036151196,1.0,3.1,2.1
2125,2237.886,39486.32,37248.434,94.33250300357187,1.0,3.625,2.625
2126,4306.861,39754.307,35447.446,89.16630341462121,1.0,3.65,2.65
2127,2779.7260000000006,33522.979999999996,30743.253999999994,91.70799851325866,1.0,2.675,1.6749999999999998
2128,4047.2980000000002,35549.209,31501.911000000004,88.61494217775704,1.0,3.4,2.4
2129,3369.295,33853.681,30484.386,90.04747814572957,1.0,3.8,2.8
2130,3232.25,36033.486,32801.236,91.02987149231134,1.0,3.2,2.2
2131,3696.691,33453.844,29757.153,88.94987673165453,1.0,3.575,2.575
2132,3865.6259999999997,35204.862,31339.236,89.01962461889497,1.0,3.525,2.525
2133,2996.7400000000002,35045.406,32048.666,91.448979075888,1.0,3.65,2.65
2134,3589.701,40642.887,37053.186,91.16770174323491,1.0,3.45,2.45
2135,3197.134,37798.001000000004,34600.867000000006,91.54152623044801,1.0,3.075,2.075
2136,4346.319,34483.997,30137.678000000004,87.39612754287155,1.0,3.6,2.6
2137,3155.3529999999996,34629.329,31473.976,90.88820635248231,1.0,3.75,2.75
2138,3541.302,32904.209,29362.907000000003,89.23754100881138,1.0,3.275,2.275
2139,2909.505,34430.314,31520.808999999997,91.54958331196165,1.0,2.925,1.9249999999999998
2140,4189.483,36833.225,32643.742,88.62580455553376,1.0,3.1,2.1
2141,3735.0739999999996,35979.574,32244.5,89.61890432610458,1.0,3.9,2.9
2142,3881.031,41483.121,37602.09,90.64431290017933,1.0,2.625,1.625
2143,6439.721,37605.03,31165.309,82.87537332106902,1.0,3.875,2.875
2144,3203.022,36305.873999999996,33102.852,91.1776755463868,1.0,3.55,2.55
2145,2101.571,32110.743000000002,30009.172000000002,93.45524019796116,1.0,3.55,2.55
2146,3944.965,37334.449,33389.484,89.43344523445357,1.0,3.575,2.575
2147,3108.4460000000004,40487.817,37379.371,92.3225151901867,1.0,3.5,2.5
2148,5561.609,38773.371,33211.762,85.65611176804823,1.0,2.9,1.9
2149,2939.137,37115.58,34176.443,92.08112334496725,1.0,3.525,2.525
2150,3943.8469999999998,38413.013,34469.166,89.73304437222876,1.0,3.2,2.2
2151,4476.206,36621.5,32145.294,87.77710907527,1.0,3.375,2.375
2152,3180.6269999999995,34965.596000000005,31784.969000000005,90.90355273795419,1.0,3.2,2.2
2153,5177.934,38029.187000000005,32851.253000000004,86.38431581511327,1.0,3.15,2.15
2154,4117.146,37369.214,33252.068,88.98251913995301,1.0,3.375,2.375
2155,3708.482,33170.553,29462.071,88.81995726751978,1.0,3.425,2.425
2156,3904.134,32788.534,28884.4,88.09299006780846,1.0,3.35,2.35
2157,4482.143,36734.66100000001,32252.518000000007,87.79859980196905,1.0,3.6,2.6
2158,4431.983,33405.433000000005,28973.450000000004,86.73274793354722,1.0,3.6,2.6
2159,2702.2300000000005,37533.46400000001,34831.234000000004,92.80047799478352,1.0,3.3,2.3
2160,3508.379,38132.380999999994,34624.00199999999,90.7994756477441,1.0,3.3,2.3
2161,4115.634,35988.441000000006,31872.807000000008,88.56401142800269,1.0,3.725,2.725
2162,2831.349,34655.456000000006,31824.107000000004,91.83000506471477,1.0,3.175,2.175
2163,3315.127,36546.32000000001,33231.19300000001,90.92897178156379,1.0,3.35,2.35
2164,3200.295,35560.754,32360.459000000003,91.00048609767948,1.0,3.225,2.225
2165,4842.769,38049.041,33206.272,87.27229682346001,1.0,3.5,2.5
2166,4348.351,37944.911,33596.56,88.5403578888352,1.0,3.1,2.1
2167,3579.962,38212.191,34632.229,90.63136159871074,1.0,3.4,2.4
2168,3944.2999999999993,34756.614,30812.314000000002,88.65165634373936,1.0,3.8,2.8
2169,3920.635,33576.663,29656.028,88.32333338187895,1.0,3.7,2.7
2170,4035.527,37302.985,33267.458,89.18175851074652,1.0,3.025,2.025
2171,4348.864,35894.426999999996,31545.562999999995,87.88429189857244,1.0,3.4,2.4
2172,4161.1810000000005,36195.53599999999,32034.354999999992,88.50360718515122,1.0,3.525,2.525
2173,5076.2,36704.133,31627.933,86.16994985278633,1.0,3.7,2.7
2174,4214.413,37883.148,33668.735,88.87523022109988,1.0,3.9,2.9
2175,3784.1160000000004,34272.501,30488.384999999995,88.95873983634868,1.0,3.925,2.925
2176,3928.187,35269.448000000004,31341.261000000006,88.8623519143254,1.0,3.2,2.2
2177,4077.6820000000007,38563.682,34486.0,89.42610822275736,1.0,3.15,2.15
2178,4229.5470000000005,32620.047,28390.5,87.03390280216334,1.0,3.7,2.7
2179,4842.715,39929.231,35086.516,87.87175490557281,1.0,3.125,2.125
2180,2816.4570000000003,37980.612,35164.155,92.58448758013694,1.0,3.175,2.175
2181,5783.534,35165.547,29382.013,83.55340811277584,1.0,3.8,2.8
2182,3096.9460000000004,36747.142,33650.195999999996,91.57228064158022,1.0,2.85,1.85
2183,2391.848,35009.541,32617.693,93.1680109716377,1.0,3.575,2.575
2184,4247.643,35065.031,30817.388000000003,87.88638458639892,1.0,3.625,2.625
2185,3372.6220000000003,37739.623,34367.001,91.06344544035323,1.0,3.075,2.075
2186,4133.356,37414.259000000005,33280.903000000006,88.95245793856294,1.0,3.425,2.425
2187,3829.3050000000003,38058.779,34229.474,89.93844495116356,1.0,3.625,2.625
2188,4417.14,38809.236000000004,34392.096000000005,88.6183278640167,1.0,3.6,2.6
2189,3696.897,33389.258,29692.361,88.927885130002,1.0,4.025,3.0250000000000004
2190,4212.030000000001,35075.770000000004,30863.740000000005,87.99162498784774,1.0,3.425,2.425
2191,2589.962,36474.59,33884.628,92.89927042360175,1.0,3.4,2.4
2192,3689.679,36632.174,32942.494999999995,89.92776404698229,1.0,3.725,2.725
2193,4175.856,35803.943,31628.087,88.33688233723308,1.0,3.125,2.125
2194,3254.5060000000003,34592.528,31338.021999999997,90.59188157627565,1.0,3.375,2.375
2195,3891.866,34308.366,30416.5,88.65621871936425,1.0,3.6,2.6
2196,3453.7380000000003,36728.224,33274.486000000004,90.59650148071412,1.0,3.775,2.775
2197,4189.737999999999,39124.862,34935.124,89.29136670181738,1.0,2.925,1.9249999999999998
2198,4091.763,38586.130000000005,34494.367000000006,89.39576733919675,1.0,3.325,2.325
2199,2005.4599999999998,35267.805,33262.345,94.31362399786435,1.0,2.925,1.9249999999999998
2200,3553.4670000000006,34682.141,31128.674000000003,89.7541878974542,1.0,3.775,2.775
2201,3692.67,37181.973,33489.303,90.06865504420651,1.0,3.6,2.6
2202,4514.969000000001,35198.589,30683.62,87.17286934427968,1.0,3.85,2.85
2203,4350.267,34864.209,30513.942000000003,87.52225527330909,1.0,3.275,2.275
2204,3137.112,36396.587,33259.475,91.38075226668919,1.0,3.55,2.55
2205,2969.8950000000004,35996.521,33026.626000000004,91.7494943469676,1.0,3.375,2.375
2206,4539.988,36437.789000000004,31897.801000000003,87.54044050257825,1.0,3.725,2.725
2207,2652.07,41099.215,38447.145,93.54715169134009,1.0,3.25,2.25
2208,4078.9629999999997,37595.227,33516.263999999996,89.15031687400105,1.0,3.45,2.45
2209,4445.369000000001,34169.307,29723.938000000002,86.99016927677229,1.0,3.075,2.075
2210,2466.552,35308.056,32841.50399999999,93.01419483417608,1.0,3.325,2.325
2211,4903.002,38762.697,33859.695,87.35123616398518,1.0,3.45,2.45
2212,4213.083,37394.405,33181.322,88.73338671921643,1.0,3.525,2.525
2213,3759.96,33877.065,30117.105000000003,88.90116366338111,1.0,3.1,2.1
2214,4460.093,40449.209,35989.116,88.9735964923319,1.0,3.425,2.425
2215,3576.1760000000004,39137.572,35561.396,90.86255018579078,1.0,3.0,2.0
2216,4418.464,37640.188,33221.724,88.26131261618566,1.0,3.625,2.625
2217,3396.026,34101.978,30705.952000000005,90.04155712023508,1.0,3.875,2.875
2218,3862.747,35537.599,31674.852000000003,89.13053467680808,1.0,3.325,2.325
2219,3842.129,36560.444,32718.315000000002,89.49102204557472,1.0,3.3,2.3
2220,3715.121,36340.868,32625.747000000003,89.77701633323673,1.0,3.575,2.575
2221,4491.304,38533.153999999995,34041.84999999999,88.34431253667944,1.0,3.8,2.8
2222,3150.74,33504.93299999999,30354.192999999992,90.59619071615515,1.0,3.9,2.9
2223,4842.715,36251.255,31408.539999999997,86.64124869607961,1.0,3.675,2.675
2224,3103.022,34755.678,31652.656,91.07189910091813,1.0,3.575,2.575
2225,4656.204,37945.846999999994,33289.643,87.72934492673204,1.0,3.45,2.45
2226,6662.612,38114.334,31451.722,82.51940595367611,1.0,3.175,2.175
2227,5266.477000000001,36948.029,31681.552000000003,85.74625726314116,1.0,2.825,1.8250000000000002
2228,2916.5599999999995,36213.518,33296.958,91.94621190904458,1.0,3.0,2.0
2229,3091.5710000000004,36730.031,33638.46,91.58298831819663,1.0,3.825,2.825
2230,4393.643,34720.748999999996,30327.105999999996,87.34577125625947,1.0,3.45,2.45
2231,3226.234,37278.729999999996,34052.496,91.34564401737936,1.0,3.625,2.625
2232,3626.7300000000005,34991.494,31364.764,89.63539539066265,1.0,3.625,2.625
2233,3717.7019999999998,36478.990999999995,32761.288999999993,89.80864903856578,1.0,3.15,2.15
2234,3487.725,38029.187000000005,34541.46200000001,90.8288205056816,1.0,3.125,2.125
2235,3804.799,37860.7,34055.901,89.95053181795372,1.0,3.325,2.325
2236,4822.156999999999,35700.748999999996,30878.591999999997,86.49284080846596,1.0,2.875,1.875
2237,2820.508,38533.154,35712.646,92.68030849486134,1.0,3.05,2.05
2238,4571.302,36511.326,31940.024,87.47976997603428,1.0,3.675,2.675
2239,4225.416,37975.274999999994,33749.859,88.87324449921692,1.0,3.75,2.75
2240,3583.4570000000003,39101.478,35518.021,90.83549476058168,1.0,3.575,2.575
2241,4211.68,36056.869999999995,31845.189999999995,88.31934108534657,1.0,3.25,2.25
2242,3630.1760000000004,35348.322,31718.146,89.73027347663066,1.0,4.05,3.05
2243,2793.5600000000004,37236.592000000004,34443.03200000001,92.49780968140156,1.0,3.75,2.75
2244,4006.9640000000004,37443.687,33436.723,89.29869272756179,1.0,3.525,2.525
2245,3717.8049999999994,35700.749,31982.944000000003,89.58619887778825,1.0,3.8,2.8
2246,3537.8720000000003,34957.436,31419.564000000002,89.87948658477126,1.0,3.8,2.8
2247,4488.365,39681.641,35193.276000000005,88.68906404349559,1.0,3.825,2.825
2248,3457.627,37963.894,34506.267,90.8923278523536,1.0,3.225,2.225
2249,4317.593,37879.454,33561.861,88.6017549249786,1.0,3.1,2.1
2250,4151.591,36887.844,32736.252999999997,88.74536825735872,1.0,2.875,1.875
2251,3917.249,34148.746,30231.497,88.52886428098999,1.0,3.875,2.875
2252,3984.6290000000004,35306.184,31321.555,88.71407626493988,1.0,3.225,2.225
2253,3641.367,38853.181,35211.814,90.62787934918379,1.0,3.375,2.375
2254,4617.139999999999,35492.718,30875.578,86.99130339919304,1.0,3.65,2.65
2255,4111.577,39057.762,34946.185000000005,89.47308604113059,1.0,3.3,2.3
2256,4989.212,33520.237,28531.025,85.11582122763632,1.0,4.175,3.175
2257,3209.8060000000005,34839.954,31630.147999999997,90.78699702071937,1.0,3.2,2.2
2258,3705.6459999999997,39312.267,35606.621,90.57381758218115,1.0,2.9,1.9
2259,4195.258,37012.386,32817.128,88.66525924591838,1.0,3.3,2.3
2260,4420.635,38718.752,34298.117,88.58270276893222,1.0,2.925,1.9249999999999998
2261,2540.225,35568.12700000001,33027.90200000001,92.85814234750119,1.0,3.35,2.35
2262,4074.4289999999996,35803.943,31729.514,88.62016677883774,1.0,3.2,2.2
2263,4021.7529999999997,41797.647,37775.894,90.37803970161288,1.0,3.575,2.575
2264,4572.42,40203.655,35631.235,88.62685494639729,1.0,3.35,2.35
2265,3820.641,36015.439,32194.798,89.39165783873966,1.0,3.425,2.425
2266,4341.106,36903.148,32562.042,88.23648865944986,1.0,3.4,2.4
2267,3713.0890000000004,37503.872,33790.783,90.09945159795767,1.0,3.2,2.2
2268,2285.4579999999996,34055.439,31769.981,93.28900737412312,1.0,3.7,2.7
2269,5203.105,36185.733,30982.628,85.62111481892602,1.0,3.125,2.125
2270,3756.465,35929.191999999995,32172.726999999995,89.54481080454022,1.0,3.025,2.025
2271,4074.8030000000003,37195.39,33120.587,89.04487088319279,1.0,2.925,1.9249999999999998
2272,2880.8390000000004,32800.308000000005,29919.469000000005,91.21703674245985,1.0,3.725,2.725
2273,3321.2030000000004,34761.951,31440.748,90.4458670918672,1.0,3.55,2.55
2274,2827.637,33473.469,30645.832,91.55260245061544,1.0,3.35,2.35
2275,3674.955,37457.10399999999,33782.14899999999,90.18889714485134,1.0,3.225,2.225
2276,2984.7870000000003,33774.971000000005,30790.184000000005,91.162725202636,1.0,3.025,2.025
2277,3119.45,36886.037000000004,33766.58700000001,91.54300582629683,1.0,3.475,2.475
2278,4868.092,34701.995,29833.903000000002,85.97172295137499,1.0,3.1,2.1
2279,3821.197,34230.363,30409.165999999997,88.836820106173,1.0,3.075,2.075
2280,3947.239,34081.417,30134.178,88.41820749413088,1.0,3.9,2.9
2281,3892.0780000000004,41473.153999999995,37581.075999999994,90.61542799469748,1.0,3.4,2.4
2282,5601.322,38725.89599999999,33124.57399999999,85.53597830247749,1.0,3.125,2.125
2283,3168.0740000000005,38015.770000000004,34847.696,91.66642159293367,1.0,3.425,2.425
2284,4516.643,38367.261,33850.618,88.22787219551587,1.0,3.325,2.325
2285,4628.385,35620.939,30992.553999999996,87.00656094439285,1.0,3.275,2.275
2286,4111.021,37598.05,33487.029,89.065866447861,1.0,3.95,2.95
2287,3949.923,33010.146,29060.223,88.03421529853276,1.0,3.4,2.4
2288,3028.858,38525.07400000001,35496.21600000001,92.13795669801958,1.0,3.225,2.225
2289,3619.7340000000004,40521.875,36902.141,91.0672099946017,1.0,3.9,2.9
2290,4702.036,35259.481,30557.445,86.66447756278659,1.0,3.475,2.475
2291,2626.7960000000003,38222.865,35596.068999999996,93.12768417542745,1.0,3.125,2.125
2292,4927.72,35186.108,30258.388,85.99526835988794,1.0,3.55,2.55
2293,3657.7889999999998,36415.341,32757.552,89.95536249406534,1.0,3.925,2.925
2294,2961.393,39293.57800000001,36332.18500000001,92.46341730447658,1.0,3.175,2.175
2295,3357.233,36507.632,33150.399,90.80402421060889,1.0,3.3,2.3
2296,2651.5570000000002,35795.863,33144.306,92.59256020730663,1.0,3.5,2.5
2297,4271.205,36583.992,32312.786999999997,88.32493457794327,1.0,2.95,1.9500000000000002
2298,5222.816000000001,37073.442,31850.626000000004,85.91224413422417,1.0,3.6,2.6
2299,3063.57,37689.47,34625.9,91.87154926827043,1.0,2.675,1.6749999999999998
2300,3070.91,38718.752,35647.842000000004,92.0686751473808,1.0,3.6,2.6
2301,3593.736,36009.231,32415.495,90.0199590488339,1.0,3.35,2.35
2302,3024.9040000000005,37358.54,34333.636,91.9030454616267,1.0,3.1,2.1
2303,2945.6360000000004,35468.463,32522.827000000005,91.69505597127228,1.0,3.35,2.35
2304,4541.106,33410.77,28869.663999999997,86.40825697821391,1.0,3.575,2.575
2305,3981.031,38126.108,34145.077,89.55825493648604,1.0,3.25,2.25
2306,3482.4040000000005,32618.24,29135.836000000003,89.3237525997724,1.0,3.225,2.225
2307,3033.471,39000.32,35966.849,92.22193305080573,1.0,2.775,1.775
2308,3485.753,33486.179000000004,30000.426000000003,89.5904725349524,1.0,3.275,2.275
2309,4614.969000000001,39718.606,35103.637,88.38083844130885,1.0,3.3,2.3
2310,2939.5600000000004,38022.914,35083.354,92.26897759598332,1.0,3.425,2.425
2311,4935.133,38018.513,33083.38,87.01913196868063,1.0,3.325,2.325
2312,2533.2730000000006,38496.353,35963.08,93.4194467720098,1.0,3.525,2.525
2313,4718.106,34354.905,29636.799,86.26657241520535,1.0,3.15,2.15
2314,4015.3630000000003,35385.83,31370.467,88.65262451099775,1.0,3.375,2.375
2315,3475.862,35669.513999999996,32193.651999999995,90.25537045444464,1.0,3.4,2.4
2316,4145.624,37213.208,33067.584,88.85980483058596,1.0,3.175,2.175
2317,3929.3050000000003,38375.341,34446.036,89.76085971457557,1.0,3.4,2.4
2318,2306.1620000000003,36511.162,34205.0,93.68367952792082,1.0,3.65,2.65
2319,4577.983,38610.221,34032.238,88.1430800409042,1.0,3.275,2.275
2320,3288.8379999999997,35169.161,31880.323,90.64851731890903,1.0,3.725,2.725
2321,2323.5989999999997,35909.731,33586.132,93.52933331636486,1.0,3.15,2.15
2322,3732.9030000000002,35294.639,31561.736000000004,89.42359773108886,1.0,3.2,2.2
2323,3539.796,34586.32,31046.524,89.76532918217377,1.0,3.675,2.675
2324,3196.9460000000004,36740.705,33543.759,91.2986264144904,1.0,3.225,2.225
2325,3189.956,35168.061,31978.105000000003,90.92939471414134,1.0,2.6,1.6
2326,3425.4600000000005,34587.191000000006,31161.731000000007,90.09616016518947,1.0,3.325,2.325
2327,4720.936,35263.175,30542.239,86.61227753882059,1.0,3.3,2.3
2328,2670.5,38294.595,35624.095,93.02643101461186,1.0,3.15,2.15
2329,2504.9570000000003,34422.234,31917.276999999995,92.72285174750714,1.0,3.55,2.55
2330,3880.789,37078.778999999995,33197.99,89.53366560425304,1.0,3.55,2.55
2331,4463.091,32994.693,28531.602,86.4733064799239,1.0,4.05,3.05
2332,3624.8010000000004,35213.893,31589.091999999997,89.70633266818867,1.0,3.475,2.475
2333,3783.861,34689.513999999996,30905.652999999995,89.09220521221485,1.0,3.475,2.475
2334,3646.2889999999998,35524.888999999996,31878.599999999995,89.73595948463061,1.0,3.85,2.85
2335,3898.094,33963.854999999996,30065.760999999995,88.52281638818678,1.0,3.475,2.475
2336,4865.715,37704.694,32838.97900000001,87.09520093174606,1.0,3.625,2.625
2337,3925.8100000000004,37697.55,33771.740000000005,89.58603410566471,1.0,3.55,2.55
2338,3568.2740000000003,35064.16,31495.886000000002,89.82358624875087,1.0,3.875,2.875
2339,4136.186,35386.93,31250.744,88.31154327318023,1.0,3.575,2.575
2340,3340.358,38793.225,35452.867,91.38932635788852,1.0,3.3,2.3
2341,3754.126,34412.103,30657.977000000003,89.09068126408897,1.0,3.55,2.55
2342,2833.8290000000006,35559.883,32726.054,92.03082586070376,1.0,2.975,1.975
2343,2750.455,36616.163,33865.708,92.48841283561032,1.0,3.2,2.2
2344,3591.4620000000004,35202.119,31610.657,89.79759712760473,1.0,3.6,2.6
2345,3365.7350000000006,35918.518,32552.782999999996,90.62952708683582,1.0,3.525,2.525
2346,3818.264,38452.407999999996,34634.14399999999,90.07015633455256,1.0,3.575,2.575
2347,4263.243,35930.292,31667.049,88.13468312475723,1.0,3.8,2.8
2348,4128.64,33396.402,29267.762000000002,87.6374706472871,1.0,3.45,2.45
2349,3674.1440000000002,35468.463,31794.319000000003,89.6410960914771,1.0,3.075,2.075
2350,3635.2479999999996,41109.889,37474.641,91.15724199595869,1.0,3.475,2.475
2351,3120.647,35609.329,32488.681999999997,91.23643413780698,1.0,3.425,2.425
2352,3249.022,33364.231,30115.209,90.26196048097137,1.0,3.725,2.725
2353,5191.751,33284.421,28092.670000000002,84.40185875548202,1.0,3.45,2.45
2354,3136.404,32394.905,29258.501,90.31821825067861,1.0,3.65,2.65
2355,3219.946,35325.873999999996,32105.927999999996,90.88502099056346,1.0,3.475,2.475
2356,3623.186,35578.801,31955.614999999998,89.81644715908217,1.0,3.4,2.4
2357,4227.134,36045.967000000004,31818.833000000006,88.27293494442804,1.0,3.9,2.9
2358,3011.282,37337.979,34326.697,91.93506965119886,1.0,3.175,2.175
2359,3714.9750000000004,37206.064,33491.089,90.01513570476038,1.0,3.25,2.25
2360,4816.637,36735.368,31918.731000000003,86.88828433677322,1.0,3.525,2.525
2361,4830.368,37229.448000000004,32399.08,87.0254106372998,1.0,3.4,2.4
2362,4238.876,37780.825,33541.94899999999,88.7803508790504,1.0,2.85,1.85
2363,3640.455,38248.056,34607.600999999995,90.48198684921398,1.0,3.2,2.2
2364,2741.126,35379.786,32638.66,92.25228213647195,1.0,3.225,2.225
2365,4585.529,35076.641,30491.112,86.92711482835543,1.0,3.675,2.675
2366,2811.282,38225.608,35414.326,92.6455532113446,1.0,3.475,2.475
2367,3688.729,38410.270000000004,34721.541000000005,90.39650333101017,1.0,3.175,2.175
2368,3261.678,35379.786,32118.108,90.78095610866612,1.0,3.3,2.3
2369,2812.254,36093.442,33281.188,92.20840727797587,1.0,2.975,1.975
2370,3544.3060000000005,35985.14000000001,32440.834000000006,90.15063995860514,1.0,3.725,2.725
2371,3191.5650000000005,36080.025,32888.46,91.15420513150974,1.0,3.075,2.075
2372,4991.757,36383.877,31392.120000000003,86.2803048724027,1.0,3.5,2.5
2373,4263.1939999999995,35930.292,31667.098,88.13481949993616,1.0,4.225,3.2249999999999996
2374,3169.683,36292.457,33122.774000000005,91.26627607494308,1.0,3.05,2.05
2375,3903.366,33279.791,29376.424999999996,88.27106215901416,1.0,3.325,2.325
2376,4021.4030000000002,39875.319,35853.916000000005,89.91505748204798,1.0,3.45,2.45
2377,3937.473,37206.064,33268.591,89.41712028447836,1.0,3.375,2.375
2378,3253.182,35542.0,32288.818,90.84693601935739,1.0,3.475,2.475
2379,3658.842,36171.44500000001,32512.603000000006,89.88472260370024,1.0,3.475,2.475
2380,3743.5920000000006,32412.952000000005,28669.360000000004,88.45032072364158,1.0,3.65,2.65
2381,3796.281,37823.899000000005,34027.618,89.96327427799021,1.0,3.275,2.275
2382,2296.008,35997.392,33701.384,93.62173793034783,1.0,3.1,2.1
2383,2945.226,38773.371,35828.145,92.4039980944654,1.0,3.475,2.475
2384,2906.1720000000005,35814.617,32908.445,91.88551423012565,1.0,3.3,2.3
2385,3243.291,38615.558000000005,35372.26700000001,91.60107695452699,1.0,3.2,2.2
2386,4861.205,37901.902,33040.697,87.17424523972439,1.0,3.4,2.4
2387,2703.59,37873.181,35169.591,92.8614657427376,1.0,3.85,2.85
2388,3007.1220000000003,40177.528,37170.405999999995,92.51541309360795,1.0,3.85,2.85
2389,3906.867,37213.208,33306.341,89.50139692337194,1.0,3.2,2.2
2390,2936.307,37696.614,34760.307,92.21068767608676,1.0,2.85,1.85
2391,4850.370000000001,35723.197,30872.826999999997,86.42235184045816,1.0,3.5,2.5
2392,4096.376,36123.806,32027.429999999997,88.66017606228978,1.0,3.225,2.225
2393,4099.024,34834.617,30735.592999999997,88.23290062296364,1.0,3.65,2.65
2394,2990.621,37079.715,34089.094,91.9346170810644,1.0,3.275,2.275
2395,4067.3,37550.411,33483.111,89.16842747739831,1.0,2.875,1.875
2396,3324.559,37078.072,33753.513,91.03362494144787,1.0,3.15,2.15
2397,3596.42,35561.854,31965.434,89.88686022950323,1.0,3.125,2.125
2398,3791.3100000000004,35560.047000000006,31768.737000000005,89.33828743252224,1.0,3.0,2.0
2399,4189.139,33980.966,29791.827,87.67210149352435,1.0,2.95,1.9500000000000002
2400,3631.585,37538.80099999999,33907.21599999999,90.32578318098119,1.0,3.1,2.1
2401,4070.7520000000004,35591.511000000006,31520.759000000005,88.56257605921817,1.0,3.55,2.55
2402,3532.2439999999997,35494.361,31962.117,90.04843614454701,1.0,3.1,2.1
2403,3555.2439999999997,38931.184,35375.94,90.86787599370211,1.0,3.625,2.625
2404,3809.141,35548.273,31739.132,89.28459618839992,1.0,3.45,2.45
2405,3751.29,36758.752,33007.462,89.79483851900086,1.0,3.3,2.3
2406,4504.581,34363.921,29859.340000000004,86.89153953066067,1.0,2.975,1.975
2407,4756.863,36171.445,31414.582,86.84912090186057,1.0,3.625,2.625
2408,3471.8540000000003,39107.043999999994,35635.189999999995,91.12217737551322,1.0,3.025,2.025
2409,3933.8689999999997,34120.025,30186.156000000003,88.47049789676298,1.0,3.825,2.825
2410,2146.6589999999997,35276.592000000004,33129.933000000005,93.91477782207534,1.0,2.975,1.975
2411,5150.714,38163.616,33012.902,86.50360070701896,1.0,2.775,1.775
2412,5042.305,35167.35400000001,30125.049000000006,85.66197218022147,1.0,3.075,2.075
2413,4306.861,37453.653999999995,33146.793,88.50082558032923,1.0,3.325,2.325
2414,3543.085,35100.025,31556.940000000002,89.90574793037896,1.0,3.9,2.9
2415,2943.9020000000005,34852.435,31908.532999999996,91.55323867614989,1.0,3.575,2.575
2416,3636.3010000000004,31523.436,27887.135000000002,88.46476951306958,1.0,3.525,2.525
2417,4629.359,37901.902,33272.543000000005,87.78594541244922,1.0,3.025,2.025
2418,2647.3540000000003,37246.559,34599.205,92.89235282110222,1.0,3.875,2.875
2419,2717.4610000000002,37937.767,35220.306,92.8370560133389,1.0,3.1,2.1
2420,4277.530000000001,35420.988,31143.458,87.92374170929394,1.0,3.2,2.2
2421,3096.7400000000002,35046.113,31949.372999999996,91.163813230871,1.0,3.375,2.375
2422,3596.178000000001,36142.724,32546.546000000002,90.05006374173678,1.0,3.3,2.3
2423,4229.408,36947.09299999999,32717.684999999994,88.55279899828655,1.0,3.6,2.6
2424,3783.764,35252.501000000004,31468.737000000005,89.26667926340886,1.0,3.2,2.2
2425,2403.451,38482.936,36079.485,93.7545019953779,1.0,3.45,2.45
2426,4077.6390000000006,37552.218,33474.579,89.14141636054626,1.0,3.475,2.475
2427,4096.734,35240.020000000004,31143.286000000004,88.37476823225413,1.0,3.125,2.125
2428,3556.859,41896.210999999996,38339.352,91.51030865297103,1.0,3.325,2.325
2429,4746.978,38870.128,34123.149999999994,87.78759359886851,1.0,3.3,2.3
2430,3229.3110000000006,35855.818999999996,32626.507999999994,90.99362086806607,1.0,3.6,2.6
2431,3728.0840000000003,36819.579000000005,33091.495,89.87472398856053,1.0,3.425,2.425
2432,4072.7110000000002,36468.316999999995,32395.605999999996,88.83219370940535,1.0,3.575,2.575
2433,4666.585999999999,35143.806,30477.219999999998,86.72145526867523,1.0,3.9,2.9
2434,4212.278,32928.3,28716.022000000004,87.2077270918936,1.0,3.275,2.275
2435,3259.966,35288.365999999995,32028.399999999994,90.76192419904055,1.0,3.675,2.675
2436,3204.5280000000002,40315.487,37110.959,92.05137221832395,1.0,3.275,2.275
2437,3194.6050000000005,39833.181000000004,36638.576,91.98004045923422,1.0,3.125,2.125
2438,3381.0370000000003,37521.69,34140.653000000006,90.98911323024097,1.0,3.625,2.625
2439,4448.761,34525.199,30076.438000000002,87.11445225847937,1.0,3.05,2.05
2440,4160.92,36903.148,32742.228000000003,88.72475594764978,1.0,4.25,3.25
2441,4896.9259999999995,33647.293,28750.367,85.44630024174604,1.0,3.35,2.35
2442,2867.724,34355.841,31488.117,91.6528778905456,1.0,3.4,2.4
2443,2188.288,32853.119999999995,30664.831999999995,93.3391775271268,1.0,3.55,2.55
2444,4198.088,36274.638999999996,32076.550999999996,88.42693375942349,1.0,3.25,2.25
2445,4408.263999999999,34393.513,29985.249,87.18286207053056,1.0,3.475,2.475
2446,3617.352,34992.42999999999,31375.077999999994,89.66247271195513,1.0,3.375,2.375
2447,3442.135,39826.037000000004,36383.902,91.35707376558707,1.0,3.85,2.85
2448,4044.197,33612.528,29568.331,87.9681855527201,1.0,3.525,2.525
2449,3031.132,39275.531,36244.399000000005,92.28239078422645,1.0,3.6,2.6
2450,3064.126,38532.218,35468.092000000004,92.04788574589712,1.0,3.425,2.425
2451,4028.846,35858.562000000005,31829.716000000004,88.76461917240294,1.0,3.2,2.2
2452,3113.1980000000003,39070.243,35957.045,92.03179258444847,1.0,3.275,2.275
2453,3400.1859999999997,37019.759,33619.573,90.81521303258619,1.0,3.275,2.275
2454,2694.884,39911.184,37216.3,93.24779740936776,1.0,3.85,2.85
2455,2496.293,40534.356,38038.063,93.84153778093824,1.0,3.775,2.775
2456,3486.909,36517.599,33030.69,90.45142863855862,1.0,3.15,2.15
2457,3916.584,34243.78,30327.196,88.5626411570218,1.0,3.35,2.35
2458,2772.234,33938.121,31165.887,91.83150416606742,1.0,3.15,2.15
2459,3904.031,36269.302,32365.271000000004,89.23599081118242,1.0,3.8,2.8
2460,2636.416,35324.231,32687.815,92.53652259266451,1.0,3.4,2.4
2461,4669.978,36188.556000000004,31518.578000000005,87.09542873166866,1.0,3.35,2.35
2462,4918.2029999999995,37302.114,32383.911,86.81521642446324,1.0,3.25,2.25
2463,2948.5750000000003,36977.621,34029.046,92.02605543498863,1.0,3.75,2.75
2464,3793.855,39155.39,35361.534999999996,90.31077202908718,1.0,2.925,1.9249999999999998
2465,2492.339,34556.663,32064.324,92.78767455063587,1.0,3.775,2.775
2466,3570.8010000000004,38629.204,35058.403,90.75621387383494,1.0,3.7,2.7
2467,3528.852,37588.083,34059.231,90.61177980265714,1.0,3.125,2.125
2468,3157.239,36939.013000000006,33781.774000000005,91.45283334993276,1.0,3.65,2.65
2469,3685.337,35640.793000000005,31955.456000000006,89.65977833321497,1.0,3.875,2.875
2470,4136.851000000001,36982.958000000006,32846.107,88.814169488552,1.0,3.275,2.275
2471,4284.423,36480.798,32196.375000000004,88.25567631497535,1.0,3.75,2.75
2472,3777.536,34489.562999999995,30712.026999999995,89.04730686207883,1.0,3.125,2.125
2473,3750.5280000000002,36008.295,32257.767,89.58426662523178,1.0,3.225,2.225
2474,4464.706,35257.838,30793.132000000005,87.33698305607962,1.0,3.475,2.475
2475,4016.687,35023.894,31007.207000000002,88.53158075455573,1.0,3.9,2.9
2476,4041.9170000000004,36611.613,32569.695999999996,88.96001386226823,1.0,3.425,2.425
2477,3098.561,35695.412,32596.850999999995,91.31944183751122,1.0,3.1,2.1
2478,4019.129,35620.232,31601.103000000003,88.71672424817446,1.0,3.15,2.15
2479,4113.192000000001,34927.844,30814.651999999995,88.2237449296899,1.0,3.475,2.475
2480,4201.092000000001,33460.988,29259.895999999997,87.4448058736341,1.0,3.525,2.525
2481,2451.514,34748.534,32297.02,92.94498582299904,1.0,3.25,2.25
2482,3337.522,34712.669,31375.147,90.38529131827922,1.0,3.5,2.5
2483,3592.6400000000003,37987.92,34395.28,90.54267777756718,1.0,3.825,2.825
2484,3808.638,34249.117,30440.479,88.87960235587971,1.0,3.825,2.825
2485,2869.236,32110.743,29241.506999999998,91.06456054286878,1.0,3.45,2.45
2486,3866.036,37485.825,33619.789,89.68667222876914,1.0,3.25,2.25
2487,2369.901,36921.902,34552.001000000004,93.58131387705868,1.0,3.175,2.175
2488,4710.101000000001,36461.880000000005,31751.779000000002,87.0821224796966,1.0,3.7,2.7
2489,3176.993,37195.39,34018.397,91.45863775053843,1.0,3.525,2.525
2490,4873.926,34001.756,29127.83,85.6656638557138,1.0,3.4,2.4
2491,3455.304,38917.767,35462.463,91.12152554898641,1.0,3.6,2.6
2492,4891.201,37583.682,32692.481,86.98583869456962,1.0,3.15,2.15
2493,3451.193,36336.402,32885.209,90.50210584966558,1.0,2.75,1.75
2494,3347.3910000000005,34545.989,31198.598,90.31033385670331,1.0,3.275,2.275
2495,2994.073,36417.935,33423.862,91.77857558370623,1.0,3.725,2.725
2496,4235.242,35329.568,31094.326,88.01218854416788,1.0,3.925,2.925
2497,3175.911,40335.341,37159.43,92.12623242729,1.0,3.025,2.025
2498,2669.03,33726.396,31057.366,92.08622824686041,1.0,2.975,1.975
2499,3350.7400000000002,35663.077,32312.336999999996,90.60445625597589,1.0,3.225,2.225
2500,3975.5110000000004,35047.049,31071.538,88.65664552812991,1.0,3.275,2.275
2501,3434.795,31941.32,28506.525,89.24654647960698,1.0,3.5,2.5
2502,2451.617,34604.138000000006,32152.521000000008,92.9152490375573,1.0,4.0,3.0
2503,3503.3720000000003,36209.117,32705.745,90.3246135496759,1.0,3.2,2.2
2504,3250.74,36693.229999999996,33442.49,91.14076356864742,1.0,3.225,2.225
2505,3078.456,36400.988,33322.532,91.54293284566893,1.0,3.175,2.175
2506,4926.208,35210.19899999999,30283.990999999995,86.00914467992641,1.0,3.725,2.725
2507,2775.173,37485.118,34709.945,92.59660060293794,1.0,3.1,2.1
2508,2986.4610000000002,34047.359,31060.897999999997,91.22850908935403,1.0,3.125,2.125
2509,3822.4179999999997,33819.623,29997.205,88.69763273233413,1.0,3.475,2.475
2510,3716.196,35385.12300000001,31668.927000000007,89.49785761660345,1.0,3.625,2.625
2511,3891.31,35591.511,31700.200999999997,89.06674684308851,1.0,3.275,2.275
2512,4298.359,38494.545999999995,34196.18699999999,88.83384934582679,1.0,3.025,2.025
2513,3776.564,37128.061,33351.497,89.82827570769182,1.0,3.5,2.5
2514,3601.201,33882.402,30281.201,89.37147077116906,1.0,3.4,2.4
2515,3352.517,40764.835,37412.318,91.77595837196446,1.0,4.125,3.125
2516,2195.43,35374.449,33179.019,93.79374078731233,1.0,3.3,2.3
2517,3243.853,33004.66,29760.807000000004,90.17153032329375,1.0,3.35,2.35
2518,4147.795,35458.66,31310.865000000005,88.30244854148465,1.0,3.6,2.6
2519,3417.914,32783.197,29365.283,89.57418948493644,1.0,3.45,2.45
2520,3594.5200000000004,38489.209,34894.689,90.66096681799824,1.0,3.45,2.45
2521,4035.484,35399.491,31364.007,88.60016377071636,1.0,3.175,2.175
2522,4276.206,37812.518000000004,33536.312000000005,88.69103083798862,1.0,3.425,2.425
2523,3887.508,37267.12,33379.612,89.56853118781382,1.0,3.25,2.25
2524,4875.540999999999,36556.994,31681.453,86.66317859723368,1.0,3.35,2.35
2525,2885.349,36970.24800000001,34084.899000000005,92.19548378469086,1.0,2.75,1.75
2526,3794.4170000000004,40123.616,36329.199,90.54318284772738,1.0,3.275,2.275
2527,3146.398,38998.513000000006,35852.115000000005,91.9320052023522,1.0,3.725,2.725
2528,4249.857,34277.131,30027.274,87.60147983213648,1.0,3.3,2.3
2529,4520.532,35894.426999999996,31373.894999999997,87.40603381132118,1.0,3.35,2.35
2530,3959.295,36014.732,32055.437000000005,89.00645713537449,1.0,2.875,1.875
2531,3667.5119999999997,35335.841,31668.329,89.62098567287532,1.0,3.0,2.0
2532,3220.744,35645.194,32424.450000000004,90.96443688874298,1.0,3.15,2.15
2533,2352.572,37818.562000000005,35465.990000000005,93.77931926655488,1.0,3.275,2.275
2534,4471.1990000000005,35700.748999999996,31229.549999999996,87.47589581383852,1.0,3.225,2.225
2535,4982.6990000000005,36140.917,31158.218,86.21313620791636,1.0,3.9,2.9
2536,3592.6400000000003,40032.195999999996,36439.556,91.02562347566445,1.0,2.85,1.85
2537,3227.6310000000003,34489.334,31261.703,90.6416546054499,1.0,3.725,2.725
2538,4584.4169999999995,34771.918,30187.500999999997,86.81574884652609,1.0,3.05,2.05
2539,2996.2870000000003,36341.739,33345.452000000005,91.75524594461483,1.0,3.35,2.35
2540,3694.146,33164.28,29470.134,88.86106980160582,1.0,3.3,2.3
2541,3407.635,36305.167,32897.532,90.61391178836885,1.0,2.925,1.9249999999999998
2542,2826.839,33079.84,30253.000999999997,91.4544961523393,1.0,3.575,2.575
2543,2983.172,34689.285,31706.113000000005,91.40030704005575,1.0,3.025,2.025
2544,4396.582,35628.083,31231.500999999997,87.6597851195081,1.0,3.275,2.275
2545,2534.947,37779.954000000005,35245.007000000005,93.29023269853637,1.0,3.45,2.45
2546,3681.134,37860.7,34179.566,90.27716339106252,1.0,3.975,2.975
2547,2403.2400000000002,34943.148,32539.908,93.12242846580394,1.0,3.55,2.55
2548,3855.141,38664.84,34809.69899999999,90.0293367307352,1.0,2.6,1.6
2549,3253.7219999999998,41280.412,38026.689999999995,92.11800017887418,1.0,3.4,2.4
2550,4258.177000000001,33405.433000000005,29147.256000000005,87.25304054582978,1.0,3.2,2.2
2551,3534.027,36008.295,32474.267999999996,90.18551975315687,1.0,3.5,2.5
2552,3196.135,37873.181000000004,34677.046,91.56095443897357,1.0,3.025,2.025
2553,3799.3149999999996,40043.099,36243.784,90.51193565213322,1.0,3.175,2.175
2554,3544.306,35017.621,31473.315,89.87850716643486,1.0,3.325,2.325
2555,3610.465,37176.636,33566.171,90.28834938158472,1.0,3.85,2.85
2556,4970.534,35312.457,30341.923000000003,85.92413436425565,1.0,3.65,2.65
2557,2927.2490000000003,35290.00899999999,32362.75999999999,91.70516221744234,1.0,3.925,2.925
2558,4702.804,36578.490999999995,31875.686999999994,87.14325312107599,1.0,4.025,3.0250000000000004
2559,2564.791,38654.166,36089.375,93.36477470500851,1.0,3.775,2.775
2560,4356.084999999999,38708.077999999994,34351.992999999995,88.7463154331765,1.0,3.275,2.275
2561,2879.1209999999996,39367.822,36488.701,92.68661344790678,1.0,3.025,2.025
2562,2801.462,36061.978,33260.516,92.23153538610667,1.0,3.4,2.4
2563,4229.964,35930.292,31700.328,88.22730413657645,1.0,3.075,2.075
2564,4096.129000000001,36287.119999999995,32190.990999999995,88.71189281486103,1.0,3.175,2.175
2565,3542.1349999999998,35997.39199999999,32455.256999999994,90.16002325946279,1.0,4.125,3.125
2566,4064.318,39658.486000000004,35594.168000000005,89.75170660826538,1.0,3.025,2.025
2567,3952.9700000000003,35723.197,31770.227,88.93444503301315,1.0,3.8,2.8
2568,4350.932,36160.77099999999,31809.838999999993,87.96781185887878,1.0,3.925,2.925
2569,2647.3540000000003,37402.485,34755.131,92.92198365964187,1.0,2.65,1.65
2570,4348.761,34931.538,30582.777000000002,87.55061686662637,1.0,3.425,2.425
2571,4004.2799999999997,36510.455,32506.175000000003,89.03251137242744,1.0,3.05,2.05
2572,2477.344,34797.816,32320.471999999998,92.88074860790113,1.0,3.15,2.15
2573,3894.599,33649.329,29754.729999999996,88.42592373833071,1.0,2.925,1.9249999999999998
2574,4725.0960000000005,37529.770000000004,32804.674000000006,87.40973898854165,1.0,3.025,2.025
2575,3855.45,38597.740000000005,34742.29000000001,90.01120272844992,1.0,3.0,2.0
2576,4426.42,37937.76699999999,33511.346999999994,88.33241819424956,1.0,3.175,2.175
2577,4180.9220000000005,36959.574,32778.652,88.68785121819856,1.0,2.9,1.9
2578,4124.152,40111.13500000001,35986.98300000001,89.71818673293588,1.0,3.475,2.475
2579,3253.57,38695.368,35441.798,91.59183600476419,1.0,3.275,2.275
2580,4543.38,38840.7,34297.32,88.30252801829009,1.0,3.025,2.025
2581,4476.412,35930.292,31453.88,87.54139821630173,1.0,3.525,2.525
2582,4793.4310000000005,34659.693,29866.262,86.17001310427071,1.0,3.1,2.1
2583,4652.812,43607.914,38955.102,89.33034953242662,1.0,3.15,2.15
2584,3038.187,38922.397,35884.21,92.194244871404,1.0,2.9,1.9
2585,2916.699,35713.229999999996,32796.530999999995,91.8330013835209,1.0,3.75,2.75
2586,4469.4220000000005,36426.015,31956.593,87.73013737571898,1.0,3.95,2.95
2587,4320.942000000001,37781.761,33460.818999999996,88.56341820594334,1.0,3.675,2.675
2588,3600.8940000000002,34077.887,30476.993000000002,89.43334133363375,1.0,3.0,2.0
2589,3345.63,36444.933,33099.303,90.82004074475869,1.0,3.375,2.375
2590,3663.491,38091.179000000004,34427.688,90.38231134825205,1.0,3.375,2.375
2591,4023.881,36160.771,32136.89,88.87224777369929,1.0,3.225,2.225
2592,5880.4490000000005,37526.32000000001,31645.871000000006,84.32980105696481,1.0,3.6,2.6
2593,3257.898,37013.486000000004,33755.588,91.19807845172973,1.0,3.6,2.6
2594,3438.3329999999996,36171.445,32733.112,90.49434436473301,1.0,3.725,2.725
2595,3406.414,35715.117,32308.702999999998,90.46226280037105,1.0,3.3,2.3
2596,4966.483,34568.273,29601.79,85.63282869236771,1.0,3.75,2.75
2597,3947.9339999999997,34986.15700000001,31038.223000000005,88.71572547965185,1.0,3.75,2.75
2598,4181.134,35831.728,31650.594000000005,88.33119630736202,1.0,3.575,2.575
2599,3277.235,36456.543,33179.308,91.01057113396627,1.0,3.625,2.625
2600,3503.0650000000005,32547.381,29044.316,89.2370295477845,1.0,3.55,2.55
2601,3202.5690000000004,36469.024,33266.454999999994,91.21838577308786,1.0,3.775,2.775
2602,4620.423000000001,36385.684,31765.261,87.30153595573468,1.0,3.125,2.125
2603,2934.342,38646.085999999996,35711.744,92.40714311922818,1.0,2.825,1.8250000000000002
2604,3729.511,40099.525,36370.014,90.69936364582873,1.0,2.675,1.6749999999999998
2605,3999.418,33054.878,29055.459999999995,87.90067233041972,1.0,3.425,2.425
2606,5508.558999999999,33571.326,28062.767,83.5914762497019,1.0,2.975,1.975
2607,1828.4840000000002,35622.746,33794.262,94.86708857312685,1.0,3.525,2.525
2608,4781.581,38228.202,33446.621,87.49200655578832,1.0,4.025,3.0250000000000004
2609,3935.3450000000003,33716.657999999996,29781.312999999995,88.32818780556482,1.0,3.825,2.825
2610,3224.0029999999997,36789.28,33565.277,91.2365694571897,1.0,3.5,2.5
2611,4017.14,34055.439,30038.299,88.20411623529505,1.0,3.375,2.375
2612,4269.4220000000005,34490.27,30220.847999999998,87.62137263639862,1.0,2.925,1.9249999999999998
2613,4285.886,37696.614,33410.728,88.6305809853373,1.0,3.625,2.625
2614,4998.389,37328.012,32329.623000000003,86.609549418276,1.0,3.65,2.65
2615,4049.9660000000003,35047.049,30997.083,88.44420253471269,1.0,3.325,2.325
2616,3177.2780000000002,36269.301999999996,33092.024,91.23975972848885,1.0,3.55,2.55
2617,3354.1320000000005,37394.405,34040.273,91.03039077637418,1.0,3.0,2.0
2618,2955.915,37253.539,34297.623999999996,92.06541155727514,1.0,2.825,1.8250000000000002
2619,2614.528,35371.706,32757.178,92.60841984833867,1.0,2.975,1.975
2620,3248.013,37708.224,34460.211,91.38645988737099,1.0,3.525,2.525
2621,3912.4300000000003,35453.159,31540.729,88.96450948136949,1.0,3.35,2.35
2622,4163.653,40461.69,36298.037000000004,89.70964139164727,1.0,3.75,2.75
2623,4816.776,35216.636,30399.86,86.32244147339911,1.0,4.0,3.0
2624,2625.6180000000004,36972.284,34346.666,92.89841547251989,1.0,3.55,2.55
2625,3716.687,35081.271,31364.584000000003,89.40549502895719,1.0,3.2,2.2
2626,5587.342000000001,34549.519,28962.177,83.82801798195801,1.0,3.575,2.575
2627,2863.6730000000002,37001.712,34138.039,92.26070134268382,1.0,2.775,1.775
2628,4742.255999999999,34817.67,30075.413999999997,86.37974338891718,1.0,3.9,2.9
2629,5425.44,37883.854999999996,32458.414999999997,85.67875418169561,1.0,3.625,2.625
2630,3714.4130000000005,38834.263,35119.85,90.43521696291751,1.0,3.7,2.7
2631,2825.466,36293.393,33467.926999999996,92.21493013893742,1.0,3.5,2.5
2632,4197.138,37086.859,32889.721,88.68295101507519,1.0,3.825,2.825
2633,3741.5730000000003,38127.044,34385.471000000005,90.18656416164863,1.0,3.425,2.425
2634,4042.824,36788.344,32745.519999999997,89.01058443946268,1.0,3.7,2.7
2635,4850.719999999999,35750.031,30899.311,86.43156421318908,1.0,3.625,2.625
2636,5052.7029999999995,33333.703,28281.0,84.84205910156456,1.0,3.475,2.475
2637,5524.775,39590.221000000005,34065.446,86.04510189523822,1.0,3.325,2.325
2638,3972.258,35081.978,31109.72,88.67721198616566,1.0,3.75,2.75
2639,3170.451,35943.002,32772.551,91.17922593110059,1.0,3.35,2.35
2640,5046.869,35718.567,30671.698000000004,85.87046059266599,1.0,3.45,2.45
2641,3662.687,38254.329000000005,34591.64200000001,90.42543132830797,1.0,3.4,2.4
2642,2405.9309999999996,39451.162,37045.231,93.90149522085053,1.0,3.425,2.425
2643,3725.2479999999996,33358.894,29633.646,88.83281921756759,1.0,2.825,1.8250000000000002
2644,3956.006,37658.942,33702.936,89.49517487772226,1.0,2.85,1.85
2645,3161.1870000000004,34792.47900000001,31631.292000000005,90.91416567356411,1.0,2.975,1.975
2646,3288.692,33764.84,30476.147999999997,90.26001011703299,1.0,3.45,2.45
2647,3765.933,33382.985,29617.052,88.7190046066881,1.0,3.6,2.6
2648,4816.879000000001,34520.797999999995,29703.918999999994,86.04644365405457,1.0,3.925,2.925
2649,4119.8240000000005,37346.05900000001,33226.23500000001,88.9685174009927,1.0,3.525,2.525
2650,3878.8,35883.753,32004.952999999998,89.19065126771997,1.0,3.475,2.475
2651,4536.040000000001,36553.464,32017.424,87.59066992939438,1.0,3.05,2.05
2652,2612.9620000000004,36684.279,34071.317,92.87716135841187,1.0,3.375,2.375
2653,4524.437,36122.163,31597.726000000002,87.47462326660782,1.0,3.4,2.4
2654,3572.513,34163.034,30590.521,89.54275255529119,1.0,3.825,2.825
2655,3032.25,36021.712,32989.462,91.58216022603256,1.0,3.15,2.15
2656,3349.2340000000004,37522.79,34173.556,91.0741338797035,1.0,3.775,2.775
2657,3048.6720000000005,36124.906,33076.234000000004,91.56074759059581,1.0,3.5,2.5
2658,4097.955,35622.746,31524.790999999997,88.49624057617568,1.0,3.725,2.725
2659,3241.682,37769.987,34528.305,91.41730708035458,1.0,3.575,2.575
2660,4467.148,38556.308999999994,34089.16099999999,88.41396358764527,1.0,3.175,2.175
2661,3271.569,34924.394,31652.825,90.63242443090064,1.0,3.25,2.25
2662,4274.985000000001,38567.212,34292.227,88.91549381376076,1.0,3.8,2.8
2663,3859.295,38180.727,34321.432,89.89203374781208,1.0,3.3,2.3
2664,3924.795,37188.246,33263.451,89.44614112749497,1.0,3.375,2.375
2665,4117.907999999999,37302.114,33184.206000000006,88.96065783295822,1.0,3.425,2.425
2666,3794.043,35622.746,31828.702999999998,89.34938087030123,1.0,3.175,2.175
2667,3530.7380000000003,36990.102,33459.364,90.45491142468329,1.0,3.65,2.65
2668,3817.249,36558.80100000001,32741.552000000007,89.55860450675065,1.0,3.05,2.05
2669,4454.530000000001,34750.341,30295.811,87.18133442201331,1.0,3.05,2.05
2670,3360.0690000000004,33289.758,29929.689000000002,89.90659829969326,1.0,3.3,2.3
2671,3473.946,35717.86,32243.914,90.27392458562747,1.0,3.425,2.425
2672,5054.874,35415.651,30360.777,85.72700527233003,1.0,3.275,2.275
2673,3731.023,36166.108,32435.085,89.68364801653526,1.0,3.425,2.425
2674,3684.526,35137.697,31453.171000000002,89.51403673382465,1.0,3.5,2.5
2675,3053.182,33643.992,30590.809999999998,90.92503053739877,1.0,3.175,2.175
2676,3603.022,40873.366,37270.344000000005,91.18491489054267,1.0,3.15,2.15
2677,4139.022,36237.838,32098.816000000003,88.57817621459645,1.0,3.75,2.75
2678,5222.048000000001,35335.841,30113.792999999998,85.22166771126234,1.0,3.35,2.35
2679,2786.008,37375.651,34589.643,92.54592782878885,1.0,3.4,2.4
2680,3496.776,34464.372,30967.596000000005,89.85393959884138,1.0,3.325,2.325
2681,4310.912,36764.08899999999,32453.176999999992,88.27412260915808,1.0,3.3,2.3
2682,3630.0730000000003,38283.921,34653.848,90.51802191316818,1.0,3.125,2.125
2683,3631.029,38827.99,35196.960999999996,90.64842398486246,1.0,3.65,2.65
2684,2639.246,36813.371,34174.125,92.83074076535941,1.0,3.225,2.225
2685,4523.530000000001,41551.15700000001,37027.62700000001,89.11334767404912,1.0,3.6,2.6
2686,4314.969,37244.672000000006,32929.70300000001,88.4145334935424,1.0,3.45,2.45
2687,4131.989,31755.015,27623.025999999998,86.98791671173828,1.0,3.575,2.575
2688,5168.816000000001,38460.488,33291.672,86.5607113461483,1.0,3.7,2.7
2689,2916.289,37630.221,34713.932,92.25014118306667,1.0,3.65,2.65
2690,3673.7340000000004,34666.837,30993.103,89.40274245383276,1.0,3.125,2.125
2691,2975.7290000000003,36831.418000000005,33855.689000000006,91.92067761279243,1.0,3.3,2.3
2692,4992.977999999999,34573.774,29580.796,85.55848140848032,1.0,3.125,2.125
2693,2682.0600000000004,35592.218,32910.158,92.4644763639063,1.0,3.25,2.25
2694,4206.861,34889.236000000004,30682.375000000004,87.94223811607684,1.0,3.9,2.9
2695,4357.8189999999995,36789.28,32431.461,88.1546499415047,1.0,3.175,2.175
2696,4705.385,32904.209,28198.824,85.69974740921442,1.0,3.8,2.8
2697,3035.4000000000005,36515.792,33480.392,91.68743211156422,1.0,2.95,1.9500000000000002
2698,5902.331,41654.351,35752.020000000004,85.83021735232414,1.0,3.65,2.65
2699,3598.349,37722.741,34124.392,90.46106167099575,1.0,3.325,2.325
2700,4310.15,36176.075,31865.924999999996,88.08563394453378,1.0,3.4,2.4
2701,4986.333,39220.912000000004,34234.579000000005,87.28654499416027,1.0,3.3,2.3
2702,3347.692,40486.880999999994,37139.18899999999,91.73141541824374,1.0,3.725,2.725
2703,3358.848,38242.719,34883.871,91.21702617431569,1.0,3.425,2.425
2704,4250.625,35021.151,30770.525999999998,87.86269189153721,1.0,3.075,2.075
2705,4738.476,35734.807,30996.331000000002,86.73988640822938,1.0,3.45,2.45
2706,2641.894,34779.99800000001,32138.104000000007,92.40398461207502,1.0,3.525,2.525
2707,4389.592000000001,37314.595,32925.003,88.23625983345121,1.0,3.6,2.6
2708,2367.7300000000005,39686.977999999996,37319.24799999999,94.0339876722284,1.0,3.55,2.55
2709,3500.0830000000005,34829.28,31329.197,89.95074546473543,1.0,3.65,2.65
2710,2303.077,38349.214,36046.137,93.99446100772757,1.0,3.35,2.35
2711,2489.1150000000002,33925.411,31436.296,92.6629776128578,1.0,3.175,2.175
2712,3977.6820000000007,42246.995,38269.313,90.58469839097431,1.0,3.85,2.85
2713,3899.5209999999997,36963.10400000001,33063.583000000006,89.45023394139193,1.0,3.125,2.125
2714,3514.063,37641.995,34127.932,90.66451446051146,1.0,3.325,2.325
2715,4105.64,37648.268,33542.628,89.09474401319073,1.0,3.3,2.3
2716,3164.9730000000004,39114.188,35949.215000000004,91.90837606036972,1.0,3.525,2.525
2717,4398.65,39608.975000000006,35210.325000000004,88.89481487465909,1.0,3.05,2.05
2718,2747.251,37200.727,34453.475999999995,92.61506099060912,1.0,3.15,2.15
2719,4585.923000000001,37213.437000000005,32627.514000000003,87.67670129475006,1.0,3.1,2.1
2720,4479.139,36444.933000000005,31965.794000000005,87.7098443287027,1.0,3.35,2.35
2721,3421.3060000000005,36088.104999999996,32666.798999999995,90.5195742475256,1.0,2.85,1.85
2722,5065.256,37939.574,32874.318,86.6491489862274,1.0,3.8,2.8
2723,3343.9559999999997,35264.982,31921.026000000005,90.51763020891377,1.0,3.475,2.475
2724,4313.089,34606.880999999994,30293.791999999994,87.53690342680693,1.0,3.425,2.425
2725,4536.596,37448.317,32911.721000000005,87.88571459700046,1.0,3.475,2.475
2726,3479.0119999999997,33314.949,29835.937,89.55720448498961,1.0,3.55,2.55
2727,3674.2960000000003,35972.43,32298.134,89.78579984727192,1.0,3.5,2.5
2728,3735.7389999999996,35780.559,32044.82,89.55930509637929,1.0,3.35,2.35
2729,4055.6969999999997,36714.807,32659.11,88.95351131765447,1.0,4.15,3.1500000000000004
2730,3140.3579999999997,36614.356,33473.998,91.42315107221877,1.0,3.15,2.15
2731,3658.636,36225.357,32566.721000000005,89.90034521951019,1.0,3.7,2.7
2732,4552.153,37413.323,32861.17,87.8328022346478,1.0,3.55,2.55
2733,4386.485,39113.252,34726.767,88.7851692822678,1.0,3.425,2.425
2734,5311.769,37473.508,32161.739,85.82526888061828,1.0,3.625,2.625
2735,2884.581,38284.856999999996,35400.276,92.46547793034723,1.0,3.125,2.125
2736,2280.9480000000003,35162.724,32881.776,93.513164679733,1.0,3.15,2.15
2737,4564.041,33980.259,29416.217999999997,86.5685514639544,1.0,3.15,2.15
2738,3360.522,37357.604,33997.082,91.00444985711611,1.0,3.325,2.325
2739,3451.193,35312.456999999995,31861.263999999996,90.2266981875546,1.0,3.175,2.175
2740,3077.688,32348.366,29270.678,90.48580073565384,1.0,4.225,3.2249999999999996
2741,3109.2929999999997,35004.911,31895.618000000002,91.11755204862541,1.0,3.675,2.675
2742,3606.8179999999998,37188.246,33581.428,90.30118817650072,1.0,3.325,2.325
2743,3021.1730000000002,35845.852,32824.679,91.57176400772954,1.0,3.175,2.175
2744,3672.82,37594.356,33921.536,90.23039522209132,1.0,3.25,2.25
2745,3843.8469999999998,35887.283,32043.436,89.28911113165073,1.0,3.275,2.275
2746,4488.365,36269.073,31780.708,87.624814673372,1.0,2.95,1.9500000000000002
2747,5411.213,37908.175,32496.962000000003,85.72547214420109,1.0,3.5,2.5
2748,4349.710999999999,37909.982,33560.27100000001,88.52621190904286,1.0,3.575,2.575
2749,2903.1310000000003,37467.070999999996,34563.939999999995,92.25151333553669,1.0,3.5,2.5
2750,3731.294,34743.197,31011.903,89.26036081250669,1.0,3.325,2.325
2751,3581.1400000000003,39591.15700000001,36010.01700000001,90.95469728252701,1.0,3.2,2.2
2752,2641.973,36678.942,34036.969000000005,92.79703051412989,1.0,3.975,2.975
2753,4077.536,38632.669,34555.133,89.44536811577787,1.0,3.575,2.575
2754,3443.804,38654.166,35210.361999999994,91.09073003929252,1.0,3.025,2.025
2755,5655.986,38794.161,33138.175,85.42052243377555,1.0,3.525,2.525
2756,3995.076,32125.260000000002,28130.184,87.56406640755591,1.0,3.725,2.725
2757,4010.3559999999998,39323.87699999999,35313.52099999999,89.80172784082302,1.0,3.15,2.15
2758,3521.409,32110.743,28589.334,89.03354867870856,1.0,3.225,2.225
2759,3748.46,34648.083,30899.623,89.18133508280962,1.0,3.2,2.2
2760,3626.0650000000005,36194.829,32568.763999999996,89.9818148056453,1.0,3.9,2.9
2761,4269.028,38354.78,34085.752,88.86963241609,1.0,3.15,2.15
2762,3465.1349999999998,38204.111000000004,34738.976,90.92994206827638,1.0,3.8,2.8
2763,5611.104,35518.845,29907.741,84.20245928604942,1.0,3.25,2.25
2764,4369.978,37054.688,32684.710000000003,88.20667981336126,1.0,3.475,2.475
2765,3114.728,38846.037,35731.308999999994,91.98186419891428,1.0,3.5,2.5
2766,3786.7400000000002,33205.318,29418.577999999998,88.59598333014006,1.0,3.35,2.35
2767,2662.598,36504.182,33841.584,92.70604666610528,1.0,3.525,2.525
2768,3878.2440000000006,37497.599,33619.355,89.65735379483898,1.0,3.25,2.25
2769,3435.2480000000005,34443.731,31008.483,90.02649277454873,1.0,3.35,2.35
2770,4793.637,37497.599,32703.962000000003,87.21614949266485,1.0,3.15,2.15
2771,4422.822,36794.617,32371.795,87.97970366154375,1.0,3.7,2.7
2772,5337.7080000000005,39670.031,34332.323000000004,86.54473448735143,1.0,3.425,2.425
2773,4106.202,38173.583,34067.381,89.24334139658832,1.0,3.85,2.85
2774,3179.968,37811.418000000005,34631.450000000004,91.58992661952006,1.0,3.775,2.775
2775,3145.9210000000003,35480.944,32335.023,91.13349126223925,1.0,3.25,2.25
2776,3591.975,39571.467,35979.492,90.92281567423316,1.0,2.875,1.875
2777,4525.907,36897.811,32371.904000000002,87.73394172353477,1.0,3.375,2.375
2778,3313.366,36522.936,33209.57,90.92798563620406,1.0,3.325,2.325
2779,4273.473,34295.884999999995,30022.411999999997,87.53940013503077,1.0,3.0,2.0
2780,2711.288,36546.32,33835.032,92.5812284246403,1.0,3.075,2.075
2781,4240.908,37685.94,33445.032,88.746710311591,1.0,3.05,2.05
2782,4208.185,38447.070999999996,34238.886,89.05460184470229,1.0,3.675,2.675
2783,4397.138000000001,35894.427,31497.289000000004,87.74980305438503,1.0,3.5,2.5
2784,4711.921,40540.629,35828.708,88.37728689409332,1.0,3.2,2.2
2785,4853.097,37188.953,32335.856,86.95016501271225,1.0,2.925,1.9249999999999998
2786,1613.991,38852.244999999995,37238.25399999999,95.8458230663376,1.0,3.725,2.725
2787,3544.9220000000005,39681.641,36136.719000000005,91.0665942469466,1.0,3.325,2.325
2788,3081.292,33805.33500000001,30724.043000000005,90.88519016303196,1.0,2.85,1.85
2789,3948.411,33253.893,29305.481999999996,88.12646988429294,1.0,3.675,2.675
2790,3066.194,39264.857,36198.663,92.19099664618669,1.0,3.1,2.1
2791,2736.0,33714.621999999996,30978.621999999996,91.88482670812682,1.0,3.5,2.5
2792,3534.027,35874.573,32340.545999999995,90.14893640685283,1.0,3.525,2.525
2793,3400.235,37867.137,34466.902,91.02061769285595,1.0,3.55,2.55
2794,3296.946,39076.516,35779.57000000001,91.56284557200546,1.0,3.375,2.375
2795,3468.3099999999995,37170.199,33701.889,90.66911102628211,1.0,3.075,2.075
2796,3381.183,39809.797,36428.614,91.50665601233787,1.0,4.0,3.0
2797,4082.434,36553.46400000001,32471.030000000006,88.83160840789262,1.0,3.025,2.025
2798,4587.706,36620.564,32032.858,87.4723229276316,1.0,3.475,2.475
2799,3759.5070000000005,38924.04,35164.533,90.34142653229213,1.0,3.3,2.3
2800,4421.601,39505.781,35084.18,88.80771145873561,1.0,3.45,2.45
2801,4764.035,35663.948000000004,30899.913000000004,86.64187430959691,1.0,3.475,2.475
2802,2591.886,31271.609,28679.723,91.71169606271299,1.0,3.8,2.8
2803,3963.4849999999997,38652.359,34688.873999999996,89.74581344440064,1.0,3.325,2.325
2804,3791.2070000000003,35547.337,31756.129999999997,89.33476507677635,1.0,3.825,2.825
2805,3451.2960000000003,33408.176,29956.879999999997,89.66930729771059,1.0,3.65,2.65
2806,3564.7850000000003,39451.162,35886.37699999999,90.9640557608924,1.0,3.8,2.8
2807,3462.1310000000003,36201.973,32739.841999999997,90.4366234403854,1.0,3.775,2.775
2808,4037.5519999999997,38388.758,34351.206000000006,89.48246254801992,1.0,3.375,2.375
2809,2339.004,37660.748999999996,35321.744999999995,93.7892791245336,1.0,3.5,2.5
2810,4538.767,36135.58,31596.813000000002,87.4396176842879,1.0,3.25,2.25
2811,4939.323,30495.961000000003,25556.638000000003,83.80335349982904,1.0,3.375,2.375
2812,3950.6310000000003,32856.734,28906.102999999996,87.97619081677442,1.0,3.025,2.025
2813,4725.0960000000005,38379.742,33654.646,87.68856757817706,1.0,3.525,2.525
2814,3685.7960000000003,36613.42,32927.623999999996,89.93321028191302,1.0,3.575,2.575
2815,3284.5750000000003,37018.823000000004,33734.24800000001,91.12728408463987,1.0,3.45,2.45
2816,4137.516,40661.641,36524.125,89.82452282238191,1.0,3.25,2.25
2817,4799.865,38199.481,33399.616,87.434737660441,1.0,3.75,2.75
2818,5191.599,38260.537000000004,33068.938,86.43093012520968,1.0,3.35,2.35
2819,2711.5730000000003,31844.399,29132.826,91.48492957898185,1.0,3.525,2.525
2820,3668.866,38696.304,35027.437999999995,90.51882060881059,1.0,3.575,2.575
2821,3274.961,37672.359,34397.397999999994,91.30672703559657,1.0,3.1,2.1
2822,3767.2410000000004,33607.191000000006,29839.950000000004,88.79037227479083,1.0,3.625,2.625
2823,3964.858,38926.783,34961.925,89.81457573825199,1.0,3.475,2.475
2824,3388.48,41520.629,38132.149,91.83904463489702,1.0,4.0,3.0
2825,3225.6339999999996,39646.647,36421.013,91.86404338303818,1.0,3.15,2.15
2826,4210.912,34846.391,30635.479000000003,87.91578731926644,1.0,3.175,2.175
2827,4892.415999999999,36982.958,32090.542,86.77116092228209,1.0,3.725,2.725
2828,4471.387,37068.105,32596.718000000004,87.93737365317165,1.0,3.725,2.725
2829,4808.638,37637.365,32828.727,87.22376553193881,1.0,3.8,2.8
2830,3928.084,37254.638999999996,33326.55499999999,89.45612115581095,1.0,3.175,2.175
2831,3651.955,33564.182,29912.227,89.11948755372616,1.0,3.2,2.2
2832,2771.013,37011.679000000004,34240.666000000005,92.51313889326664,1.0,3.375,2.375
2833,3666.291,38205.918,34539.627,90.40386622826338,1.0,3.075,2.075
2834,4058.074,40601.456,36543.382,90.00510228007586,1.0,3.15,2.15
2835,3413.1980000000003,38088.436,34675.238,91.03875517493026,1.0,2.975,1.975
2836,4333.21,37666.086,33332.876000000004,88.49572530578304,1.0,3.375,2.375
2837,4412.98,35371.706,30958.726,87.52398315195768,1.0,3.25,2.25
2838,3261.29,35299.03999999999,32037.749999999993,90.76096687048712,1.0,3.65,2.65
2839,4660.709000000001,33689.824,29029.114999999998,86.16582562141019,1.0,3.5,2.5
2840,4517.647000000001,33972.97,29455.323,86.70223121499238,1.0,3.425,2.425
2841,2408.8460000000005,33484.143,31075.296999999995,92.80600969838171,1.0,3.325,2.325
2842,4036.851,35652.174,31615.323,88.6771252715192,1.0,3.825,2.825
2843,3603.724,34648.954,31045.229999999996,89.59932816442308,1.0,3.1,2.1
2844,4569.772,34247.31,29677.537999999997,86.65655200364641,1.0,3.5,2.5
2845,3992.634,36483.541,32490.907,89.0563418720787,1.0,3.35,2.35
2846,4036.192,35138.633,31102.441000000003,88.51352014746845,1.0,3.0,2.0
2847,3480.73,36825.145000000004,33344.415,90.54795303589435,1.0,3.175,2.175
2848,4181.7390000000005,35379.786,31198.047,88.18042879060941,1.0,3.65,2.65
2849,3847.136,36215.39,32368.254,89.37706869924638,1.0,3.475,2.475
2850,5983.9439999999995,37824.83499999999,31840.890999999992,84.17985432058063,1.0,3.575,2.575
2851,4206.305,35682.702,31476.396999999997,88.21192128331538,1.0,3.3,2.3
2852,3349.022,38747.473,35398.451,91.35679893241038,1.0,2.975,1.975
2853,4051.1380000000004,35706.086,31654.948000000004,88.65420869708318,1.0,3.35,2.35
2854,3916.25,36238.774000000005,32322.524000000005,89.19320504606475,1.0,3.625,2.625
2855,3625.2540000000004,39815.363,36190.109,90.89483624700345,1.0,3.775,2.775
2856,4813.807,37697.55,32883.743,87.23045131580169,1.0,3.7,2.7
2857,3135.5389999999998,37871.374,34735.83500000001,91.72055653433647,1.0,3.125,2.125
2858,3638.078,35501.734000000004,31863.656000000003,89.7523935028075,1.0,2.825,1.8250000000000002
2859,4493.643,34906.347,30412.704,87.12657328479546,1.0,3.575,2.575
2860,4234.474,35936.565,31702.091,88.21680925820262,1.0,3.675,2.675
2861,3734.6859999999997,39644.133,35909.447,90.57947363863398,1.0,2.725,1.725
2862,3225.569,36171.445,32945.876,91.0825542081606,1.0,3.025,2.025
2863,3366.804,38326.058999999994,34959.25499999999,91.21536602550238,1.0,3.35,2.35
2864,4573.43,37538.80100000001,32965.37100000001,87.8167925501936,1.0,3.375,2.375
2865,5058.9310000000005,35561.689999999995,30502.758999999995,85.77421095566605,1.0,3.55,2.55
2866,4791.502,34949.356,30157.854,86.2901565339287,1.0,3.55,2.55
2867,4046.428,36382.234,32335.805999999997,88.87801117435504,1.0,3.825,2.825
2868,3982.6400000000003,36122.163,32139.523,88.97452514125469,1.0,3.25,2.25
2869,4428.0779999999995,36765.896,32337.818,87.95601771815925,1.0,3.275,2.275
2870,2669.2360000000003,35500.797999999995,32831.562,92.48119436639143,1.0,3.6,2.6
2871,4573.37,36965.846999999994,32392.476999999995,87.62812062712915,1.0,3.05,2.05
2872,4076.315,34254.454,30178.139,88.09989789940894,1.0,3.675,2.675
2873,4376.871,35620.003,31243.131999999998,87.71232276426254,1.0,3.0,2.0
2874,3607.6780000000003,36831.189,33223.511,90.2048288476378,1.0,3.625,2.625
2875,4017.702,35620.003,31602.300999999996,88.72065788427923,1.0,3.325,2.325
2876,4228.488,35302.49,31074.001999999997,88.02212535149786,1.0,3.45,2.45
2877,4548.102000000001,36279.747,31731.645000000004,87.46379901712105,1.0,3.15,2.15
2878,5527.157999999999,34805.89600000001,29278.73800000001,84.12005253362823,1.0,2.825,1.8250000000000002
2879,4336.645,36244.111000000004,31907.466000000004,88.03489758653483,1.0,3.45,2.45
2880,4043.592,37007.049,32963.457,89.07345462752245,1.0,3.725,2.725
2881,4147.027,32029.997000000003,27882.97,87.05267752600788,1.0,3.275,2.275
2882,4034.8679999999995,38647.729,34612.861,89.55988332458034,1.0,3.7,2.7
2883,4991.708,33921.009999999995,28929.301999999996,85.28431789029867,1.0,3.225,2.225
2884,4567.639,37238.399,32670.76,87.73406182150849,1.0,3.475,2.475
2885,4827.72,36161.477999999996,31333.757999999994,86.64955010964984,1.0,2.875,1.875
2886,3977.536,35845.145,31867.608999999997,88.90355723208819,1.0,3.2,2.2
2887,3880.366,34959.159,31078.792999999998,88.9002879045231,1.0,3.75,2.75
2888,2842.909,36571.511,33728.602,92.22643822400447,1.0,3.2,2.2
2889,2903.7360000000003,39773.225000000006,36869.48900000001,92.69926942057126,1.0,3.175,2.175
2890,3900.0829999999996,39112.381,35212.298,90.02852063647059,1.0,3.4,2.4
2891,4139.584,37376.587,33237.003,88.92466024252026,1.0,3.6,2.6
2892,4594.799,35548.273,30953.474000000002,87.07448038333678,1.0,3.175,2.175
2893,3806.97,33568.583,29761.612999999998,88.65912809009544,1.0,3.625,2.625
2894,4614.860000000001,36620.564,32005.703999999998,87.39817333233863,1.0,3.625,2.625
2895,3134.233,36609.019,33474.786,91.43863155688493,1.0,3.525,2.525
2896,4965.256,39039.715000000004,34074.459,87.2815260049926,1.0,3.425,2.425
2897,4622.865,34398.143,29775.278,86.56071346642172,1.0,3.325,2.325
2898,3518.4700000000003,37901.902,34383.432,90.71690386408577,1.0,3.925,2.925
2899,3993.6429999999996,36389.443,32395.8,89.02527032359357,1.0,3.3,2.3
2900,4118.361,34290.548,30172.187,87.98980698704494,1.0,2.7,1.7000000000000002
2901,3080.524,33757.86,30677.336,90.87464667487808,1.0,3.4,2.4
2902,4006.861,37381.924,33375.063,89.2812873944102,1.0,3.275,2.275
2903,3710.465,37866.907999999996,34156.443,90.20129924524073,1.0,3.75,2.75
2904,4174.035,39298.686,35124.651,89.3786906768333,1.0,3.8,2.8
2905,2113.38,36783.714,34670.334,94.25457690324583,1.0,3.25,2.25
2906,3551.296,39791.272,36239.975999999995,91.07518854888579,1.0,3.225,2.225
2907,3535.351,37364.813,33829.462,90.5382879876851,1.0,2.975,1.975
2908,4827.719999999999,40105.797999999995,35278.077999999994,87.96253848383716,1.0,3.175,2.175
2909,5147.2789999999995,38218.399000000005,33071.12,86.53193452713704,1.0,3.4,2.4
2910,3783.5759999999996,35229.117,31445.540999999997,89.26008846602656,1.0,3.65,2.65
2911,4387.706,38525.074,34137.368,88.61077852829044,1.0,2.75,1.75
2912,4315.379000000001,37847.283,33531.904,88.59791599835582,1.0,3.25,2.25
2913,4266.036,35596.848,31330.811999999998,88.01569172641352,1.0,3.05,2.05
2914,2811.179,32069.541000000005,29258.362000000005,91.23411526220472,1.0,3.15,2.15
2915,3622.915,37459.926999999996,33837.011999999995,90.32855830178205,1.0,3.375,2.375
2916,5065.05,36712.92,31647.87,86.20363076540902,1.0,3.525,2.525
2917,3783.679,37480.488,33696.808999999994,89.90493666998145,1.0,3.125,2.125
2918,3556.859,37811.418000000005,34254.55900000001,90.59316156828608,1.0,3.075,2.075
2919,3299.117,34665.901,31366.784,90.48310615091182,1.0,3.625,2.625
2920,3562.796,34539.551999999996,30976.755999999998,89.68488068403435,1.0,3.55,2.55
2921,4440.756,38230.009,33789.253,88.38410945704982,1.0,3.375,2.375
2922,3685.44,36342.674999999996,32657.234999999997,89.8591944594062,1.0,2.75,1.75
2923,4167.995,38942.793999999994,34774.79899999999,89.29713415015881,1.0,3.025,2.025
2924,4729.147,36515.792,31786.645,87.04903620877235,1.0,3.1,2.1
2925,4068.866,35753.561,31684.695,88.61969021771006,1.0,3.75,2.75
2926,3785.747,38681.951,34896.204,90.21314359247287,1.0,3.175,2.175
2927,3448.919,39898.703,36449.784,91.35581174154959,1.0,3.55,2.55
2928,3444.2030000000004,36487.070999999996,33042.867999999995,90.56048373956901,1.0,2.95,1.9500000000000002
2929,4525.139,37903.709,33378.57,88.06148759742747,1.0,2.8,1.7999999999999998
2930,4617.243,34089.497,29472.254,86.45552616983466,1.0,3.625,2.625
2931,2387.338,35180.771,32793.433,93.21408277266009,1.0,3.425,2.425
2932,4899.303,34936.875,30037.572,85.97669940428273,1.0,3.425,2.425
2933,3543.7440000000006,36762.446,33218.702000000005,90.36042378681766,1.0,3.125,2.125
2934,4257.8189999999995,37944.91099999999,33687.09199999999,88.77894587761715,1.0,3.075,2.075
2935,4853.762,35916.875,31063.113,86.4861238623906,1.0,3.6,2.6
2936,4578.377,32958.827999999994,28380.450999999994,86.10879913569742,1.0,2.875,1.875
2937,4226.184,39221.619000000006,34995.435000000005,89.22486091152942,1.0,2.725,1.725
2938,3747.3420000000006,36287.119999999995,32539.777999999995,89.67307959408186,1.0,3.125,2.125
2939,5132.43,34034.878,28902.447999999997,84.92008697665965,1.0,3.925,2.925
2940,3701.304,34230.363,30529.058999999997,89.18707347625849,1.0,3.35,2.35
2941,2146.103,37436.543000000005,35290.44,94.26735796625238,1.0,3.275,2.275
2942,4365.927000000001,38236.282,33870.354999999996,88.58171670561484,1.0,2.825,1.8250000000000002
2943,3386.0020000000004,37599.693,34213.691,90.99460200379828,1.0,3.725,2.725
2944,3357.173,35828.034,32470.861,90.62975936664569,1.0,3.3,2.3
2945,3177.1319999999996,34671.467000000004,31494.335000000006,90.8364650391055,1.0,3.35,2.35
2946,5067.536,37290.504,32222.968,86.41065296408973,1.0,3.25,2.25
2947,3277.1319999999996,36691.422999999995,33414.291,91.06839764704684,1.0,3.55,2.55
2948,4514.817000000001,35143.099,30628.282,87.1530481702823,1.0,3.125,2.125
2949,3969.018,34338.894,30369.876,88.44162540587358,1.0,3.3,2.3
2950,3090.0589999999997,35395.797,32305.737999999998,91.26998326948252,1.0,3.3,2.3
2951,3868.478,35767.14200000001,31898.664000000008,89.18426862286061,1.0,3.45,2.45
2952,3235.4539999999997,37951.183999999994,34715.729999999996,91.47469549303126,1.0,3.6,2.6
2953,4149.426,41423.872,37274.446,89.98300786560948,1.0,3.55,2.55
2954,4017.8050000000003,35923.148,31905.343,88.81555424931022,1.0,3.575,2.575
2955,3846.325,39010.994000000006,35164.66900000001,90.14040759894506,1.0,3.15,2.15
2956,3280.4750000000004,38156.636,34876.161,91.40260949628788,1.0,3.7,2.7
2957,3565.5829999999996,35819.954,32254.371,90.0458191543183,1.0,4.125,3.125
2958,3767.409,38018.513,34251.104,90.09059349585819,1.0,3.25,2.25
2959,3706.473,37309.258,33602.785,90.06554083707589,1.0,3.65,2.65
2960,4374.035,35111.799,30737.764,87.54254944327974,1.0,3.9,2.9
2961,2220.829,33970.292,31749.463,93.46243770880744,1.0,3.55,2.55
2962,3451.809,33929.09,30477.280999999995,89.82640265329839,1.0,3.25,2.25
2963,4492.4220000000005,38301.739,33809.317,88.27097119532877,1.0,3.425,2.425
2964,3696.135,40685.025,36988.89,90.91524461395808,1.0,3.075,2.075
2965,3659.814,37291.211,33631.397000000004,90.18585371228626,1.0,3.4,2.4
2966,3666.139,37617.74,33951.600999999995,90.2542284571056,1.0,3.25,2.25
2967,2917.5099999999998,36021.712,33104.202,91.9006903392043,1.0,2.95,1.9500000000000002
2968,4966.483,36935.318999999996,31968.835999999996,86.55356679063743,1.0,3.35,2.35
2969,3998.197,37873.181,33874.984,89.44319728517127,1.0,3.675,2.675
2970,3921.0940000000005,32660.313000000002,28739.219,87.9943159148536,1.0,3.75,2.75
2971,3915.531,35294.638999999996,31379.107999999997,88.90615937451577,1.0,3.4,2.4
2972,3736.0460000000003,35495.461,31759.415,89.4745809893834,1.0,3.875,2.875
2973,4232.086,41096.472,36864.386,89.7020698029748,1.0,3.8,2.8
2974,4401.751,36348.012,31946.261000000002,87.88998143832461,1.0,3.4,2.4
2975,3001.003,36178.58900000001,33177.58600000001,91.70503028738905,1.0,3.75,2.75
2976,3533.568,35692.669,32159.101000000002,90.10001745736639,1.0,3.025,2.025
2977,4257.716,38241.782999999996,33984.066999999995,88.86632456441687,1.0,3.175,2.175
2978,3393.3050000000003,33975.629,30582.324,90.01253221831449,1.0,3.3,2.3
2979,3300.3379999999997,39089.933000000005,35789.595,91.55706406557411,1.0,3.725,2.725
2980,3770.6490000000003,33630.575,29859.925999999996,88.78803291350206,1.0,3.125,2.125
2981,3323.7479999999996,38471.162,35147.414,91.36041692735976,1.0,3.725,2.725
2982,4491.969,34937.582,30445.613,87.14287382567002,1.0,3.65,2.65
2983,4931.318,37909.982,32978.664000000004,86.99203286353446,1.0,3.725,2.725
2984,3337.0690000000004,34996.831000000006,31659.762000000006,90.46465378536702,1.0,3.65,2.65
2985,4089.5920000000006,36287.119999999995,32197.527999999995,88.7299074713011,1.0,3.5,2.5
2986,3864.815,38114.334,34249.519,89.85994350576871,1.0,3.625,2.625
2987,5322.048000000001,39034.378,33712.329999999994,86.36574150099176,1.0,3.525,2.525
2988,4489.030000000001,33854.781,29365.751000000004,86.74033661597161,1.0,3.275,2.275
2989,2229.016,36450.270000000004,34221.254,93.88477506476632,1.0,3.525,2.525
2990,3855.86,36431.515999999996,32575.655999999995,89.41614178229639,1.0,3.3,2.3
2991,3196.135,35682.702,32486.566999999995,91.0429008431032,1.0,3.2,2.2
2992,3349.022,36825.145000000004,33476.12300000001,90.90561082651543,1.0,3.375,2.375
2993,2935.6910000000003,32632.528000000002,29696.837000000003,91.00378922527852,1.0,3.275,2.275
2994,4825.543,33424.187000000005,28598.644000000008,85.56272139094962,1.0,3.4,2.4
2995,4620.035,38092.05,33472.015,87.87139311221107,1.0,3.35,2.35
2996,3737.7039999999997,36674.475999999995,32936.772,89.80843243677155,1.0,3.425,2.425
2997,2440.619,39401.88,36961.261,93.80583109232352,1.0,3.975,2.975
2998,3815.121,36093.441999999995,32278.320999999996,89.42987759382993,1.0,3.125,2.125
2999,3974.2470000000003,38254.329,34280.081999999995,89.61098755646712,1.0,2.85,1.85
3000,4048.308,36940.82000000001,32892.51200000001,89.04109870869137,1.0,3.6,2.6
3001,3977.6390000000006,35845.145000000004,31867.506000000005,88.90326988494537,1.0,3.225,2.225
3002,3304.183,38537.55500000001,35233.37200000001,91.42606997252422,1.0,3.2,2.2
3003,4197.429,39941.712,35744.282999999996,89.49111395124976,1.0,3.25,2.25
3004,3664.0170000000003,35673.91499999999,32009.897999999994,89.72914242801778,1.0,3.8,2.8
3005,3989.592,34707.332,30717.74,88.50504556213079,1.0,3.05,2.05
3006,4256.356,34640.003,30383.646999999997,87.71259921657628,1.0,3.175,2.175
3007,4043.036,40276.092000000004,36233.056000000004,89.96169737620025,1.0,3.725,2.725
3008,2064.3869999999997,36981.151,34916.763999999996,94.4177318872525,1.0,2.9,1.9
3009,4144.294,38509.063,34364.769,89.23813337135728,1.0,3.45,2.45
3010,3444.3060000000005,40594.541000000005,37150.235,91.51534685414967,1.0,3.425,2.425
3011,3653.635,36497.038,32843.403,89.98922871494392,1.0,3.125,2.125
3012,4090.7480000000005,39337.294,35246.546,89.60084036283736,1.0,3.425,2.425
3013,3119.8,36322.985,33203.185,91.41094819162025,1.0,3.65,2.65
3014,4658.478,34696.658,30038.180000000004,86.57369825070761,1.0,3.45,2.45
3015,3455.353,39421.734,35966.380999999994,91.23490356867609,1.0,3.475,2.475
3016,4762.529,41860.51,37097.981,88.62285958771166,1.0,3.5,2.5
3017,4378.583,35014.878,30636.295,87.495078520622,1.0,3.55,2.55
3018,3731.731,42047.044,38315.313,91.12486718448032,1.0,4.25,3.25
3019,3647.093,36197.343,32550.25,89.9244179331063,1.0,3.625,2.625
3020,3687.918,35713.229999999996,32025.311999999994,89.67352434937976,1.0,3.175,2.175
3021,4410.15,36559.737,32149.587,87.93713970097761,1.0,3.0,2.0
3022,3798.862,35759.062000000005,31960.200000000004,89.37650545755366,1.0,3.7,2.7
3023,3469.58,42984.035,39514.455,91.92821241654023,1.0,3.625,2.625
3024,4362.535,34719.813,30357.278000000002,87.43502737183522,1.0,3.675,2.675
3025,4627.932,36921.902,32293.97,87.46561864553998,1.0,3.1,2.1
3026,4200.633,37079.715,32879.081999999995,88.67134496583914,1.0,3.075,2.075
3027,3260.625,35257.838,31997.213000000003,90.75205632290897,1.0,3.4,2.4
3028,3799.418,37872.474,34073.056000000004,89.9678642594091,1.0,3.45,2.45
3029,3793.5840000000003,38500.98300000001,34707.399000000005,90.14678664178521,1.0,3.275,2.275
3030,3839.2340000000004,36184.862,32345.628,89.38994433639128,1.0,3.875,2.875
3031,3804.031,32854.927,29050.896000000004,88.42173351960271,1.0,3.1,2.1
3032,2649.386,38126.108,35476.722,93.05099277377067,1.0,3.7,2.7
3033,3389.139,36843.899,33454.759999999995,90.8013562842521,1.0,3.5,2.5
3034,3354.688,39010.287,35655.598999999995,91.40050417983338,1.0,3.15,2.15
3035,4021.3000000000006,36621.5,32600.2,89.01929194598802,1.0,3.275,2.275
3036,4532.691000000001,35487.381,30954.690000000002,87.22731609864363,1.0,3.125,2.125
3037,4412.030000000001,38173.583,33761.553,88.44219050645573,1.0,4.05,3.05
3038,2774.0550000000003,34606.880999999994,31832.825999999994,91.98409414590122,1.0,3.375,2.375
3039,4234.371,32221.081000000002,27986.710000000003,86.85838318087467,1.0,3.0,2.0
3040,4761.973,39377.789000000004,34615.816000000006,87.90695688881873,1.0,3.25,2.25
3041,3259.4040000000005,35577.865000000005,32318.461000000003,90.8386745522813,1.0,3.225,2.225
3042,3524.9040000000005,39148.246,35623.342,90.99601039597023,1.0,2.8,1.7999999999999998
3043,3887.465,33757.630999999994,29870.165999999994,88.48418895271412,1.0,3.975,2.975
3044,4918.1,40836.565,35918.465000000004,87.95662661636698,1.0,3.725,2.725
3045,3878.9030000000002,36153.398,32274.495000000003,89.27098636758846,1.0,3.375,2.375
3046,3276.5699999999997,35626.276000000005,32349.706000000006,90.80293994241778,1.0,3.675,2.675
3047,2912.745,37570.265,34657.52,92.24720666729392,1.0,2.875,1.875
3048,3909.7999999999997,37146.10799999999,33236.30799999999,89.4745366055577,1.0,3.275,2.275
3049,3342.523,37823.899000000005,34481.376000000004,91.16293378427221,1.0,3.725,2.725
3050,3916.19,38665.776,34749.585999999996,89.8716891133906,1.0,3.475,2.475
3051,4428.488,37079.715,32651.226999999995,88.05684455773189,1.0,3.55,2.55
3052,4180.879,37805.852,33624.973,88.9411856132749,1.0,3.3,2.3
3053,4014.866,35609.329,31594.462999999996,88.72524107376468,1.0,3.375,2.375
3054,2864.126,36765.189000000006,33901.06300000001,92.20967965104165,1.0,3.675,2.675
3055,3351.9610000000002,39880.656,36528.695,91.595020402874,1.0,3.325,2.325
3056,3024.456,36797.36,33772.904,91.7807799255164,1.0,2.825,1.8250000000000002
3057,3568.068,33703.948,30135.879999999997,89.41350135004956,1.0,3.05,2.05
3058,3866.139,34073.486000000004,30207.347000000005,88.65352667467016,1.0,3.225,2.225
3059,4336.186000000001,33248.556,28912.369999999995,86.95827271415936,1.0,3.4,2.4
3060,4193.087,38889.981999999996,34696.895,89.21807935010101,1.0,3.225,2.225
3061,3170.245,35393.20300000001,32222.95800000001,91.04278581398808,1.0,3.25,2.25
3062,3115.295,36745.335,33630.04,91.52193060697365,1.0,3.95,2.95
3063,3331.4030000000002,37480.488,34149.085,91.11163387200295,1.0,3.2,2.2
3064,3540.914,36789.28,33248.366,90.37514732552528,1.0,3.25,2.25
3065,3320.896,36572.218,33251.322,90.9196210084934,1.0,3.425,2.425
3066,4482.246000000001,37353.203,32870.957,88.00037041000206,1.0,3.675,2.675
3067,3092.187,36207.31,33115.123,91.45977152127568,1.0,3.4,2.4
3068,4444.704000000001,37495.792,33051.088,88.14612583726729,1.0,3.3,2.3
3069,3711.583,41255.385,37543.802,91.0033974958663,1.0,3.175,2.175
3070,2521.1730000000002,36721.951,34200.778,93.13442523791832,1.0,3.425,2.425
3071,2157.603,38131.445,35973.842,94.34166997867507,1.0,3.4,2.4
3072,3526.022,35681.994999999995,32155.972999999994,90.11820387284959,1.0,4.45,3.45
3073,3341.0170000000003,34834.617,31493.6,90.40891708383072,1.0,2.925,1.9249999999999998
3074,3586.5150000000003,35689.139,32102.624000000003,89.9506821949389,1.0,3.25,2.25
3075,4480.366,37280.537,32800.170999999995,87.98202397138216,1.0,3.525,2.525
3076,6020.718,35089.350999999995,29068.632999999994,82.8417516186036,1.0,3.525,2.525
3077,3451.749,36328.322,32876.573000000004,90.49846287973335,1.0,3.25,2.25
3078,2789.406,38907.093,36117.687,92.8305977524458,1.0,3.375,2.375
3079,2478.5649999999996,34080.630000000005,31602.065000000006,92.72734981718355,1.0,2.95,1.9500000000000002
3080,3693.8549999999996,35152.05,31458.195000000003,89.4917792845652,1.0,3.875,2.875
3081,3976.4180000000006,39766.788,35790.37,90.00065582364863,1.0,3.225,2.225
3082,4019.0260000000003,36008.295,31989.268999999997,88.8386106590162,1.0,2.925,1.9249999999999998
3083,3055.068,37127.19,34072.122,91.77134601352809,1.0,3.425,2.425
3084,2652.7780000000002,37442.98,34790.202000000005,92.91515258667981,1.0,3.8,2.8
3085,3019.3900000000003,34887.593,31868.203,91.3453759908286,1.0,3.025,2.025
3086,3850.376,35257.838,31407.462000000003,89.0793757688716,1.0,3.275,2.275
3087,2552.735,35155.58,32602.845,92.73874872779797,1.0,3.6,2.6
3088,3262.5539999999996,34392.642,31130.088,90.51380234179159,1.0,3.825,2.825
3089,3913.463,40480.67300000001,36567.21000000001,90.33251497572681,1.0,3.575,2.575
3090,3912.139,39269.258,35357.119,90.03765490043126,1.0,3.875,2.875
3091,3428.567,34673.274,31244.707,90.11178753987869,1.0,3.4,2.4
3092,3591.872,38270.504,34678.632,90.614516077447,1.0,3.525,2.525
3093,5276.756,38167.31,32890.554,86.17467146623642,1.0,3.55,2.55
3094,3270.2450000000003,35759.99800000001,32489.753000000008,90.85501906347982,1.0,2.95,1.9500000000000002
3095,2650.746,40710.216,38059.47,93.4887449381256,1.0,3.0,2.0
3096,4008.8500000000004,36577.555,32568.705,89.04013677240046,1.0,3.125,2.125
3097,5003.77,36639.383,31635.613,86.34319251500496,1.0,4.025,3.0250000000000004
3098,4087.918,35657.511,31569.592999999997,88.53560474257442,1.0,3.55,2.55
3099,3681.8779999999997,34719.812999999995,31037.934999999994,89.39545555732111,1.0,3.3,2.3
3100,4182.911,36407.261,32224.35,88.51077811099275,1.0,3.425,2.425
3101,3657.2329999999997,33546.134999999995,29888.901999999995,89.09790054800649,1.0,3.825,2.825
3102,3944.916,36098.779,32153.863,89.07188522913752,1.0,2.9,1.9
3103,4931.215,37163.219,32232.003999999997,86.73092608043453,1.0,3.325,2.325
3104,4112.036,38258.729999999996,34146.693999999996,89.2520321505706,1.0,3.75,2.75
3105,3796.588,37140.771,33344.183,89.77784279168571,1.0,3.25,2.25
3106,3550.075,41775.363,38225.288,91.50198886362759,1.0,3.5,2.5
3107,4279.519,38924.911,34645.392,89.00570639711931,1.0,3.625,2.625
3108,2628.0600000000004,35994.878,33366.818,92.69879453404455,1.0,3.2,2.2
3109,4566.483,38107.19,33540.707,88.01674172249385,1.0,3.35,2.35
3110,4810.656999999999,40055.58,35244.923,87.99004533201116,1.0,3.85,2.85
3111,4112.798000000001,38622.931,34510.132999999994,89.35140888194114,1.0,3.55,2.55
3112,4268.866,35622.746,31353.879999999997,88.0164600449387,1.0,4.3,3.3
3113,4776.762,38059.715,33282.952999999994,87.44929645426929,1.0,3.35,2.35
3114,4399.974,36952.43,32552.456,88.09286967054669,1.0,3.6,2.6
3115,4855.992,38284.628,33428.636,87.31607892337362,1.0,3.55,2.55
3116,4270.13,34030.248,29760.118,87.4519574467985,1.0,3.625,2.625
3117,2047.2210000000002,33931.683999999994,31884.462999999992,93.96663896787439,1.0,3.525,2.525
3118,4379.416,36316.777,31937.361,87.94106646633317,1.0,3.725,2.725
3119,2558.341,36711.277,34152.936,93.03118494080171,1.0,3.675,2.675
3120,4620.483,37250.009,32629.525999999998,87.59602178888063,1.0,3.925,2.925
3121,3690.6510000000003,35325.167,31634.516,89.55234663151062,1.0,3.95,2.95
3122,3764.918,36958.703,33193.785,89.81317607384653,1.0,3.25,2.25
3123,3860.516,40866.929,37006.41299999999,90.55344726294456,1.0,3.15,2.15
3124,2881.9570000000003,36002.958,33121.001,91.9952216148462,1.0,3.175,2.175
3125,3264.0170000000003,35850.482,32586.465000000004,90.89547247928215,1.0,3.45,2.45
3126,3501.179,35720.602999999996,32219.423999999995,90.19843254045851,1.0,3.2,2.2
3127,3910.362,34463.436,30553.074,88.65359217229529,1.0,3.575,2.575
3128,4348.2480000000005,39343.731,34995.483,88.94805375728092,1.0,3.65,2.65
3129,4333.809,36140.917,31807.108,88.0085804131644,1.0,3.3,2.3
3130,3495.7250000000004,37345.12299999999,33849.397999999994,90.6394069180064,1.0,3.3,2.3
3131,4747.4310000000005,36651.320999999996,31903.889999999996,87.04703985976386,1.0,3.45,2.45
3132,3914.31,37394.405,33480.095,89.53236453421309,1.0,3.525,2.525
3133,3263.5640000000003,38036.331000000006,34772.76700000001,91.41987695921566,1.0,3.475,2.475
3134,3961.919,35633.42,31671.500999999997,88.88145173828389,1.0,3.75,2.75
3135,4016.0220000000004,35415.651,31399.628999999997,88.66031856932405,1.0,3.65,2.65
3136,3931.4759999999997,38240.912,34309.435999999994,89.71918870554133,1.0,3.25,2.25
3137,3614.31,32844.96,29230.649999999998,88.99584593800692,1.0,3.525,2.525
3138,3617.957,35845.145000000004,32227.188000000006,89.90670284636873,1.0,3.7,2.7
3139,4202.042,38985.096000000005,34783.054000000004,89.2214142553349,1.0,3.425,2.425
3140,3112.503,34918.827999999994,31806.324999999993,91.08646200840418,1.0,3.575,2.575
3141,4251.187,39476.353,35225.166000000005,89.23105434790291,1.0,3.45,2.45
3142,3719.6910000000003,34562.936,30843.245000000003,89.23791948693248,1.0,3.475,2.475
3143,4592.978000000001,34042.022,29449.043999999994,86.5079165979036,1.0,3.725,2.725
3144,5228.9349999999995,39474.546,34245.611000000004,86.75365386089558,1.0,3.05,2.05
3145,4224.692,36406.325,32181.632999999998,88.39571969980491,1.0,3.775,2.775
3146,3861.466,39046.859,35185.393,90.1106872642432,1.0,3.8,2.8
3147,4201.648,34949.356,30747.708,87.97789578726429,1.0,3.875,2.875
3148,3527.075,34743.197,31216.122,89.84815646067344,1.0,3.9,2.9
3149,5318.553,34755.678,29437.125,84.6973119039715,1.0,3.325,2.325
3150,5089.974,34055.439,28965.464999999997,85.05385879770922,1.0,3.25,2.25
3151,3990.916,36559.737,32568.821,89.08384926292003,1.0,3.8,2.8
3152,4415.108,38658.795999999995,34243.687999999995,88.57929253668428,1.0,3.125,2.125
3153,4500.530000000001,43099.71000000001,38599.18000000001,89.55786477449617,1.0,3.4,2.4
3154,4753.52,39705.89600000001,34952.376000000004,88.0281759666121,1.0,3.3,2.3
3155,3487.53,34811.23299999999,31323.702999999994,89.98159588314496,1.0,3.075,2.075
3156,2980.942,34901.009999999995,31920.067999999996,91.45886609012175,1.0,3.325,2.325
3157,2191.783,36832.125,34640.342,94.04926270205695,1.0,4.25,3.25
3158,3233.514,38719.688,35486.174,91.64891514621708,1.0,4.125,3.125
3159,4402.804,41617.55,37214.746,89.42079963861399,1.0,3.7,2.7
3160,3803.578,36626.130000000005,32822.552,89.61512450264333,1.0,3.45,2.45
3161,3435.6360000000004,35977.767,32542.131,90.45066915909484,1.0,3.4,2.4
3162,3475.4139999999998,36111.489,32636.075,90.37587732812679,1.0,3.225,2.225
3163,4496.576,39239.666,34743.09,88.54073834369538,1.0,3.125,2.125
3164,2511.947,37916.418999999994,35404.471999999994,93.37504156180994,1.0,2.775,1.775
3165,5065.818000000001,35586.881,30521.063000000002,85.76492837346437,1.0,3.5,2.5
3166,3223.9540000000006,34292.191,31068.236999999997,90.59857680134814,1.0,3.125,2.125
3167,5290.281,31861.51,26571.229,83.39601293221823,1.0,3.975,2.975
3168,4541.977000000001,36183.219000000005,31641.242000000006,87.44728322817271,1.0,3.85,2.85
3169,3734.583,33999.013000000006,30264.430000000008,89.01561348266199,1.0,3.725,2.725
3170,4070.934,36194.829,32123.894999999997,88.75271934562807,1.0,3.475,2.475
3171,3899.521,40147.0,36247.479,90.28689316760904,1.0,3.125,2.125
3172,3349.41,34811.233,31461.823,90.37836436302041,1.0,3.3,2.3
3173,2760.324,35390.46,32630.136,92.20037264279696,1.0,3.125,2.125
3174,2694.1220000000003,35639.857,32945.735,92.44070479856302,1.0,3.5,2.5
3175,3619.873,37471.472,33851.599,90.33965625903355,1.0,3.725,2.725
3176,3776.98,36512.261999999995,32735.281999999996,89.65558474574925,1.0,3.85,2.85
3177,3328.464,35221.973,31893.509,90.55003534299456,1.0,3.425,2.425
3178,2851.967,37350.46,34498.493,92.36430555339882,1.0,2.9,1.9
3179,4977.317999999999,34790.672000000006,29813.354000000007,85.69352727650677,1.0,3.25,2.25
3180,3904.696,38326.05900000001,34421.36300000001,89.81190317533041,1.0,3.225,2.225
3181,4000.742,38671.277,34670.535,89.6544869723335,1.0,3.075,2.075
3182,3475.911,39332.893,35856.981999999996,91.16283920432703,1.0,4.1,3.0999999999999996
3183,3803.4750000000004,33770.341,29966.866,88.73723247271919,1.0,3.325,2.325
3184,2670.063,33103.224,30433.161,91.93413004123101,1.0,3.875,2.875
3185,3056.574,37974.568,34917.994,91.95099730956781,1.0,3.55,2.55
3186,3826.6810000000005,38017.577,34190.89599999999,89.93444269212631,1.0,3.825,2.825
3187,2443.962,38362.631,35918.669,93.62931598721683,1.0,3.825,2.825
3188,3496.281,38349.443,34853.162,90.88309835425771,1.0,3.325,2.325
3189,3393.693,36263.029,32869.336,90.64145193166297,1.0,3.3,2.3
3190,4052.4080000000004,34155.89,30103.482,88.13555143783401,1.0,3.325,2.325
3191,4587.809,37321.739,32733.93,87.7074082748395,1.0,3.575,2.575
3192,3134.5890000000004,38301.739,35167.15,91.81606610603242,1.0,3.9,2.9
3193,3220.085,33139.089,29919.004,90.28312154265919,1.0,3.0,2.0
3194,4188.577,35305.313,31116.736,88.13612840650924,1.0,3.15,2.15
3195,4162.535,32713.273999999998,28550.738999999998,87.27570037777326,1.0,3.7,2.7
3196,4670.928,39621.685,34950.757,88.21118284091149,1.0,4.275,3.2750000000000004
3197,3490.5119999999997,40081.707,36591.195,91.29150861763446,1.0,2.7,1.7000000000000002
3198,3321.0640000000003,38101.853,34780.789000000004,91.28372050566675,1.0,3.325,2.325
3199,4579.598,36240.581,31660.983,87.36334276760078,1.0,3.85,2.85
3200,4428.64,36879.763999999996,32451.123999999996,87.99168020706422,1.0,3.55,2.55
3201,3328.464,37945.847,34617.383,91.2283839651807,1.0,3.7,2.7
3202,3170.3050000000003,35953.67600000001,32783.37100000001,91.18225073842241,1.0,4.1,3.0999999999999996
3203,4250.237,36764.96,32514.722999999998,88.43943526662343,1.0,3.325,2.325
3204,4261.482,33878.872,29617.390000000003,87.4214171003096,1.0,2.6,1.6
3205,3190.9660000000003,36989.231,33798.265,91.37325671896234,1.0,3.45,2.45
3206,4661.767,35216.636,30554.869,86.76259992578508,1.0,4.0,3.0
3207,3532.25,41180.912,37648.662,91.42260375389452,1.0,3.775,2.775
3208,4741.451000000001,34471.516,29730.065000000002,86.24530757510055,1.0,3.625,2.625
3209,3107.182,36142.724,33035.542,91.40302208544104,1.0,3.4,2.4
3210,4368.098,36600.939,32232.841,88.06561219645212,1.0,3.225,2.225
3211,4325.761,34653.42,30327.659,87.51707335091314,1.0,3.025,2.025
3212,3777.748,37829.236000000004,34051.488000000005,90.01368148169844,1.0,3.325,2.325
3213,2479.1270000000004,37515.417,35036.29,93.39171146624867,1.0,3.525,2.525
3214,3906.4730000000004,38134.188,34227.715000000004,89.75598221732164,1.0,3.35,2.35
3215,3478.909,34736.053,31257.144,89.98473142587616,1.0,3.375,2.375
3216,4225.804,34615.912,30390.107999999997,87.79230776875096,1.0,3.725,2.725
3217,3203.4809999999998,34984.35,31780.869,90.8431027016366,1.0,3.4,2.4
3218,2670.625,35179.835,32509.21,92.40864830662224,1.0,3.95,2.95
3219,4742.817999999999,37963.894,33221.076,87.5070297056461,1.0,2.85,1.85
3220,2412.509,34564.743,32152.234000000004,93.02031842099912,1.0,3.725,2.725
3221,3186.0080000000003,35974.237,32788.229,91.1436398220204,1.0,3.8,2.8
3222,4234.124000000001,35415.651,31181.527,88.04448349685849,1.0,3.05,2.05
3223,4234.425,35803.007,31568.582,88.17299060942004,1.0,3.625,2.625
3224,3859.96,38669.47,34809.51,90.01806851761867,1.0,3.525,2.525
3225,3074.3020000000006,38283.921,35209.619,91.96973058219402,1.0,3.025,2.025
3226,3575.7660000000005,38248.056,34672.28999999999,90.65111701363331,1.0,3.475,2.475
3227,5142.818,38627.168,33484.35,86.68600814846172,1.0,3.95,2.95
3228,3140.564,31924.209000000003,28783.645000000004,90.16243754073908,1.0,3.6,2.6
3229,3110.574,36347.076,33236.502,91.44202411220094,1.0,3.4,2.4
3230,3709.7999999999997,36642.141,32932.341,89.87559160366747,1.0,3.025,2.025
3231,3153.473,34115.623999999996,30962.150999999998,90.75651378969354,1.0,3.1,2.1
3232,3308.343,34562.936,31254.593,90.42806143552157,1.0,3.625,2.625
3233,4274.803,36776.57,32501.767,88.37628685872554,1.0,3.375,2.375
3234,3386.5640000000003,37939.57399999999,34553.009999999995,91.07379539896785,1.0,3.475,2.475
3235,3533.859,37321.739,33787.880000000005,90.53136564724383,1.0,3.45,2.45
3236,2989.5029999999997,35886.347,32896.844000000005,91.66952546047666,1.0,3.625,2.625
3237,3691.31,37226.854,33535.544,90.08428163174895,1.0,3.625,2.625
3238,4186.303,34006.157,29819.854,87.68957339107739,1.0,3.75,2.75
3239,3156.471,39181.517,36025.046,91.94397960650682,1.0,3.525,2.525
3240,2899.679,38040.960999999996,35141.28199999999,92.37748226181772,1.0,3.1,2.1
3241,2814.7830000000004,39959.759,37144.975999999995,92.95595601565063,1.0,3.325,2.325
3242,3637.91,35257.838,31619.928000000004,89.68198220208511,1.0,3.0,2.0
3243,3239.1369999999997,37292.147,34053.009999999995,91.31415791104759,1.0,3.325,2.325
3244,3018.023,36116.826,33098.803,91.64372029812364,1.0,3.35,2.35
3245,4427.025000000001,37395.341,32968.316,88.1615600189339,1.0,3.525,2.525
3246,3659.808,34901.945999999996,31242.137999999995,89.5140288166167,1.0,3.675,2.675
3247,3190.556,37521.69,34331.134000000005,91.49676893551437,1.0,2.95,1.9500000000000002
3248,3470.239,35828.034,32357.795,90.31417967282268,1.0,3.4,2.4
3249,3887.0109999999995,32352.767,28465.756,87.98553768214015,1.0,3.85,2.85
3250,4543.38,35514.215,30970.834999999995,87.20686913676678,1.0,4.025,3.0250000000000004
3251,3305.054,35330.504,32025.45,90.64532450485281,1.0,3.275,2.275
3252,3126.125,37206.064,34079.939,91.59780781971455,1.0,3.425,2.425
3253,3222.1169999999997,35953.676,32731.559,91.03814308166987,1.0,3.65,2.65
3254,4840.085,35612.859,30772.773999999998,86.40916473456961,1.0,3.5,2.5
3255,2957.342,36192.006,33234.664000000004,91.82874251291847,1.0,3.55,2.55
3256,2884.7870000000003,37109.307,34224.520000000004,92.22624394467944,1.0,3.175,2.175
3257,3609.038,29575.21,25966.172,87.79708411199785,1.0,3.9,2.9
3258,4149.966,38489.209,34339.243,89.21784544857755,1.0,3.225,2.225
3259,5186.085000000001,38889.982,33703.897000000004,86.66472769259703,1.0,3.825,2.825
3260,3292.683,38325.12300000001,35032.44000000001,91.40855203517548,1.0,3.75,2.75
3261,3594.9570000000003,38206.85400000001,34611.897000000004,90.59080603705293,1.0,3.35,2.35
3262,3766.0360000000005,34513.653999999995,30747.617999999995,89.08827213716634,1.0,3.625,2.625
3263,3182.4100000000003,38067.795,34885.384999999995,91.64015147186748,1.0,3.5,2.5
3264,4294.696,36237.838,31943.142000000003,88.1485865685475,1.0,3.65,2.65
3265,2526.2830000000004,36857.316,34331.032999999996,93.14577599736236,1.0,3.275,2.275
3266,2881.9570000000003,36904.955,34022.998,92.19086705294723,1.0,3.225,2.225
3267,4173.625,39674.497,35500.872,89.4803329201628,1.0,3.05,2.05
3268,4113.295,36976.52099999999,32863.225999999995,88.87592751086561,1.0,3.5,2.5
3269,4143.4890000000005,41817.501000000004,37674.012,90.09149542436789,1.0,3.2,2.2
3270,3733.362,37273.393,33540.030999999995,89.98384182518613,1.0,3.925,2.925
3271,2945.468,34605.238,31659.769999999997,91.48837525694809,1.0,3.475,2.475
3272,3612.2479999999996,36874.426999999996,33262.179,90.20392099923342,1.0,3.675,2.675
3273,4107.4169999999995,37667.022,33559.604999999996,89.09545596676051,1.0,3.525,2.525
3274,3070.904,35723.904,32653.000000000004,91.40378386415998,1.0,3.175,2.175
3275,3029.6690000000003,41260.722,38231.053,92.65725645809107,1.0,3.775,2.775
3276,3682.1490000000003,37262.719000000005,33580.57000000001,90.11841030709542,1.0,3.775,2.775
3277,3041.785,40047.5,37005.715,92.40455708845745,1.0,3.25,2.25
3278,2413.125,35716.76,33303.635,93.24371807521175,1.0,3.775,2.775
3279,3444.4090000000006,35959.72,32515.311,90.42147992253555,1.0,3.3,2.3
3280,2439.246,34609.475,32170.229,92.95208609780993,1.0,3.625,2.625
3281,2869.6890000000003,35883.753,33014.064,92.00281809987936,1.0,3.15,2.15
3282,4247.54,33206.418000000005,28958.878000000004,87.20867755142997,1.0,3.7,2.7
3283,4517.441000000001,37236.592000000004,32719.151000000005,87.86827484104883,1.0,2.975,1.975
3284,3418.8639999999996,35081.977999999996,31663.113999999994,90.25464299646958,1.0,3.4,2.4
3285,4154.579,38137.718,33983.139,89.1063775761308,1.0,2.925,1.9249999999999998
3286,3206.311,34831.087,31624.775999999998,90.7946857931824,1.0,3.1,2.1
3287,4867.039000000001,33462.088,28595.049000000003,85.45506484831431,1.0,3.175,2.175
3288,2075.222,38628.975000000006,36553.753000000004,94.62780982410224,1.0,3.4,2.4
3289,4439.125,38791.418000000005,34352.293000000005,88.55642503194908,1.0,3.525,2.525
3290,2743.1940000000004,36462.751,33719.55699999999,92.47672234056064,1.0,3.475,2.475
3291,2578.608,42622.577000000005,40043.969000000005,93.95013586344157,1.0,3.4,2.4
3292,3747.239,33714.622,29967.383,88.88541891408421,1.0,3.025,2.025
3293,4399.925,37206.064,32806.138999999996,88.17417236072055,1.0,3.35,2.35
3294,3067.518,37678.796,34611.278000000006,91.85876852328298,1.0,3.175,2.175
3295,4049.016,35713.229999999996,31664.213999999996,88.662420061137,1.0,3.5,2.5
3296,3707.635,35797.67,32090.034999999996,89.64280356794171,1.0,3.375,2.375
3297,5207.821,40873.36600000001,35665.54500000001,87.25864417430168,1.0,3.5,2.5
3298,4262.022,35654.21,31392.188,88.04623072562819,1.0,3.375,2.375
3299,3359.3610000000003,37775.324,34415.963,91.1069961967765,1.0,3.175,2.175
3300,3496.1780000000003,35488.316999999995,31992.138999999996,90.1483691097552,1.0,3.2,2.2
3301,3701.407,38773.371,35071.964,90.4537395007517,1.0,3.775,2.775
3302,3229.517,37267.349,34037.832,91.33419176126534,1.0,3.3,2.3
3303,3499.527,36304.067,32804.54,90.36050974674545,1.0,3.425,2.425
3304,4931.215,35693.376000000004,30762.161000000004,86.18450941709744,1.0,3.2,2.2
3305,4008.7470000000003,33236.782,29228.035,87.93882331929727,1.0,3.35,2.35
3306,3091.28,39547.212,36455.932,92.18331749909451,1.0,3.025,2.025
3307,3152.523,37098.469,33945.945999999996,91.50228274918838,1.0,3.225,2.225
3308,3796.026,37932.43,34136.404,89.99266326992498,1.0,3.4,2.4
3309,4963.647,36104.116,31140.469,86.25185283583733,1.0,3.65,2.65
3310,4726.214,34235.53599999999,29509.321999999993,86.19500509645883,1.0,3.1,2.1
3311,2652.7780000000002,37259.04,34606.262,92.88017619348217,1.0,3.15,2.15
3312,4604.72,38815.509000000005,34210.789000000004,88.13690682247655,1.0,3.8,2.8
3313,4282.808,33642.185,29359.376999999997,87.26953079890619,1.0,3.55,2.55
3314,3641.573,37437.414000000004,33795.84100000001,90.27290453341676,1.0,3.15,2.15
3315,4090.4990000000003,37848.926,33758.426999999996,89.19256255778565,1.0,2.85,1.85
3316,3843.744,37553.153999999995,33709.409999999996,89.76452417285643,1.0,3.55,2.55
3317,4073.4790000000003,36947.96399999999,32874.48499999999,88.97509210521045,1.0,3.5,2.5
3318,4270.0869999999995,35839.808000000005,31569.721000000005,88.08563092748712,1.0,3.15,2.15
3319,4140.653,36776.56999999999,32635.916999999994,88.7410571458948,1.0,3.35,2.35
3320,3978.1950000000006,34430.314,30452.119,88.445661576017,1.0,3.375,2.375
3321,4340.798999999999,36364.187000000005,32023.388000000006,88.06298350627226,1.0,3.25,2.25
3322,4666.732,38034.524,33367.792,87.73027368503416,1.0,3.325,2.325
3323,3070.91,39202.865000000005,36131.955,92.16661843464756,1.0,3.9,2.9
3324,3541.0170000000003,37217.838,33676.821,90.4856993573888,1.0,3.1,2.1
3325,3498.759,32697.113999999998,29198.354999999996,89.29948679874315,1.0,3.45,2.45
3326,4891.860000000001,38881.902,33990.042,87.41867103106222,1.0,3.6,2.6
3327,2899.8469999999998,35416.587,32516.739999999998,91.81217828809987,1.0,3.35,2.35
3328,3149.978,37795.178,34645.2,91.66566168837727,1.0,3.65,2.65
3329,3084.787,38997.577,35912.79,92.08979829695573,1.0,3.85,2.85
3330,3927.631,36288.056,32360.424999999996,89.17651857680113,1.0,3.625,2.625
3331,4497.985,33303.175,28805.190000000002,86.4938252884297,1.0,3.2,2.2
3332,4036.96,37565.634999999995,33528.674999999996,89.25358242979254,1.0,3.4,2.4
3333,3953.768,36049.496999999996,32095.728999999996,89.03239065998618,1.0,3.525,2.525
3334,3653.1760000000004,36988.295,33335.119,90.12342688409942,1.0,3.125,2.125
3335,4723.53,41501.875,36778.345,88.61851422375496,1.0,4.05,3.05
3336,5218.662,37297.484000000004,32078.822000000004,86.00800525847802,1.0,3.85,2.85
3337,3177.645,37115.58,33937.935000000005,91.43851449984078,1.0,3.525,2.525
3338,3678.86,33491.516,29812.656000000003,89.01554650437443,1.0,3.55,2.55
3339,3993.19,32984.019,28990.829,87.89356142439769,1.0,3.4,2.4
3340,3651.706,35269.448000000004,31617.742000000006,89.64626268037992,1.0,3.275,2.275
3341,4193.1900000000005,36644.884,32451.693999999996,88.55722943481005,1.0,3.6,2.6
3342,4585.529,34218.589,29633.059999999998,86.59930425535663,1.0,3.725,2.725
3343,3579.568,35354.595,31775.027000000002,89.87523969656561,1.0,3.85,2.85
3344,3942.794,35889.09,31946.295999999995,89.01394825001134,1.0,3.575,2.575
3345,3180.5840000000003,35694.475999999995,32513.891999999996,91.08942235207486,1.0,2.875,1.875
3346,4414.304,37755.863,33341.558999999994,88.30829532356339,1.0,3.725,2.725
3347,4851.029,40177.528,35326.498999999996,87.92601426349574,1.0,3.575,2.575
3348,3076.285,35420.988,32344.702999999998,91.31507850656226,1.0,3.075,2.075
3349,3549.416,34617.719,31068.302999999996,89.74682300702712,1.0,3.175,2.175
3350,4072.361,38441.734000000004,34369.37300000001,89.40640658925531,1.0,3.25,2.25
3351,3498.203,38431.767,34933.564,90.89762643492296,1.0,3.675,2.675
3352,5401.037,37472.407999999996,32071.370999999996,85.58662950083165,1.0,2.875,1.875
3353,2958.1890000000003,37729.014,34770.825000000004,92.1593789861564,1.0,3.95,2.95
3354,3417.9139999999998,36212.647,32794.733,90.5615460808485,1.0,3.125,2.125
3355,3074.793,34440.988,31366.194999999996,91.07228573117588,1.0,3.0,2.0
3356,3849.5130000000004,37611.467,33761.954,89.76505489668882,1.0,3.075,2.075
3357,3463.871,35850.482,32386.611000000004,90.3380071710054,1.0,2.925,1.9249999999999998
3358,3024.003,34549.519,31525.516,91.24733690214327,1.0,3.325,2.325
3359,3623.742,38542.892,34919.15,90.59815750203695,1.0,3.35,2.35
3360,4066.036,34351.604,30285.568,88.16347556870998,1.0,3.425,2.425
3361,4408.638,36069.187000000005,31660.549000000006,87.77727371565098,1.0,3.475,2.475
3362,3609.303,37309.258,33699.955,90.32598557709188,1.0,3.05,2.05
3363,3388.179,36184.862,32796.683000000005,90.63647389341986,1.0,3.775,2.775
3364,2070.259,34536.809,32466.550000000003,94.00564481796799,1.0,2.775,1.775
3365,2811.844,35628.083,32816.239,92.1077875562376,1.0,3.425,2.425
3366,4351.7,35502.441,31150.740999999998,87.74253297118358,1.0,3.575,2.575
3367,4050.7340000000004,36094.378,32043.643999999997,88.777382449976,1.0,3.35,2.35
3368,3861.5260000000003,38043.475,34181.949,89.84970221568877,1.0,3.4,2.4
3369,3102.121,35747.288,32645.167,91.3220801533252,1.0,2.975,1.975
3370,2364.943,35571.657,33206.714,93.35160855734104,1.0,3.7,2.7
3371,2309.511,36414.405,34104.894,93.65769947360117,1.0,3.675,2.675
3372,2730.641,36548.834,33818.193,92.52878764887546,1.0,3.05,2.05
3373,3628.749,39495.107,35866.35800000001,90.81215554119147,1.0,3.175,2.175
3374,3367.089,33618.80100000001,30251.712000000007,89.98450599115657,1.0,2.75,1.75
3375,3415.515,36570.411,33154.896,90.66044130595087,1.0,3.3,2.3
3376,4040.0969999999998,40215.2,36175.102999999996,89.95380602359306,1.0,3.275,2.275
3377,3469.683,34428.507000000005,30958.824000000004,89.92206371307358,1.0,3.225,2.225
3378,3806.97,34888.3,31081.33,89.0881183663291,1.0,3.275,2.275
3379,2639.954,33703.241,31063.287,92.16706191549946,1.0,3.825,2.825
3380,2655.3590000000004,38222.865000000005,35567.50600000001,93.05295665304001,1.0,3.175,2.175
3381,3840.6589999999997,35607.522,31766.862999999998,89.21391103823512,1.0,3.525,2.525
3382,3005.367,36789.28,33783.913,91.8308621424502,1.0,3.15,2.15
3383,4008.191,37163.219000000005,33155.028000000006,89.21462912026001,1.0,3.7,2.7
3384,4659.04,34557.599,29898.559,86.51804484449282,1.0,3.775,2.775
3385,3675.62,34441.924,30766.304,89.3280642509983,1.0,3.9,2.9
3386,4001.1949999999997,35933.986000000004,31932.791000000005,88.86515122480428,1.0,3.225,2.225
3387,5058.9310000000005,36419.742,31360.810999999998,86.10937166990365,1.0,3.75,2.75
3388,4675.147,34641.81,29966.662999999997,86.50432237807435,1.0,3.575,2.575
3389,3679.1510000000003,35348.551,31669.399999999998,89.59179118827247,1.0,3.325,2.325
3390,5426.661,36947.093,31520.432,85.31234649502736,1.0,3.425,2.425
3391,2776.576,34653.584,31877.008,91.98762240580946,1.0,3.85,2.85
3392,4737.999,36329.258,31591.259000000002,86.95817294148975,1.0,3.225,2.225
3393,3786.968,33466.325,29679.356999999996,88.68424304132587,1.0,3.5,2.5
3394,3060.8370000000004,36160.771,33099.934,91.53547638682815,1.0,3.15,2.15
3395,4074.29,33573.92,29499.629999999997,87.86471761414812,1.0,3.0,2.0
3396,3783.202,39124.861999999994,35341.659999999996,90.33044001535393,1.0,3.375,2.375
3397,4121.856,36570.411,32448.555,88.72898639285187,1.0,3.275,2.275
3398,3317.5040000000004,35646.837,32329.333,90.69341271428935,1.0,3.25,2.25
3399,3554.791,35592.218,32037.427,90.01244878866498,1.0,3.125,2.125
3400,4534.710000000001,35578.801,31044.091,87.2544608796682,1.0,3.625,2.625
3401,2558.854,37752.169,35193.315,93.2219682530029,1.0,3.15,2.15
3402,3654.688,33460.988,29806.299999999996,89.07776423099043,1.0,3.125,2.125
3403,4166.695,37974.568,33807.873,89.02766978152326,1.0,3.3,2.3
3404,3950.479,35451.516,31501.037000000004,88.85667117874452,1.0,3.775,2.775
3405,3464.5730000000003,38581.5,35116.926999999996,91.02011845055272,1.0,3.25,2.25
3406,3488.07,35694.476,32206.406000000003,90.22798373619493,1.0,4.0,3.0
3407,4651.385,34774.432,30123.047,86.62412372400503,1.0,3.4,2.4
3408,3636.7540000000004,36323.921,32687.167,89.98799165982109,1.0,3.25,2.25
3409,2918.834,37416.853,34498.019,92.19914619757039,1.0,3.475,2.475
3410,3644.965,38343.877,34698.912,90.49401029530738,1.0,3.525,2.525
3411,3454.688,38375.341,34920.653,90.99763569527629,1.0,3.5,2.5
3412,3381.593,39681.641,36300.048,91.47819264833326,1.0,3.325,2.325
3413,3888.021,39132.006,35243.985,90.06434528298907,1.0,3.5,2.5
3414,4339.6810000000005,32286.373999999996,27946.692999999996,86.55878482978608,1.0,3.15,2.15
3415,3906.9700000000003,35585.945,31678.975,89.02103063442604,1.0,3.6,2.6
3416,3837.413,35386.058999999994,31548.645999999993,89.15557960269042,1.0,3.25,2.25
3417,4016.087,32438.85,28422.763,87.61951487182807,1.0,3.275,2.275
3418,2380.8450000000003,37976.146,35595.301,93.73068293975908,1.0,3.45,2.45
3419,3166.956,36625.193999999996,33458.238,91.35306696259411,1.0,3.375,2.375
3420,3272.264,37159.525,33887.261,91.19401014948387,1.0,3.175,2.175
3421,4757.709999999999,36346.369,31588.659,86.91008171957975,1.0,3.25,2.25
3422,4057.512,36922.773,32865.261,89.01081454526721,1.0,3.025,2.025
3423,4778.933,32433.513000000003,27654.58,85.2654475017862,1.0,3.25,2.25
3424,2523.344,35535.563,33012.219000000005,92.89910223175583,1.0,3.525,2.525
3425,3475.4139999999998,35090.058000000005,31614.644000000004,90.09573024929169,1.0,2.8,1.7999999999999998
3426,4107.979,35131.489,31023.510000000002,88.30684631670465,1.0,3.1,2.1
3427,5101.371,38532.218,33430.847,86.76076471902033,1.0,3.3,2.3
3428,3337.522,37890.128,34552.606,91.19157897803882,1.0,2.675,1.6749999999999998
3429,2832.63,34725.15,31892.52,91.84271342240422,1.0,3.15,2.15
3430,4966.477,36456.543000000005,31490.066000000006,86.37699411049479,1.0,3.275,2.275
3431,2702.721,36021.712,33318.991,92.49696682933893,1.0,3.525,2.525
3432,3157.934,35518.845,32360.911,91.10913094161704,1.0,3.8,2.8
3433,3628.7490000000003,36830.482,33201.733,90.14743005535468,1.0,3.1,2.1
3434,2876.123,40099.524999999994,37223.401999999995,92.82753848081742,1.0,3.375,2.375
3435,2797.611,39391.206,36593.595,92.89787928808273,1.0,3.5,2.5
3436,2906.4629999999997,35819.954,32913.490999999995,91.8859108529285,1.0,3.125,2.125
3437,3962.1310000000003,38609.285,34647.154,89.73788040881875,1.0,3.55,2.55
3438,4146.984,36233.437000000005,32086.453000000005,88.55481471437557,1.0,3.45,2.45
3439,4364.706,36993.632000000005,32628.926000000007,88.20146667404812,1.0,3.575,2.575
3440,4105.355,35628.083,31522.728,88.47719367893019,1.0,3.4,2.4
3441,4002.1450000000004,40878.70300000001,36876.558000000005,90.20970650658852,1.0,3.775,2.775
3442,3433.012,36131.114,32698.102000000003,90.49846068958738,1.0,3.35,2.35
3443,3838.634,33600.754,29762.120000000003,88.57575041321991,1.0,4.0,3.0
3444,3088.692,36765.896,33677.204,91.59902970948947,1.0,3.8,2.8
3445,3667.965,38458.681,34790.716,90.46258242709885,1.0,3.325,2.325
3446,4764.809,36063.784999999996,31298.975999999995,86.78782884270188,1.0,2.95,1.9500000000000002
3447,3069.127,36791.087,33721.96,91.65796052723313,1.0,3.55,2.55
3448,3870.1360000000004,38278.584,34408.448000000004,89.88955286329296,1.0,3.4,2.4
3449,5569.608,36437.789000000004,30868.181000000004,84.7147476483823,1.0,3.175,2.175
3450,3313.9660000000003,36390.314,33076.348,90.89327451255298,1.0,3.575,2.575
3451,4757.981,37297.648,32539.667,87.24321437105095,1.0,3.275,2.275
3452,3555.244,37135.434,33580.19,90.42627588518287,1.0,3.2,2.2
3453,2634.904,30216.2,27581.296000000002,91.2798300249535,1.0,3.45,2.45
3454,3529.5170000000003,34127.169,30597.652000000002,89.65775039822378,1.0,3.375,2.375
3455,3396.1780000000003,36359.786,32963.608,90.65952148343227,1.0,3.325,2.325
3456,3540.352,38967.278,35426.926,90.91455143466783,1.0,3.7,2.7
3457,3345.63,32968.795,29623.164999999997,89.85213138666427,1.0,3.675,2.675
3458,4507.826999999999,34301.222,29793.395000000004,86.85811543390496,1.0,3.65,2.65
3459,4618.252,35384.187000000005,30765.935000000005,86.94826024969855,1.0,3.275,2.275
3460,5235.011,37151.445,31916.434,85.9089976177239,1.0,3.1,2.1
3461,3879.416,34361.178,30481.762,88.70988648875775,1.0,3.65,2.65
3462,3476.673,37321.739,33845.066,90.68459001870195,1.0,3.75,2.75
3463,3722.527,36063.850000000006,32341.323000000004,89.67795451678066,1.0,3.275,2.275
3464,2276.5460000000003,37295.841,35019.295,93.8959789108925,1.0,3.4,2.4
3465,4001.589,40232.147,36230.558,90.05375228918308,1.0,3.075,2.075
3466,2607.334,36051.304000000004,33443.97,92.76771236901722,1.0,3.5,2.5
3467,4103.572,35410.314,31306.742,88.41136511808395,1.0,3.4,2.4
3468,3519.1349999999998,39228.056000000004,35708.921,91.02903544340816,1.0,3.425,2.425
3469,3522.068,35136.826,31614.758,89.97613501003194,1.0,3.45,2.45
3470,3001.91,36959.57399999999,33957.66399999999,91.87785551857279,1.0,3.225,2.225
3471,2276.4,39275.531,36999.131,94.20402489275065,1.0,3.575,2.575
3472,4016.5840000000003,36268.366,32251.782000000003,88.92537921338943,1.0,3.2,2.2
3473,4070.087,37042.914000000004,32972.827000000005,89.01250857316462,1.0,2.85,1.85
3474,3788.48,36383.17,32594.69,89.58727345638107,1.0,3.325,2.325
3475,3816.5840000000003,36970.24800000001,33153.664000000004,89.67660698408082,1.0,3.2,2.2
3476,2989.297,38659.503,35670.206,92.26762692733014,1.0,3.25,2.25
3477,3443.641,36771.233,33327.592,90.63495912688052,1.0,3.475,2.475
3478,4095.361,33473.469,29378.107999999997,87.76535231529185,1.0,3.25,2.25
3479,4081.28,34446.325,30365.045,88.15176945581278,1.0,3.05,2.05
3480,2845.226,33679.857,30834.631000000005,91.5521434666424,1.0,3.25,2.25
3481,4072.9659999999994,40521.875,36448.909,89.94872275776972,1.0,3.5,2.5
3482,4913.281,38017.577000000005,33104.296,87.0762910534777,1.0,3.35,2.35
3483,4312.98,36565.07400000001,32252.09400000001,88.20464577755264,1.0,3.25,2.25
3484,2572.899,33770.341,31197.442,92.38118738570037,1.0,3.375,2.375
3485,4923.56,32547.381,27623.821,84.87263844670021,1.0,3.725,2.725
3486,2464.3810000000003,33849.28,31384.898999999998,92.71954676731676,1.0,3.225,2.225
3487,3581.0370000000003,39119.525,35538.488,90.84590878851417,1.0,3.3,2.3
3488,2814.6800000000003,36191.299,33376.619,92.22277155622405,1.0,3.775,2.775
3489,3367.5119999999997,38222.865,34855.352999999996,91.18979699716387,1.0,3.675,2.675
3490,4107.629,39009.187000000005,34901.558000000005,89.47009841553478,1.0,3.1,2.1
3491,3960.4130000000005,38623.638000000006,34663.225000000006,89.74614198693557,1.0,3.65,2.65
3492,3975.862,35663.948000000004,31688.086000000003,88.85187360636573,1.0,3.325,2.325
3493,3604.183,37516.352999999996,33912.17,90.39303473874448,1.0,3.35,2.35
3494,3527.286,39020.960999999996,35493.674999999996,90.96053528768807,1.0,3.875,2.875
3495,2799.3940000000002,34659.693,31860.299,91.92320024300274,1.0,3.9,2.9
3496,3430.635,34173.708,30743.072999999997,89.96118595032179,1.0,3.4,2.4
3497,4379.495,39737.36,35357.865,88.97889794389964,1.0,3.0,2.0
3498,3366.956,36201.973,32835.017,90.69952347624812,1.0,3.025,2.025
3499,4202.248,36329.258,32127.010000000002,88.43288238917513,1.0,3.225,2.225
3500,5088.921,38083.099,32994.178,86.63732434169813,1.0,3.375,2.375
3501,4621.191,34356.547999999995,29735.356999999996,86.54931514074114,1.0,3.525,2.525
3502,3539.8990000000003,35669.284999999996,32129.385999999995,90.07577808189875,1.0,3.8,2.8
3503,4284.876,35113.442,30828.566000000003,87.79704934651522,1.0,3.475,2.475
3504,4010.9180000000006,39487.026999999995,35476.109,89.84244116428415,1.0,3.375,2.375
3505,3018.2720000000004,36711.984,33693.712,91.77851025430824,1.0,3.45,2.45
3506,4442.0560000000005,35216.636,30774.579999999998,87.38648404691465,1.0,3.55,2.55
3507,3801.304,38530.411,34729.107,90.13427601382192,1.0,3.35,2.35
3508,3898.3,36234.144,32335.844,89.24136306352374,1.0,3.175,2.175
3509,5213.281,35124.115999999995,29910.834999999995,85.1575453172971,1.0,3.275,2.275
3510,3519.135,38685.630000000005,35166.495,90.90325012155675,1.0,3.175,2.175
3511,2845.614,36336.402,33490.788,92.16869628423859,1.0,3.825,2.825
3512,3863.762,35093.752,31229.99,88.99017124187804,1.0,3.725,2.725
3513,3149.1310000000003,36911.228,33762.097,91.46836566911293,1.0,3.4,2.4
3514,4302.701,38919.574,34616.873,88.94463490273557,1.0,3.4,2.4
3515,4866.483,33170.553,28304.07,85.32890603301067,1.0,3.225,2.225
3516,4983.6,37042.20700000001,32058.60700000001,86.54615800834978,1.0,3.15,2.15
3517,3396.6910000000003,38350.314,34953.623,91.14299038073065,1.0,3.0,2.0
3518,3111.385,34163.97,31052.585,90.89278851374708,1.0,3.875,2.875
3519,3567.512,39378.725,35811.212999999996,90.94050912008959,1.0,3.65,2.65
3520,4647.987,40879.574,36231.587,88.63005030336177,1.0,3.675,2.675
3521,4783.1900000000005,37425.869,32642.678999999996,87.21956195592946,1.0,3.6,2.6
3522,3714.003,34847.098,31133.094999999998,89.34200202266484,1.0,3.3,2.3
3523,4510.554,36788.344,32277.789999999997,87.73917629997153,1.0,3.275,2.275
3524,4448.308,37110.243,32661.935,88.01326092098077,1.0,3.475,2.475
3525,4266.030000000001,37060.961,32794.931000000004,88.48915439618526,1.0,3.625,2.625
3526,4788.365,33986.303,29197.938000000002,85.91089769310891,1.0,3.4,2.4
3527,4426.214,34794.28599999999,30368.071999999993,87.2789055076457,1.0,3.1,2.1
3528,4795.252,40025.052,35229.8,88.019373466398,1.0,3.55,2.55
3529,4572.813999999999,34101.978,29529.164000000004,86.59076608400838,1.0,3.275,2.275
3530,4141.15,36172.381,32031.231,88.55162451152994,1.0,3.2,2.2
3531,3418.4700000000003,36993.632,33575.162,90.7593014927542,1.0,3.125,2.125
3532,4946.107,37624.884,32678.777,86.85416013508507,1.0,3.05,2.05
3533,3068.6140000000005,35935.629,32867.015,91.46080342715025,1.0,3.1,2.1
3534,5064.3060000000005,34308.366,29244.06,85.23885981629087,1.0,3.625,2.625
3535,3321.3060000000005,36237.837999999996,32916.53199999999,90.83470156249388,1.0,3.375,2.375
3536,4376.974,33318.479,28941.504999999997,86.86322385844804,1.0,3.35,2.35
3537,4404.975,36553.464,32148.489,87.94922691868547,1.0,4.05,3.05
3538,4755.933,37472.408,32716.475000000002,87.3081735233028,1.0,3.525,2.525
3539,4375.921,38175.39,33799.469,88.5373247005466,1.0,3.5,2.5
3540,5019.424000000001,37509.209,32489.785000000003,86.61815555747924,1.0,3.375,2.375
3541,3473.032,39844.084,36371.052,91.28344373533596,1.0,3.8,2.8
3542,3411.692,36317.648,32905.956,90.60596655378123,1.0,3.05,2.05
3543,4314.969,34271.565,29956.596,87.40947779886912,1.0,3.525,2.525
3544,3541.017,33783.051,30242.034,89.51836232908626,1.0,3.6,2.6
3545,2735.05,37275.2,34540.149999999994,92.66254775292956,1.0,3.5,2.5
3546,2955.6240000000003,34944.019,31988.395,91.5418315220124,1.0,3.925,2.925
3547,4289.182,33436.897000000004,29147.715000000004,87.17230848305093,1.0,3.325,2.325
3548,3917.9080000000004,34101.271,30183.363,88.51096195212196,1.0,3.425,2.425
3549,3367.5119999999997,35224.716,31857.204,90.43991724447119,1.0,3.625,2.625
3550,3560.728,39270.194,35709.466,90.93274660165925,1.0,3.2,2.2
3551,4208.741,36311.210999999996,32102.469999999994,88.4092518974374,1.0,2.925,1.9249999999999998
3552,3713.754,35136.826,31423.072,89.43059341785738,1.0,3.25,2.25
3553,3526.4750000000004,35723.903999999995,32197.428999999996,90.12852850573107,1.0,3.4,2.4
3554,4578.085999999999,35474.899999999994,30896.813999999995,87.09485861834706,1.0,3.425,2.425
3555,2907.1280000000006,35434.405,32527.277,91.79574766388768,1.0,3.375,2.375
3556,4707.973,36633.11,31925.137000000002,87.14831200517783,1.0,4.175,3.175
3557,3646.58,35374.449,31727.869,89.69148607798809,1.0,3.3,2.3
3558,2865.638,35524.182,32658.544,91.93327519828605,1.0,3.525,2.525
3559,4514.201,38951.038,34436.837,88.41057586193209,1.0,3.725,2.725
3560,4609.998,39137.572,34527.574,88.22104242950994,1.0,3.775,2.775
3561,2765.076,34871.418000000005,32106.342000000004,92.07065224591669,1.0,3.925,2.925
3562,2950.6369999999997,36970.248,34019.611,92.01888772831602,1.0,3.225,2.225
3563,3148.3630000000003,38882.609,35734.246,91.90290188603343,1.0,3.275,2.275
3564,3542.2380000000003,38532.218,34989.98,90.80707474456831,1.0,3.7,2.7
3565,4779.592,37109.307,32329.715,87.12023374621359,1.0,3.575,2.575
3566,3466.9500000000003,35119.879,31652.929,90.12824047599935,1.0,3.35,2.35
3567,3679.568,32136.640999999996,28457.072999999997,88.55024082946316,1.0,3.3,2.3
3568,3130.1220000000003,33291.565,30161.443000000003,90.59785263924961,1.0,3.1,2.1
3569,2949.7900000000004,37708.224,34758.434,92.17732980476619,1.0,3.2,2.2
3570,2674.9669999999996,33797.255000000005,31122.288000000004,92.08525366926989,1.0,3.9,2.9
3571,4378.086,35088.251,30710.164999999997,87.52264397561451,1.0,3.475,2.475
3572,4271.864,36336.402,32064.538,88.24356907984449,1.0,3.2,2.2
3573,3171.5690000000004,33799.998,30628.429,90.61665920808635,1.0,4.125,3.125
3574,4043.4889999999996,37557.555,33514.066,89.23388649767003,1.0,3.275,2.275
3575,4379.700999999999,32632.528,28252.826999999997,86.57872598776288,1.0,2.775,1.775
3576,3292.428,35959.949,32667.521,90.84418056321493,1.0,2.95,1.9500000000000002
3577,4005.3549999999996,36819.808000000005,32814.45300000001,89.12173849467115,1.0,3.925,2.925
3578,3394.963,35687.332,32292.369000000002,90.48692404352335,1.0,3.0,2.0
3579,4079.4159999999997,40534.356,36454.94,89.93590523554883,1.0,3.6,2.6
3580,2800.344,36764.089,33963.745,92.38293651176832,1.0,3.85,2.85
3581,3233.0119999999997,37721.641,34488.629,91.42929121243691,1.0,3.1,2.1
3582,4528.7429999999995,38864.084,34335.341,88.34722825321188,1.0,3.75,2.75
3583,3352.0640000000003,35983.10400000001,32631.040000000008,90.68433896086341,1.0,3.7,2.7
3584,3469.58,35342.985,31873.405,90.18311554612605,1.0,3.275,2.275
3585,2877.5119999999997,32922.963,30045.451000000005,91.25986321462015,1.0,3.675,2.675
3586,4442.927,35687.332,31244.405000000002,87.55040864360495,1.0,3.425,2.425
3587,3261.2900000000004,38455.151000000005,35193.861000000004,91.51923756585951,1.0,3.15,2.15
3588,4008.373,37623.948000000004,33615.575000000004,89.3462190623908,1.0,3.425,2.425
3589,3458.286,35709.78,32251.494,90.31557741324644,1.0,3.025,2.025
3590,4894.997,39214.639,34319.642,87.51742429657455,1.0,3.3,2.3
3591,3485.747,38917.767,35432.02,91.04330163649934,1.0,3.225,2.225
3592,2926.2340000000004,35118.779,32192.545000000002,91.66760894506042,1.0,3.675,2.675
3593,3896.588,37210.694,33314.106,89.52831140424308,1.0,3.225,2.225
3594,3440.358,34072.55,30632.192000000003,89.90284554575457,1.0,3.6,2.6
3595,4761.205,32503.436,27742.231,85.3516871262472,1.0,3.2,2.2
3596,4111.577,34745.94,30634.363,88.16674120774974,1.0,2.925,1.9249999999999998
3597,3600.083,34593.464,30993.381,89.59316996991107,1.0,3.75,2.75
3598,2613.168,34161.227,31548.058999999997,92.35048553730228,1.0,3.85,2.85
3599,3987.8150000000005,34986.157,30998.341999999997,88.60173468037658,1.0,2.825,1.8250000000000002
3600,2597.0550000000003,33922.816999999995,31325.761999999995,92.34422365335992,1.0,3.75,2.75
3601,5103.208,32965.101,27861.893000000004,84.51936185482946,1.0,3.425,2.425
3602,2958.745,39657.55,36698.805,92.53926427628534,1.0,3.15,2.15
3603,3566.188,41079.525,37513.337,91.3188188032846,1.0,3.825,2.825
3604,3429.305,36491.701,33062.396,90.60250712894967,1.0,3.85,2.85
3605,3709.6539999999995,36773.04,33063.386,89.91202794220983,1.0,3.25,2.25
3606,5594.991,36155.205,30560.214,84.52507460544062,1.0,3.45,2.45
3607,5351.876,34236.636,28884.76,84.36798521910856,1.0,3.4,2.4
3608,3724.1360000000004,34928.795,31204.659,89.33792018877263,1.0,3.25,2.25
3609,3546.5309999999995,37653.605,34107.074,90.5811648048042,1.0,3.6,2.6
3610,3706.867,38834.263,35127.396,90.45464825739064,1.0,3.775,2.775
3611,3156.968,33496.853,30339.885000000002,90.57532956901952,1.0,3.3,2.3
3612,4267.542,34632.072,30364.53,87.67748577099285,1.0,3.525,2.525
3613,3887.047,37593.42,33706.373,89.66029959498232,1.0,3.65,2.65
3614,3447.9040000000005,32890.792,29442.888,89.51711469884944,1.0,3.475,2.475
3615,4146.5740000000005,35851.418000000005,31704.844000000005,88.43400280569098,1.0,3.7,2.7
3616,4404.581,32123.224,27718.642999999996,86.28848399525526,1.0,3.4,2.4
3617,3548.919,34951.935,31403.015999999996,89.84628748022104,1.0,3.55,2.55
3618,4440.14,32959.764,28519.624000000003,86.52860499850667,1.0,3.55,2.55
3619,3882.084,36843.899000000005,32961.815,89.46342785273622,1.0,3.175,2.175
3620,3770.1960000000004,37751.233,33981.037,90.01305202402263,1.0,3.45,2.45
3621,2656.829,38259.666,35602.837,93.05579667109484,1.0,3.35,2.35
3622,2850.045,39681.641,36831.596000000005,92.81772394443063,1.0,3.075,2.075
3623,3465.794,37614.21,34148.416,90.78594499259721,1.0,3.475,2.475
3624,3506.3540000000003,38956.375,35450.021,90.99928060554916,1.0,3.325,2.325
3625,4382.6990000000005,34875.819,30493.120000000003,87.4334162589845,1.0,3.35,2.35
3626,4540.544,36224.421,31683.877,87.4655167021165,1.0,3.025,2.025
3627,3130.079,37008.149000000005,33878.07000000001,91.54218980257565,1.0,2.75,1.75
3628,3328.852,38580.793000000005,35251.941000000006,91.37173774525579,1.0,2.95,1.9500000000000002
3629,3489.804,40354.095,36864.291,91.35204494116395,1.0,3.225,2.225
3630,3669.574,35759.062,32089.487999999998,89.73805856540645,1.0,3.45,2.45
3631,3459.1980000000003,39893.366,36434.168000000005,91.32888911905806,1.0,3.65,2.65
3632,3370.304,39059.569,35689.265,91.37137432315241,1.0,3.3,2.3
3633,2945.842,37001.712,34055.87,92.0386332394566,1.0,3.45,2.45
3634,4176.871,35959.013,31782.142,88.38435582200212,1.0,3.95,2.95
3635,3986.697,34792.47900000001,30805.782000000007,88.54149771851554,1.0,3.825,2.825
3636,3791.353,38779.808000000005,34988.455,90.22338377745449,1.0,3.225,2.225
3637,4784.761,35790.297000000006,31005.536000000007,86.63112239610642,1.0,3.225,2.225
3638,2799.8849999999998,36480.798,33680.913,92.32504453438764,1.0,3.675,2.675
3639,3564.12,32674.665999999997,29110.546,89.09209967134782,1.0,2.975,1.975
3640,3686.865,36369.753000000004,32682.888000000006,89.86282639862856,1.0,3.05,2.05
3641,2996.184,41907.985,38911.801,92.85056535168656,1.0,3.25,2.25
3642,3389.291,39075.58,35686.289000000004,91.32631940460001,1.0,3.15,2.15
3643,4255.238,37891.228,33635.990000000005,88.7698598736362,1.0,3.0,2.0
3644,3417.914,35831.728,32413.814000000002,90.4612080109561,1.0,3.775,2.775
3645,3840.352,37080.651000000005,33240.299000000006,89.6432454759222,1.0,3.1,2.1
3646,3255.353,37297.648,34042.295,91.27196170653977,1.0,3.65,2.65
3647,4650.37,33346.184,28695.814000000002,86.0542663592332,1.0,3.325,2.325
3648,3293.196,41673.104999999996,38379.909,92.09755068646793,1.0,3.925,2.925
3649,4599.412,38387.822,33788.41,88.01856484590348,1.0,3.275,2.275
3650,3468.5650000000005,38181.663,34713.098,90.91562617374733,1.0,3.6,2.6
3651,3397.9550000000004,37915.319,34517.364,91.03804190596418,1.0,3.725,2.725
3652,4202.804,38168.952999999994,33966.14899999999,88.98894606828748,1.0,3.3,2.3
3653,3725.248,35144.906,31419.658000000003,89.40031878304072,1.0,3.8,2.8
3654,2763.5699999999997,35349.258,32585.688000000002,92.18209898493484,1.0,3.45,2.45
3655,3528.7490000000003,35622.746,32093.997,90.09411290190825,1.0,3.65,2.65
3656,2940.51,34864.209,31923.699,91.56582040911927,1.0,3.35,2.35
3657,3817.1400000000003,35143.97,31326.83,89.13856345768562,1.0,3.15,2.15
3658,3808.7470000000003,39160.727,35351.979999999996,90.27406462602188,1.0,3.4,2.4
3659,3083.97,31681.249000000003,28597.279000000002,90.26562999457502,1.0,3.625,2.625
3660,3134.977,35239.084,32104.107000000004,91.10369327420656,1.0,3.65,2.65
3661,4661.496000000001,34529.665,29868.169,86.50002541293117,1.0,3.2,2.2
3662,4548.761,33503.126000000004,28954.365000000005,86.42287588328325,1.0,2.925,1.9249999999999998
3663,3056.018,35141.227,32085.209,91.3036104288561,1.0,3.625,2.625
3664,3624.179,36300.537,32676.357999999997,90.01618350714756,1.0,3.275,2.275
3665,3469.683,35936.565,32466.882,90.34497871457664,1.0,3.75,2.75
3666,2109.226,34972.74,32863.513999999996,93.96894266791791,1.0,3.25,2.25
3667,4096.582,39070.243,34973.661,89.51482845909096,1.0,3.4,2.4
3668,3491.3590000000004,35111.635,31620.276,90.05640437991566,1.0,3.175,2.175
3669,5013.384,35087.543999999994,30074.159999999996,85.71178421607395,1.0,3.425,2.425
3670,3932.697,33062.022,29129.324999999997,88.10509230197717,1.0,3.275,2.275
3671,3996.5820000000003,35416.358,31419.775999999998,88.71543482816612,1.0,3.625,2.625
3672,3702.9620000000004,37799.808000000005,34096.846000000005,90.2037544740968,1.0,3.475,2.475
3673,3567.469,38889.046,35321.577000000005,90.8265453464711,1.0,3.4,2.4
3674,4461.585,34047.359,29585.773999999998,86.89594397027976,1.0,3.35,2.35
3675,3201.003,37056.331000000006,33855.32800000001,91.36179186223268,1.0,2.9,1.9
3676,2872.6280000000006,36232.501000000004,33359.87300000001,92.07168172023235,1.0,3.425,2.425
3677,3958.2780000000002,35460.303,31502.025,88.83743886790816,1.0,3.225,2.225
3678,3839.1310000000003,38672.213,34833.082,90.07263690857309,1.0,3.2,2.2
3679,4062.9940000000006,35935.629,31872.635000000002,88.69368892916832,1.0,3.275,2.275
3680,4154.3240000000005,39238.729999999996,35084.405999999995,89.4126950591928,1.0,3.2,2.2
3681,3607.133,34549.519,30942.386,89.55952758705556,1.0,3.3,2.3
3682,4192.4220000000005,36013.632,31821.21,88.358791470963,1.0,3.9,2.9
3683,3349.022,35597.55499999999,32248.532999999992,90.59198869135815,1.0,3.8,2.8
3684,4154.3240000000005,37298.584,33144.26,88.86197931803524,1.0,3.875,2.875
3685,4350.793,34979.013,30628.22,87.56170449978106,1.0,3.375,2.375
3686,2975.7290000000003,36952.43,33976.701,91.94713581759034,1.0,3.3,2.3
3687,2880.3420000000006,38936.52100000001,36056.179000000004,92.60246697438632,1.0,3.55,2.55
3688,4045.6240000000003,37441.880000000005,33396.256,89.19492290451227,1.0,3.475,2.475
3689,3473.734,39856.565,36382.831000000006,91.28441199084769,1.0,4.1,3.0999999999999996
3690,3985.185,36086.298,32101.113,88.95651474141238,1.0,3.425,2.425
3691,5125.646,36226.064,31100.417999999998,85.85094422623446,1.0,3.55,2.55
3692,3475.414,34907.283,31431.869000000002,90.0438713605983,1.0,4.6,3.5999999999999996
3693,4168.515,37932.43,33763.915,89.01068294332845,1.0,3.575,2.575
3694,3001.5650000000005,39296.092000000004,36294.527,92.3616704684018,1.0,3.25,2.25
3695,4158.484,33539.155,29380.671,87.60110682573846,1.0,3.2,2.2
3696,4209.135,35130.553,30921.417999999998,88.01859168001141,1.0,3.575,2.575
3697,4121.856,35335.841,31213.985,88.33519768214941,1.0,3.1,2.1
3698,3276.1820000000002,36140.917,32864.735,90.93497821319806,1.0,4.0,3.0
3699,4026.0160000000005,38195.08,34169.064,89.45933350578137,1.0,3.775,2.775
3700,3545.733,34167.5,30621.767,89.62249798785396,1.0,3.575,2.575
3701,2076.232,33266.373999999996,31190.141999999996,93.75876673544282,1.0,3.425,2.425
3702,3831.6440000000002,36402.795,32571.150999999998,89.47431371684509,1.0,2.975,1.975
3703,4959.034,40213.393,35254.359,87.66820297904233,1.0,3.375,2.375
3704,3502.919,37719.998,34217.079,90.71336377059193,1.0,3.775,2.775
3705,3627.696000000001,36496.809,32869.113,90.06023786901478,1.0,3.025,2.025
3706,3912.242,35935.629,32023.387000000002,89.11319459581465,1.0,3.275,2.275
3707,2642.741,38682.887,36040.146,93.16819088502882,1.0,3.775,2.775
3708,3196.7400000000007,35379.786,32183.046,90.9645015942154,1.0,3.6,2.6
3709,3974.1439999999993,35857.626000000004,31883.482000000004,88.91687921559559,1.0,3.125,2.125
3710,3885.234,38261.473,34376.239,89.8455712878592,1.0,3.525,2.525
3711,4524.4800000000005,37539.737,33015.257,87.94749148082737,1.0,3.5,2.5
3712,2679.786,35984.911,33305.125,92.55302868471732,1.0,3.125,2.125
3713,3631.834,34586.32000000001,30954.486000000008,89.49921818800036,1.0,3.15,2.15
3714,4305.911,39409.253000000004,35103.342000000004,89.07385785769651,1.0,3.55,2.55
3715,2810.5200000000004,36226.064,33415.543999999994,92.24171855932236,1.0,3.5,2.5
3716,3829.408,32970.602,29141.194,88.38538647247023,1.0,3.45,2.45
3717,3230.122,33678.757,30448.635,90.4090225182598,1.0,3.45,2.45
3718,5075.492,36654.851,31579.359000000004,86.15328705060075,1.0,3.75,2.75
3719,3435.533,38204.111000000004,34768.578,91.0074258762362,1.0,3.425,2.425
3720,4487.912,39790.172000000006,35302.26000000001,88.72105403314167,1.0,3.675,2.675
3721,5017.544,34743.197,29725.653,85.55819719181282,1.0,3.05,2.05
3722,2854.8030000000003,37096.826,34242.023,92.30445483395265,1.0,3.325,2.325
3723,3912.7390000000005,38610.221000000005,34697.482,89.86605386174816,1.0,3.0,2.0
3724,4745.822,37938.702999999994,33192.880999999994,87.49081643618655,1.0,3.175,2.175
3725,5383.1900000000005,33755.824,28372.634,84.0525593450185,1.0,3.45,2.45
3726,5277.421,34077.723,28800.301999999996,84.51357504138407,1.0,3.0,2.0
3727,3708.8990000000003,37461.734,33752.835,90.09949993238435,1.0,3.3,2.3
3728,3742.626,33109.497,29366.871000000003,88.69621607359363,1.0,3.95,2.95
3729,3474.2960000000003,34846.391,31372.095,90.02968198342262,1.0,3.325,2.325
3730,3005.755,34712.668999999994,31706.913999999993,91.34104323698071,1.0,3.25,2.25
3731,4163.755999999999,34344.231,30180.475,87.87640346351036,1.0,3.0,2.0
3732,3930.629,37963.66499999999,34033.03599999999,89.64633946696136,1.0,3.675,2.675
3733,2244.7300000000005,34949.191999999995,32704.461999999996,93.5771619555611,1.0,3.325,2.325
3734,3299.285,38834.427,35535.14200000001,91.50422639170137,1.0,3.75,2.75
3735,3403.578,38186.064,34782.486,91.08685828421594,1.0,2.75,1.75
3736,3428.193,35414.551,31986.358,90.31981797538532,1.0,3.975,2.975
3737,3514.4620000000004,37128.997,33614.535,90.53445478206696,1.0,3.1,2.1
3738,2151.666,37244.672000000006,35093.00600000001,94.22288911552236,1.0,3.75,2.75
3739,2806.384,35622.746,32816.362,92.12193243047575,1.0,3.325,2.325
3740,5159.034,35523.081999999995,30364.047999999995,85.47695270359705,1.0,3.225,2.225
3741,3058.848,35363.775,32304.927000000003,91.35033519470136,1.0,2.975,1.975
3742,3234.3420000000006,38543.121,35308.778999999995,91.60851037465284,1.0,3.7,2.7
3743,2649.839,39196.592000000004,36546.753000000004,93.23961889339768,1.0,3.5,2.5
3744,4051.743,37387.96799999999,33336.22499999999,89.16297617458108,1.0,3.075,2.075
3745,4762.323,32487.425000000003,27725.102000000003,85.34102656643302,1.0,3.825,2.825
3746,3436.857,36813.371,33376.513999999996,90.6641067996734,1.0,3.325,2.325
3747,5158.272,42820.885,37662.613000000005,87.95384074850392,1.0,3.425,2.425
3748,4431.476000000001,32934.737,28503.261,86.54467470015017,1.0,3.45,2.45
3749,4588.921,37774.617,33185.695999999996,87.85183976848792,1.0,3.225,2.225
3750,3351.2960000000003,36528.273,33176.977,90.82547373646709,1.0,3.7,2.7
3751,3621.3,39812.62,36191.32,90.9041404459189,1.0,3.3,2.3
3752,4769.978,33605.384000000005,28835.406000000006,85.80591133849266,1.0,3.4,2.4
3753,2692.749,36698.566999999995,34005.818,92.6625227628098,1.0,3.45,2.45
3754,2692.852,36945.057,34252.205,92.71119814485603,1.0,3.6,2.6
3755,4790.5960000000005,38000.466,33209.87,87.393323018723,1.0,3.1,2.1
3756,3668.068,37896.565,34228.497,90.32084306321696,1.0,3.45,2.45
3757,4262.432,34297.691999999995,30035.259999999995,87.57224830172245,1.0,3.1,2.1
3758,2682.06,36232.501000000004,33550.441000000006,92.59764044441758,1.0,3.35,2.35
3759,3325.919,34223.219,30897.299999999996,90.28168858107706,1.0,3.025,2.025
3760,3498.409,35100.960999999996,31602.551999999996,90.0332956695972,1.0,2.9,1.9
3761,2322.8909999999996,39350.00399999999,37027.113,94.09684685165472,1.0,3.75,2.75
3762,4285.535,35058.594,30773.058999999997,87.77607852727922,1.0,3.45,2.45
3763,3655.9090000000006,36463.687,32807.778,89.97383616198768,1.0,3.65,2.65
3764,3904.1340000000005,39604.574,35700.44,90.14221438160148,1.0,3.15,2.15
3765,3715.0780000000004,37836.609,34121.530999999995,90.18126069384283,1.0,3.6,2.6
3766,3723.742,36421.385,32697.643000000004,89.77594619205173,1.0,3.35,2.35
3767,4121.197,37733.415,33612.218,89.07812346165859,1.0,3.725,2.725
3768,4396.02,34841.054000000004,30445.034000000003,87.38264347571115,1.0,3.45,2.45
3769,2458.8540000000003,38538.491,36079.637,93.61974499728078,1.0,3.625,2.625
3770,3406.9700000000003,39971.14,36564.17,91.47642524081124,1.0,3.675,2.675
3771,3013.724,32766.25,29752.525999999998,90.80235303093885,1.0,3.325,2.325
3772,4297.737999999999,36004.600999999995,31706.862999999998,88.0633644572259,1.0,3.275,2.275
3773,3489.853,37829.236,34339.382999999994,90.77471984895492,1.0,3.25,2.25
3774,2976.95,36602.746,33625.796,91.86686703779002,1.0,3.45,2.45
3775,3611.027,35548.273,31937.246,89.84190596263284,1.0,3.575,2.575
3776,3174.405,32040.82,28866.415,90.0926224734573,1.0,3.125,2.125
3777,3996.4790000000003,34761.015,30764.536,88.50298531271311,1.0,3.975,2.975
3778,3088.179,31562.044,28473.865,90.21552913366448,1.0,2.925,1.9249999999999998
3779,4560.364,34489.563,29929.199,86.77755354569149,1.0,3.125,2.125
3780,3000.235,38539.362,35539.127,92.2151409771651,1.0,3.4,2.4
3781,4837.049,37175.536,32338.487,86.98862337855734,1.0,2.95,1.9500000000000002
3782,2745.0800000000004,40715.553,37970.473,93.25790810209553,1.0,3.45,2.45
3783,4743.483,37092.195999999996,32348.712999999996,87.21164150000716,1.0,3.875,2.875
3784,3790.96,39592.96400000001,35802.00400000001,90.42516746157222,1.0,3.175,2.175
3785,4382.143,34191.755000000005,29809.612000000005,87.1836265789808,1.0,3.425,2.425
3786,4487.144,36736.304000000004,32249.160000000003,87.78553226258146,1.0,2.95,1.9500000000000002
3787,4086.3520000000008,35275.656,31189.304000000004,88.41594327827667,1.0,3.275,2.275
3788,3158.08,38265.873999999996,35107.793999999994,91.74700674548816,1.0,3.325,2.325
3789,3254.3379999999997,36186.668999999994,32932.33099999999,91.00680419079191,1.0,2.925,1.9249999999999998
3790,3296.697,35228.41,31931.713000000003,90.64193643709721,1.0,3.3,2.3
3791,2973.287,38485.679,35512.392,92.27430286470975,1.0,3.025,2.025
3792,3602.115,38234.638999999996,34632.524,90.5789224268601,1.0,3.15,2.15
3793,3127.9080000000004,35131.259999999995,32003.351999999995,91.09651062899538,1.0,3.525,2.525
3794,3945.521,34266.228,30320.707000000002,88.48568625645052,1.0,2.975,1.975
3795,4041.858,38730.362,34688.504,89.56410993524925,1.0,3.775,2.775
3796,4102.248,37357.833,33255.585,89.01904187001425,1.0,2.975,1.975
3797,3972.6810000000005,34495.607,30522.926000000003,88.48351617642211,1.0,3.075,2.075
3798,3900.083,36237.838,32337.755000000005,89.23753950221865,1.0,3.575,2.575
3799,3867.257,36383.877,32516.62,89.37095955991715,1.0,3.6,2.6
3800,4468.763,38846.037000000004,34377.274000000005,88.49621906090447,1.0,3.075,2.075
3801,4220.635,38198.774000000005,33978.139,88.95086266381219,1.0,3.125,2.125
3802,3071.013,34901.009999999995,31829.996999999996,91.20079046423012,1.0,2.975,1.975
3803,4670.233,40728.034,36057.801,88.53312438307236,1.0,3.375,2.375
3804,4723.978000000001,37102.163,32378.184999999998,87.26764798052339,1.0,2.8,1.7999999999999998
3805,4076.206,37383.731,33307.525,89.0963103709472,1.0,3.525,2.525
3806,4429.861000000001,36535.417,32105.556,87.87515960198292,1.0,3.8,2.8
3807,4812.9310000000005,36831.418000000005,32018.487000000005,86.93253949657871,1.0,3.725,2.725
3808,3441.5730000000003,36049.497,32607.924000000003,90.45320105298556,1.0,3.225,2.225
3809,4748.755,34858.872,30110.117000000002,86.37719832127672,1.0,3.55,2.55
3810,4083.7580000000003,34944.955,30861.197,88.31374085329341,1.0,3.125,2.125
3811,4514.407,34362.985,29848.578,86.86258775249007,1.0,3.4,2.4
3812,3916.584,38072.196,34155.612,89.71274470219684,1.0,3.425,2.425
3813,3935.0360000000005,34483.996999999996,30548.960999999996,88.5888054102313,1.0,3.5,2.5
3814,3996.734,38591.467000000004,34594.73300000001,89.64347740395566,1.0,3.1,2.1
3815,4046.845,36365.123,32318.278,88.87163120553724,1.0,3.75,2.75
3816,3820.8089999999997,35752.625,31931.816,89.31320707220797,1.0,3.0,2.0
3817,3594.0430000000006,36583.828,32989.785,90.17586951261634,1.0,3.45,2.45
3818,5345.648,34471.515999999996,29125.867999999995,84.49256481786294,1.0,3.475,2.475
3819,4015.737,34761.015,30745.278,88.44758416864408,1.0,3.25,2.25
3820,3085.862,39693.41499999999,36607.55299999999,92.22575835311726,1.0,3.55,2.55
3821,2889.3999999999996,36393.844000000005,33504.444,92.06074521833966,1.0,3.975,2.975
3822,3609.1410000000005,37502.936,33893.795,90.37637746548695,1.0,3.4,2.4
3823,4581.624,36293.393000000004,31711.769000000004,87.3761486009313,1.0,3.625,2.625
3824,1996.6080000000002,33938.828,31942.22,94.1170390444832,1.0,2.975,1.975
3825,3248.919,35899.764,32650.845,90.95002685811528,1.0,3.425,2.425
3826,4541.749,34217.882,29676.132999999998,86.72697217203566,1.0,3.2,2.2
3827,4471.096,37650.075,33178.979,88.12460267343425,1.0,3.25,2.25
3828,4249.711,33892.289000000004,29642.578000000005,87.46112721982277,1.0,3.0,2.0
3829,3577.126,37241.929,33664.803,90.39489603237256,1.0,3.4,2.4
3830,3678.0329999999994,38864.791,35186.758,90.53633660348258,1.0,3.2,2.2
3831,4574.423,32729.285,28154.862,86.02345575224146,1.0,3.475,2.475
3832,2638.442,32100.940000000002,29462.498000000003,91.78079520412798,1.0,3.675,2.675
3833,2889.129,37926.864,35037.735,92.3823678119024,1.0,3.2,2.2
3834,3714.975,34532.407999999996,30817.432999999997,89.24206212320902,1.0,3.475,2.475
3835,3341.017,36830.482,33489.465000000004,90.92866338268394,1.0,3.125,2.125
3836,5321.594999999999,35173.398,29851.803,84.87039836185289,1.0,3.125,2.125
3837,4073.4790000000003,37079.715,33006.236,89.01426561665859,1.0,3.2,2.2
3838,3999.974,40280.722,36280.748,90.06975594926028,1.0,3.325,2.325
3839,2696.184,33499.596,30803.411999999997,91.95159249084675,1.0,2.975,1.975
3840,3617.8050000000003,36195.7,32577.894999999997,90.00487626983316,1.0,3.075,2.075
3841,3181.0370000000003,37316.401999999995,34135.36499999999,91.47549916521962,1.0,3.725,2.725
3842,3842.9269999999997,39947.049,36104.122,90.37994771528682,1.0,3.525,2.525
3843,4179.598,36009.231,31829.633,88.3929817884753,1.0,3.875,2.875
3844,2579.2299999999996,36838.562000000005,34259.33200000001,92.99855949860367,1.0,3.425,2.425
3845,4746.977999999999,35234.454,30487.476,86.52745406527373,1.0,3.6,2.6
3846,3931.4759999999997,38809.943,34878.467,89.86992585894805,1.0,3.4,2.4
3847,3452.0640000000003,38132.38100000001,34680.31700000001,90.9471585317476,1.0,3.425,2.425
3848,4690.807000000001,34871.581999999995,30180.774999999994,86.54833898846344,1.0,3.45,2.45
3849,3618.47,40467.963,36849.493,91.05843306222258,1.0,3.15,2.15
3850,3541.017,37806.788,34265.771,90.63391209007229,1.0,3.8,2.8
3851,4475.395,35645.194,31169.799000000003,87.44460473409123,1.0,3.675,2.675
3852,3944.959,34120.024999999994,30175.065999999995,88.43799498974576,1.0,3.5,2.5
3853,2958.357,33679.857,30721.500000000004,91.21624239675364,1.0,2.975,1.975
3854,3892.6339999999996,38374.405,34481.771,89.85617105985096,1.0,3.4,2.4
3855,2754.3440000000005,35923.148,33168.804000000004,92.3326764124347,1.0,3.825,2.825
3856,3157.5240000000003,35935.629,32778.105,91.21338880696926,1.0,3.475,2.475
3857,3509.8060000000005,39450.455,35940.649000000005,91.10325597005155,1.0,3.125,2.125
3858,4082.808,36559.737,32476.929,88.83250172177114,1.0,3.325,2.325
3859,3113.0159999999996,31669.638999999996,28556.622999999996,90.17034580027894,1.0,3.375,2.375
3860,3985.234,36329.258,32344.024,89.0302356299157,1.0,3.75,2.75
3861,3268.0739999999996,33765.004,30496.93,90.32112064906019,1.0,3.875,2.875
3862,3199.014,38097.387,34898.373,91.60306191078143,1.0,3.325,2.325
3863,5230.821,35663.948,30433.126999999997,85.33302874936896,1.0,3.3,2.3
3864,4621.704,39265.564,34643.86,88.22962532767899,1.0,4.1,3.0999999999999996
3865,4174.7,37987.049,33812.349,89.0102018716958,1.0,3.575,2.575
3866,4381.975,37265.313,32883.338,88.24114264114729,1.0,3.725,2.725
3867,4093.445,37866.907999999996,33773.462999999996,89.18991484596525,1.0,3.125,2.125
3868,1450.657,35203.92600000001,33753.26900000001,95.8792749422323,1.0,3.0,2.0
3869,4252.359,33992.576,29740.217,87.49033024152098,1.0,3.15,2.15
3870,3410.259,33479.035,30068.776000000005,89.81374761847228,1.0,3.05,2.05
3871,3308.8559999999998,40425.118,37116.262,91.81485135058851,1.0,3.575,2.575
3872,5259.59,35235.39,29975.8,85.0729905359356,1.0,3.2,2.2
3873,2716.004,35485.57400000001,32769.57000000001,92.34617425097872,1.0,3.775,2.775
3874,3718.47,40547.773,36829.303,90.8294100393627,1.0,3.4,2.4
3875,3067.621,37195.39,34127.769,91.75268494294588,1.0,4.175,3.175
3876,2260.922,34751.277,32490.355000000003,93.49398872450068,1.0,3.125,2.125
3877,4159.192,40517.245,36358.053,89.73476108753198,1.0,3.4,2.4
3878,4009.968,37756.799,33746.831,89.379481030688,1.0,3.875,2.875
3879,3849.016,37740.559,33891.543,89.80138052539178,1.0,3.3,2.3
3880,3801.9630000000006,37697.55,33895.587,89.91456208692607,1.0,3.625,2.625
3881,3632.806,39028.105,35395.299000000006,90.69182067640743,1.0,4.2,3.2
3882,4376.309,37823.899,33447.59,88.4297782203786,1.0,3.475,2.475
3883,3435.351,36729.095,33293.744,90.64678560688739,1.0,3.15,2.15
3884,2696.2870000000003,37042.206999999995,34345.92,92.72104116258517,1.0,3.35,2.35
3885,3018.023,37588.083,34570.06,91.97079829796056,1.0,3.25,2.25
3886,3401.347,32034.547,28633.199999999997,89.38225347778447,1.0,2.925,1.9249999999999998
3887,4195.258,35476.543,31281.284999999996,88.1745580452977,1.0,3.55,2.55
3888,3245.074,38641.456000000006,35396.382000000005,91.60209180523633,1.0,3.2,2.2
3889,2491.118,34209.801999999996,31718.683999999997,92.71811628725591,1.0,3.225,2.225
3890,4876.865,38688.224,33811.359000000004,87.39444591718659,1.0,2.7,1.7000000000000002
3891,3762.7960000000003,37744.089,33981.293,90.03076746666213,1.0,3.125,2.125
3892,4340.243,33829.59,29489.346999999994,87.170276080792,1.0,4.075,3.075
3893,3738.0780000000004,41127.0,37388.922,90.91089065577358,1.0,3.75,2.75
3894,3596.135,33787.452000000005,30191.317000000003,89.35659605228592,1.0,2.8,1.7999999999999998
3895,4117.514,37412.452,33294.937999999995,88.99426853925532,1.0,3.2,2.2
3896,4377.53,36600.003,32222.472999999998,88.03953649949155,1.0,3.475,2.475
3897,2999.2259999999997,38459.551999999996,35460.325999999994,92.20160962873409,1.0,3.55,2.55
3898,4191.866,34967.403000000006,30775.537000000004,88.01207513180204,1.0,3.4,2.4
3899,4570.825000000001,38084.906,33514.081000000006,87.99832931188016,1.0,3.55,2.55
3900,3406.354,38144.155,34737.801,91.06978775647279,1.0,3.375,2.375
3901,2660.8430000000003,37623.948000000004,34963.105,92.9277942867665,1.0,3.525,2.525
3902,4412.646000000001,39142.909,34730.263,88.72683172321199,1.0,3.125,2.125
3903,4538.767,33261.037,28722.269999999997,86.35410254947854,1.0,3.5,2.5
3904,3343.647,38134.187999999995,34790.541,91.23189144606934,1.0,3.175,2.175
3905,3284.0190000000002,35149.307,31865.288,90.65694524219211,1.0,3.875,2.875
3906,3481.593,37896.565,34414.972,90.81290613014662,1.0,3.425,2.425
3907,3671.46,37417.789000000004,33746.329000000005,90.18792906229707,1.0,3.975,2.975
3908,3661.4719999999998,36555.271,32893.799,89.98373722903052,1.0,3.55,2.55
3909,3622.527,33746.957,30124.43,89.26561882305417,1.0,3.675,2.675
3910,4387.912,34798.752,30410.84,87.39060527228104,1.0,3.5,2.5
3911,4092.428,34054.503,29962.074999999997,87.98271112633769,1.0,3.225,2.225
3912,4312.834000000001,35645.193999999996,31332.359999999993,87.90065779975835,1.0,3.25,2.25
3913,5165.110000000001,39318.54000000001,34153.43000000001,86.86342371817469,1.0,3.325,2.325
3914,3363.358,34889.236000000004,31525.878000000004,90.35989782063443,1.0,3.475,2.475
3915,3474.464,35300.912,31826.447999999997,90.15758006478698,1.0,3.2,2.2
3916,4063.8650000000002,33721.994999999995,29658.129999999994,87.94891879913985,1.0,3.65,2.65
3917,3509.9090000000006,38695.368,35185.459,90.92938203869775,1.0,3.6,2.6
3918,4731.427,35586.881,30855.454,86.70457520567763,1.0,3.275,2.275
3919,4752.812,36613.42,31860.608,87.01893458737261,1.0,3.125,2.125
3920,3410.574,39354.634000000005,35944.060000000005,91.33374229830216,1.0,2.925,1.9249999999999998
3921,3973.582,37035.770000000004,33062.188,89.27096155959495,1.0,2.925,1.9249999999999998
3922,3564.8149999999996,37895.629,34330.814,90.59307077341295,1.0,3.15,2.15
3923,3373.032,34122.768,30749.735999999997,90.11501059937459,1.0,3.45,2.45
3924,4483.546,33551.472,29067.926,86.63681283491823,1.0,3.675,2.675
3925,4274.743,38560.939,34286.195999999996,88.91431819126603,1.0,3.35,2.35
3926,2116.772,37575.602,35458.83,94.36663183732892,1.0,3.525,2.525
3927,4717.5869999999995,34078.823000000004,29361.236000000004,86.15683704804007,1.0,3.7,2.7
3928,3077.241,36807.098,33729.856999999996,91.63954463348347,1.0,3.625,2.625
3929,3998.3650000000002,37376.587,33378.222,89.30248767764698,1.0,3.6,2.6
3930,2830.1280000000006,36007.195,33177.066999999995,92.14010422083696,1.0,2.95,1.9500000000000002
3931,2398.0110000000004,36686.085999999996,34288.075,93.46343188532022,1.0,3.65,2.65
3932,3031.688,33641.248999999996,30609.560999999994,90.98818239477374,1.0,3.45,2.45
3933,3385.796,40697.505999999994,37311.70999999999,91.68058111472482,1.0,3.55,2.55
3934,4860.407,37243.73599999999,32383.32899999999,86.94973296986103,1.0,3.65,2.65
3935,4417.134,40002.60400000001,35585.47000000001,88.95788384176191,1.0,3.2,2.2
3936,3865.42,37769.280000000006,33903.86000000001,89.76570376771811,1.0,3.775,2.775
3937,4026.366,38358.394,34332.028,89.50329880859975,1.0,3.425,2.425
3938,4404.981,38840.7,34435.719,88.65885269832933,1.0,3.575,2.575
3939,4016.9580000000005,40154.144,36137.186,89.99615581395534,1.0,3.425,2.425
3940,3409.353,34748.534,31339.181,90.1884983119,1.0,2.7,1.7000000000000002
3941,4803.36,36517.599,31714.239,86.84645176151915,1.0,2.975,1.975
3942,3406.3109999999997,36776.57,33370.259,90.73782302155965,1.0,3.175,2.175
3943,2897.405,40687.768000000004,37790.363000000005,92.87892862542866,1.0,3.85,2.85
3944,4466.483,36680.748999999996,32214.265999999996,87.8233593321663,1.0,3.5,2.5
3945,5229.044,34016.831000000006,28787.787000000004,84.62806838179606,1.0,3.325,2.325
3946,3518.264,34405.123,30886.859,89.77401127151907,1.0,3.85,2.85
3947,3921.197,38247.12,34325.923,89.74773263973863,1.0,3.05,2.05
3948,2872.3129999999996,38951.038,36078.725,92.62583708295526,1.0,3.15,2.15
3949,2016.626,40756.755000000005,38740.12900000001,95.05204474693828,1.0,3.375,2.375
3950,3353.388,35718.566999999995,32365.178999999996,90.61163903915855,1.0,3.425,2.425
3951,2965.244,36196.636,33231.392,91.8079569604203,1.0,3.1,2.1
3952,3739.6440000000002,40433.905,36694.261,90.7512173261524,1.0,2.85,1.85
3953,2352.07,35317.794,32965.724,93.34026921386993,1.0,3.925,2.925
3954,2320.346,38256.136,35935.79,93.93470893139862,1.0,3.5,2.5
3955,2360.572,34738.566999999995,32377.994999999995,93.204751364672,1.0,3.45,2.45
3956,3187.368,37616.804000000004,34429.436,91.52674427099122,1.0,3.575,2.575
3957,3442.9820000000004,33248.556000000004,29805.574000000004,89.6447172021546,1.0,3.575,2.575
3958,3221.3060000000005,34942.212,31720.906,90.78104729030892,1.0,4.025,3.0250000000000004
3959,3191.571,36788.344,33596.773,91.32450484860098,1.0,3.125,2.125
3960,4190.5419999999995,36315.841,32125.299,88.46084274903615,1.0,3.4,2.4
3961,3329.414,36807.098,33477.684,90.9544240624458,1.0,3.425,2.425
3962,4110.253000000001,35495.460999999996,31385.207999999995,88.42034196992117,1.0,3.675,2.675
3963,2476.497,38186.064,35709.566999999995,93.51465759864645,1.0,3.1,2.1
3964,2655.4620000000004,36436.853,33781.391,92.71215326965806,1.0,3.55,2.55
3965,4048.9130000000005,34176.68,30127.767,88.1529949661582,1.0,3.15,2.15
3966,3457.415,35863.899,32406.483999999997,90.35962319657436,1.0,3.125,2.125
3967,4369.3189999999995,33449.378,29080.058999999997,86.93751794129027,1.0,2.8,1.7999999999999998
3968,3432.806,33914.736999999994,30481.930999999993,89.87812879103264,1.0,3.0,2.0
3969,3548.1749999999997,32317.838,28769.663,89.0210013429735,1.0,3.15,2.15
3970,3681.286,33690.530999999995,30009.244999999995,89.07323247591438,1.0,3.35,2.35
3971,3666.2909999999997,36064.950000000004,32398.659000000003,89.83419913239862,1.0,3.6,2.6
3972,3438.187,37873.181,34434.994,90.92184255661017,1.0,3.175,2.175
3973,5165.921,35687.331999999995,30521.410999999993,85.52449647959112,1.0,3.475,2.475
3974,3062.2400000000002,33643.992,30581.751999999997,90.89810745407382,1.0,3.05,2.05
3975,3755.4500000000003,37309.258,33553.808000000005,89.9342677895122,1.0,3.625,2.625
3976,3778.201,32765.15,28986.949,88.46884265751873,1.0,3.625,2.625
3977,3339.5899999999997,35754.432,32414.842,90.65964745293674,1.0,3.125,2.125
3978,3176.182,36735.368,33559.186,91.35388544358668,1.0,3.05,2.05
3979,3611.7890000000007,37901.902,34290.113,90.47069194574983,1.0,3.25,2.25
3980,2110.55,35454.259000000005,33343.709,94.04711857043748,1.0,3.375,2.375
3981,5481.369000000001,38289.258,32807.889,85.68431647330435,1.0,3.125,2.125
3982,3031.943,38488.273,35456.33,92.12242388740071,1.0,2.975,1.975
3983,3116.137,38175.39,35059.253,91.8373145631256,1.0,3.25,2.25
3984,4940.544,35470.270000000004,30529.726000000002,86.0713098603422,1.0,3.05,2.05
3985,4411.576999999999,36123.97,31712.393000000004,87.78767394613605,1.0,3.55,2.55
3986,2918.628,36998.969,34080.341,92.1115964069161,1.0,3.0,2.0
3987,2880.385,36006.488,33126.102999999996,92.00037226624268,1.0,3.125,2.125
3988,3796.7940000000003,38659.503,34862.708999999995,90.17888564164934,1.0,3.2,2.2
3989,4156.356,36085.362,31929.006,88.48187805348884,1.0,3.525,2.525
3990,4540.037,37181.973000000005,32641.936000000005,87.78968238183596,1.0,3.275,2.275
3991,4799.968000000001,38222.865000000005,33422.897000000004,87.44215536956742,1.0,3.825,2.825
3992,4258.629999999999,37115.58,32856.950000000004,88.52603138628038,1.0,3.35,2.35
3993,4032.903,34527.070999999996,30494.167999999998,88.31959131430523,1.0,3.525,2.525
3994,3902.351,38901.592,34999.240999999995,89.9686598944331,1.0,3.45,2.45
3995,5242.709,36140.21,30897.501,85.49341854958784,1.0,3.55,2.55
3996,3514.112,33926.347,30412.235,89.64193816681765,1.0,3.875,2.875
3997,4359.040000000001,36535.417,32176.377,88.06900164845524,1.0,3.225,2.225
3998,4621.462,33756.924,29135.462,86.30958792335463,1.0,3.2,2.2
3999,2694.781,38084.906,35390.125,92.92428081613224,1.0,3.4,2.4
4000,4956.893,34381.032,29424.139,85.58247757077217,1.0,2.725,1.725
4001,3312.3509999999997,35029.166000000005,31716.815000000006,90.54401980338328,1.0,4.025,3.0250000000000004
4002,3573.178,32579.551999999996,29006.373999999996,89.0324520116176,1.0,3.325,2.325
4003,4992.869,32922.026999999995,27929.157999999996,84.83426005330716,1.0,3.55,2.55
4004,3780.475,33720.188,29939.713000000003,88.7886894343531,1.0,3.825,2.825
4005,3882.252,34004.35,30122.097999999998,88.58307245984705,1.0,2.9,1.9
4006,3972.361,37552.218,33579.857,89.42176731078841,1.0,3.225,2.225
4007,3083.4629999999997,37401.778000000006,34318.315,91.75583845238586,1.0,3.125,2.125
4008,3506.6200000000003,35118.072,31611.452,90.01477074253962,1.0,2.975,1.975
4009,3703.293,36566.881,32863.588,89.87254887831423,1.0,3.25,2.25
4010,3177.192,35329.568,32152.376,91.00698882024258,1.0,3.425,2.425
4011,4312.139,37128.061,32815.922,88.38576838149453,1.0,3.975,2.975
4012,3196.135,39505.07399999999,36308.93899999999,91.90955825066926,1.0,3.55,2.55
4013,2885.4519999999998,36667.332,33781.880000000005,92.13072824605838,1.0,3.725,2.725
4014,3108.197,36220.727,33112.53,91.41873380951189,1.0,3.1,2.1
4015,4516.475,34544.182,30027.707000000002,86.92551179819515,1.0,3.825,2.825
4016,2930.744,40025.988000000005,37095.244000000006,92.67789717020852,1.0,3.525,2.525
4017,3379.919,34712.669,31332.75,90.26315435439435,1.0,3.65,2.65
4018,3652.6200000000003,31874.927000000003,28222.307000000004,88.540773756125,1.0,3.4,2.4
4019,3000.441,38029.187000000005,35028.74600000001,92.110162649546,1.0,3.675,2.675
4020,4596.473,37218.774000000005,32622.301000000007,87.65012248925771,1.0,3.125,2.125
4021,3011.179,40371.206000000006,37360.027,92.54127062738723,1.0,2.825,1.8250000000000002
4022,3247.245,39220.912,35973.666999999994,91.72062852592514,1.0,3.45,2.45
4023,2749.131,35846.081,33096.95,92.33073484378947,1.0,3.15,2.15
4024,2700.241,33576.663,30876.422,91.95798284064142,1.0,3.475,2.475
4025,4727.231,37266.956000000006,32539.725000000006,87.31522102314983,1.0,3.1,2.1
4026,2811.076,40650.967000000004,37839.891,93.08484838749345,1.0,3.5,2.5
4027,2900.9,39538.345,36637.445,92.66307175983212,1.0,3.5,2.5
4028,2715.9010000000003,36184.861999999994,33468.960999999996,92.4943723704128,1.0,3.25,2.25
4029,4084.8759999999997,38604.884000000005,34520.00800000001,89.41875851770466,1.0,3.35,2.35
4030,3012.5389999999998,35500.798,32488.259000000002,91.51416539988763,1.0,3.4,2.4
4031,3984.5260000000003,36279.976,32295.45,89.01728600922999,1.0,3.375,2.375
4032,4101.195,37219.481,33118.286,88.98105269119685,1.0,4.3,3.3
4033,3145.739,35197.882000000005,32052.143000000004,91.06270371609291,1.0,3.65,2.65
4034,3246.192,35342.278000000006,32096.086000000007,90.8149893450558,1.0,3.7,2.7
4035,4081.69,35899.057,31817.367000000002,88.63009131409775,1.0,3.475,2.475
4036,4066.804,36069.351,32002.547000000002,88.72504248828874,1.0,3.45,2.45
4037,3339.0339999999997,34999.803,31660.769,90.45984915972241,1.0,3.2,2.2
4038,2486.263,36171.445,33685.182,93.12644822455945,1.0,3.025,2.025
4039,2675.838,40770.172,38094.333999999995,93.43677529739142,1.0,3.025,2.025
4040,4314.817,38155.765,33840.948,88.69157255790834,1.0,3.925,2.925
4041,2883.631,34761.951,31878.32,91.70463418465782,1.0,3.5,2.5
4042,4200.077,34363.921,30163.844,87.7776549422285,1.0,3.2,2.2
4043,4014.31,34884.998999999996,30870.688999999995,88.49273293658399,1.0,3.775,2.775
4044,3876.5260000000003,39119.525,35242.999,90.09055963741892,1.0,3.225,2.225
4045,3029.669,34137.136,31107.466999999997,91.1250053314373,1.0,3.475,2.475
4046,3219.2870000000003,37865.101,34645.814,91.49801026544205,1.0,3.275,2.275
4047,4642.02,35863.899,31221.878999999997,87.05656627016488,1.0,3.325,2.325
4048,2323.556,39549.019,37225.463,94.12487070791819,1.0,3.45,2.45
4049,3097.896,39723.943,36626.047,92.20143881487294,1.0,3.075,2.075
4050,2620.346,38935.814,36315.468,93.27008804798585,1.0,3.45,2.45
4051,3390.6150000000002,35066.903,31676.287999999997,90.33101098206477,1.0,3.375,2.375
4052,2979.327,34455.276,31475.948999999997,91.3530601235062,1.0,3.6,2.6
4053,2980.73,39615.412,36634.68199999999,92.47583238563818,1.0,3.575,2.575
4054,2864.6820000000002,35464.933,32600.250999999997,91.92249425650965,1.0,3.05,2.05
4055,3194.672,31849.736,28655.064000000002,89.96954951212155,1.0,4.05,3.05
4056,3594.46,34391.706000000006,30797.246000000006,89.54846845922677,1.0,3.475,2.475
4057,3677.5359999999996,33116.641,29439.105000000003,88.89520226402189,1.0,3.35,2.35
4058,4462.082,36256.592,31794.509999999995,87.69304627417822,1.0,3.55,2.55
4059,3173.2870000000003,35791.233,32617.946,91.13389862819199,1.0,3.975,2.975
4060,4486.588,33322.322,28835.734,86.53578823228465,1.0,3.7,2.7
4061,3997.429,40751.418000000005,36753.989,90.19069962178983,1.0,3.8,2.8
4062,3528.9610000000002,33593.61,30064.649,89.49514208208049,1.0,3.6,2.6
4063,4141.567000000001,33129.350999999995,28987.783999999992,87.49879827105576,1.0,3.2,2.2
4064,2771.407,36448.463,33677.056000000004,92.39636798950892,1.0,3.675,2.675
4065,3608.2400000000002,33007.403,29399.162999999997,89.06839171806396,1.0,3.1,2.1
4066,4158.484,36678.006,32519.522,88.66218627043139,1.0,2.75,1.75
4067,4149.198,34598.80099999999,30449.602999999992,88.00768269397543,1.0,3.2,2.2
4068,3271.569,37470.765,34199.195999999996,91.2690093196656,1.0,3.175,2.175
4069,3458.642,38872.871,35414.229,91.1026844402617,1.0,3.35,2.35
4070,2966.956,35415.651,32448.695,91.62247222280342,1.0,4.125,3.125
4071,4195.258,34823.007,30627.748999999996,87.95262568795394,1.0,3.35,2.35
4072,3651.852,36419.742,32767.89,89.97287789682859,1.0,3.075,2.075
4073,3447.8010000000004,36753.415,33305.614,90.61910029312924,1.0,3.275,2.275
4074,4430.52,36080.025,31649.505,87.72029675700058,1.0,3.375,2.375
4075,3077.754,33292.501,30214.746999999996,90.75541365906994,1.0,3.525,2.525
4076,3731.191,35886.346999999994,32155.155999999995,89.6027561679655,1.0,3.125,2.125
4077,3731.373,38967.049,35235.676,90.4242864272324,1.0,3.725,2.725
4078,3752.759,34660.564,30907.805,89.17282765508375,1.0,3.275,2.275
4079,3859.857,37394.405,33534.547999999995,89.67798257520074,1.0,3.525,2.525
4080,2930.7870000000003,34077.887,31147.100000000002,91.39973966108873,1.0,3.675,2.675
4081,3629.457,34145.216,30515.759000000002,89.37052558109458,1.0,3.175,2.175
4082,4684.870000000001,36845.706,32160.835999999996,87.28516696083933,1.0,3.325,2.325
4083,3758.183,38962.648,35204.465000000004,90.35439531727927,1.0,3.35,2.35
4084,2348.019,39409.96,37061.941,94.04206703077091,1.0,3.4,2.4
4085,3929.5110000000004,34443.731,30514.22,88.59150595503141,1.0,3.05,2.05
4086,4824.225,37919.013000000006,33094.78800000001,87.2775565123491,1.0,3.5,2.5
4087,2715.236,37175.53599999999,34460.299999999996,92.69617524815244,1.0,3.55,2.55
4088,3911.3709999999996,35465.64,31554.269,88.97137905871712,1.0,3.6,2.6
4089,3498.862,36988.295,33489.433,90.54062372975018,1.0,3.525,2.525
4090,3045.981,37079.715,34033.734,91.78531712015587,1.0,3.85,2.85
4091,3227.528,36818.872,33591.344000000005,91.23403889179441,1.0,3.275,2.275
4092,3115.1270000000004,37312.001000000004,34196.874,91.65113926749734,1.0,3.125,2.125
4093,2848.618,37041.107,34192.489,92.30957649294876,1.0,3.3,2.3
4094,3492.1270000000004,35741.951,32249.824,90.22961281548396,1.0,3.375,2.375
4095,4058.031,36208.952999999994,32150.921999999995,88.79274139741075,1.0,3.85,2.85
4096,4987.094999999999,35831.728,30844.633,86.08190205060721,1.0,3.225,2.225
4097,4066.7440000000006,34888.3,30821.556000000004,88.34353063921144,1.0,3.05,2.05
4098,4865.153,39939.905,35074.752,87.81881679488221,1.0,3.3,2.3
4099,3824.692,37732.47900000001,33907.787000000004,89.86366095903743,1.0,3.25,2.25
4100,4016.481,35325.167,31308.686,88.62997307273876,1.0,3.325,2.325
4101,2156.485,36564.138,34407.653,94.10218558960695,1.0,3.05,2.05
4102,4434.8189999999995,36086.297999999995,31651.478999999996,87.71051826928881,1.0,3.3,2.3
4103,3031.2999999999997,35459.596000000005,32428.296000000006,91.45139724660146,1.0,3.875,2.875
4104,4875.438,35725.94,30850.502,86.35322681502572,1.0,3.425,2.425
4105,2972.38,36183.926,33211.546,91.78535795148377,1.0,2.8,1.7999999999999998
4106,3636.01,33491.516,29855.506,89.14348935413972,1.0,3.275,2.275
4107,3846.325,40595.412,36749.087,90.52522240690648,1.0,3.3,2.3
4108,4978.539000000001,37175.536,32196.997,86.60802362069508,1.0,3.55,2.55
4109,4290.251,38414.736000000004,34124.485,88.83175716735369,1.0,2.8,1.7999999999999998
4110,4427.419,36334.595,31907.176,87.81486624524094,1.0,3.25,2.25
4111,3727.9809999999998,38370.004,34642.023,90.2841266318346,1.0,3.325,2.325
4112,3255.9089999999997,35256.902,32000.993000000002,90.76518691290573,1.0,3.2,2.2
4113,2031.496,35622.746,33591.25,94.29719427020028,1.0,3.4,2.4
4114,4019.685,34738.566999999995,30718.881999999994,88.42875412794086,1.0,3.225,2.225
4115,3986.455,31985.971999999998,27999.517,87.53686459801816,1.0,3.525,2.525
4116,2924.953,35452.452000000005,32527.499000000003,91.74964541239629,1.0,3.075,2.075
4117,3752.305,37321.032,33568.727,89.94587019994516,1.0,3.15,2.15
4118,3268.733,35638.757,32370.023999999998,90.82815093691399,1.0,3.3,2.3
4119,3369.1270000000004,37339.786,33970.659,90.97711218805593,1.0,3.35,2.35
4120,3887.3620000000005,36480.797999999995,32593.435999999994,89.34408726475775,1.0,3.1,2.1
4121,3540.914,41297.523,37756.609000000004,91.42584411176429,1.0,2.9,1.9
4122,3515.6400000000003,36499.551999999996,32983.912,90.367991366031,1.0,3.475,2.475
4123,4299.762000000001,36377.833,32078.070999999996,88.18026901162584,1.0,3.175,2.175
4124,4187.253000000001,36916.565,32729.312,88.65752271371944,1.0,2.875,1.875
4125,4214.201,37799.644,33585.443,88.85121510668196,1.0,3.35,2.35
4126,3221.8680000000004,36261.929,33040.060999999994,91.11501211091112,1.0,3.6,2.6
4127,3945.4180000000006,36837.462,32892.044,89.28965844606776,1.0,3.875,2.875
4128,2422.6850000000004,37599.693,35177.008,93.55663622040744,1.0,3.575,2.575
4129,3735.139,34484.933,30749.793999999998,89.16877988424685,1.0,3.875,2.875
4130,4365.365,38380.678,34015.313,88.62613891291863,1.0,4.0,3.0
4131,2992.7919999999995,39554.356,36561.564,92.43372335527343,1.0,3.5,2.5
4132,3304.951,36341.739,33036.788,90.90590849271136,1.0,3.5,2.5
4133,3155.353,36794.617,33639.263999999996,91.42441678357461,1.0,3.975,2.975
4134,3578.244,37371.021,33792.777,90.42508364970816,1.0,3.45,2.45
4135,3141.411,37335.156,34193.745,91.58591703755035,1.0,3.175,2.175
4136,4390.354,35064.16,30673.806000000004,87.4790840561987,1.0,3.525,2.525
4137,4633.204,33582.0,28948.796000000002,86.20331129771903,1.0,3.8,2.8
4138,3252.064,36439.596,33187.532,91.07546636905634,1.0,3.75,2.75
4139,4173.478999999999,39451.162000000004,35277.683000000005,89.42115063683043,1.0,3.2,2.2
4140,3569.99,38840.7,35270.71,90.80863630161146,1.0,2.85,1.85
4141,3832.952,37987.049,34154.097,89.90984532649536,1.0,3.05,2.05
4142,5469.204,34300.286,28831.082000000002,84.05493178686616,1.0,3.775,2.775
4143,4885.939,37981.712,33095.773,87.13607485623608,1.0,3.425,2.425
4144,4462.329,36358.85,31896.521,87.72697981371799,1.0,3.5,2.5
4145,3905.252,37341.429000000004,33436.177,89.54177141962082,1.0,3.325,2.325
4146,4414.866,34182.724,29767.858,87.08451087748303,1.0,3.4,2.4
4147,4276.411999999999,34233.893,29957.480999999996,87.50825096053201,1.0,3.175,2.175
4148,2781.2920000000004,34060.776,31279.483999999997,91.83432579457379,1.0,3.05,2.05
4149,4156.356000000001,40642.887,36486.531,89.77347253899556,1.0,3.525,2.525
4150,4141.524,34731.423,30589.899,88.0755706439094,1.0,2.75,1.75
4151,3991.581,39129.492,35137.911,89.79904722504448,1.0,3.375,2.375
4152,4772.976000000001,40147.0,35374.024,88.11125115201634,1.0,3.0,2.0
4153,3341.725,35767.142,32425.417,90.65699741958694,1.0,3.675,2.675
4154,2919.244,37552.21799999999,34632.973999999995,92.22617423024121,1.0,3.025,2.025
4155,4297.138,37084.115999999995,32786.977999999996,88.41245669709372,1.0,2.825,1.8250000000000002
4156,4283.758,36285.313,32001.555,88.19423715595343,1.0,3.55,2.55
4157,3711.583,40855.319,37143.736000000004,90.91530040433659,1.0,3.675,2.675
4158,2576.788,37828.3,35251.512,93.18820036850718,1.0,2.95,1.9500000000000002
4159,3003.6270000000004,34408.816999999995,31405.189999999995,91.27076353714804,1.0,3.55,2.55
4160,4100.034,35489.024000000005,31388.990000000005,88.44703646964199,1.0,3.525,2.525
4161,4388.371,32316.195,27927.824,86.42052073271621,1.0,3.35,2.35
4162,3303.7300000000005,37979.905,34676.174999999996,91.30137371328337,1.0,3.25,2.25
4163,4317.696,39994.524000000005,35676.82800000001,89.20428206621487,1.0,3.15,2.15
4164,3031.3,36094.378,33063.077999999994,91.60173919605982,1.0,3.425,2.425
4165,3392.683,35954.383,32561.7,90.56392373636338,1.0,2.925,1.9249999999999998
4166,3671.3570000000004,35125.216,31453.859,89.54780235372787,1.0,3.85,2.85
4167,3115.1870000000004,35799.312999999995,32684.125999999993,91.298193348012,1.0,3.85,2.85
4168,4283.861,42373.344,38089.483,89.89019842285755,1.0,3.375,2.375
4169,2562.349,33473.698000000004,30911.349000000002,92.34518695842927,1.0,3.175,2.175
4170,3144.059,36922.838,33778.779,91.48478510779697,1.0,3.075,2.075
4171,3628.1930000000007,34084.159999999996,30455.966999999997,89.35519314543765,1.0,3.475,2.475
4172,4906.752,36579.361999999994,31672.609999999993,86.5860098926821,1.0,3.625,2.625
4173,4075.6499999999996,35154.644,31078.994,88.40651038878391,1.0,3.7,2.7
4174,3522.63,36826.081,33303.451,90.43441521784521,1.0,3.35,2.35
4175,5294.193,35221.973,29927.78,84.96906178424474,1.0,3.35,2.35
4176,2988.076,34791.543,31803.466999999997,91.41148755604199,1.0,3.325,2.325
4177,3799.5209999999997,37459.926999999996,33660.405999999995,89.85710516734322,1.0,3.325,2.325
4178,3565.7349999999997,37230.548,33664.813,90.42255569270696,1.0,3.35,2.35
4179,3310.4710000000005,38144.861999999994,34834.390999999996,91.321318713907,1.0,3.55,2.55
4180,2999.014,38545.635,35546.621,92.21957557580774,1.0,3.775,2.775
4181,2179.5209999999997,41799.454000000005,39619.933000000005,94.78576681886801,1.0,3.675,2.675
4182,4583.497,35948.11,31364.613,87.24968572756676,1.0,3.6,2.6
4183,3611.5829999999996,35773.41499999999,32161.831999999995,89.90428227218453,1.0,3.225,2.225
4184,2941.579,34362.985,31421.406,91.43968720994407,1.0,2.9,1.9
4185,3711.583,34534.215,30822.631999999998,89.25244717449058,1.0,4.175,3.175
4186,3721.862,36202.67999999999,32480.817999999992,89.71937436675958,1.0,4.05,3.05
4187,3628.9980000000005,38677.55,35048.552,90.6173012509841,1.0,3.45,2.45
4188,4085.0880000000006,34556.663,30471.575,88.17858078484025,1.0,3.425,2.425
4189,2902.224,37921.527,35019.303,92.3467638842708,1.0,3.475,2.475
4190,4694.593,33504.226,28809.633,85.98805714837286,1.0,3.475,2.475
4191,4886.091,35746.581,30860.489999999998,86.33130536316186,1.0,3.1,2.1
4192,3856.0119999999997,39748.034,35892.022,90.29886107071357,1.0,3.65,2.65
4193,4359.04,37359.475999999995,33000.435999999994,88.33217039767902,1.0,3.3,2.3
4194,3094.0130000000004,33600.047000000006,30506.034000000007,90.79164085693094,1.0,3.8,2.8
4195,5335.822,38502.626000000004,33166.804000000004,86.14166732419758,1.0,3.2,2.2
4196,3705.1870000000004,36556.994,32851.807,89.86462891341668,1.0,3.45,2.45
4197,5131.318,36087.941000000006,30956.623000000007,85.78107296284928,1.0,3.1,2.1
4198,3743.6409999999996,37128.061,33384.42,89.91694987788345,1.0,3.175,2.175
4199,3194.6720000000005,37673.229999999996,34478.558,91.52004752446233,1.0,3.025,2.025
4200,2967.906,36118.469,33150.562999999995,91.78285768425012,1.0,3.875,2.875
4201,3058.745,37345.12300000001,34286.378000000004,91.80951954556423,1.0,3.425,2.425
4202,3606.9700000000003,42156.511,38549.541,91.44386023786456,1.0,3.7,2.7
4203,4449.317,35220.166,30770.849,87.36713222759938,1.0,2.925,1.9249999999999998
4204,3449.125,32987.549,29538.424,89.54416104088241,1.0,3.225,2.225
4205,5008.814,36735.368,31726.554000000004,86.3651454369533,1.0,3.15,2.15
4206,3832.952,34212.545,30379.592999999997,88.79664754551291,1.0,3.4,2.4
4207,3889.424,33926.347,30036.923000000003,88.53568290155141,1.0,3.9,2.9
4208,4008.0820000000003,34078.823000000004,30070.741,88.23878981970708,1.0,3.4,2.4
4209,4777.317999999999,40545.966,35768.648,88.21752575829616,1.0,3.075,2.075
4210,3080.445,38992.240000000005,35911.795000000006,92.09985114986982,1.0,2.95,1.9500000000000002
4211,4186.485000000001,36388.507,32202.021999999997,88.4950349845351,1.0,2.975,1.975
4212,3479.707,35185.172,31705.465,90.1103027150187,1.0,3.4,2.4
4213,3720.847,33668.083,29947.235999999997,88.94844413921635,1.0,3.525,2.525
4214,2684.5020000000004,37078.779,34394.277,92.76000431405791,1.0,3.275,2.275
4215,3498.306,35928.485,32430.179,90.26314079204842,1.0,3.125,2.125
4216,4091.969,33115.934,29023.965,87.64350418140101,1.0,2.925,1.9249999999999998
4217,3264.785,35429.068,32164.283,90.78501020687307,1.0,3.125,2.125
4218,3352.371,39517.55500000001,36165.18400000001,91.51675502191368,1.0,3.55,2.55
4219,3175.626,39270.194,36094.568,91.91339365423048,1.0,3.6,2.6
4220,3677.645,36191.299,32513.654,89.83831721541688,1.0,3.875,2.875
4221,3755.1949999999997,38319.78600000001,34564.59100000001,90.2003758580489,1.0,3.6,2.6
4222,3096.843,37268.056,34171.212999999996,91.69035540785922,1.0,3.625,2.625
4223,3728.1870000000004,34429.378,30701.190999999995,89.17149476240901,1.0,3.225,2.225
4224,3436.4040000000005,37140.771,33704.367,90.74762341363349,1.0,3.175,2.175
4225,3991.456,37012.386,33020.93,89.21589113438945,1.0,3.725,2.725
4226,2774.508,37158.589,34384.081,92.53333327592175,1.0,3.175,2.175
4227,4234.474,35469.334,31234.86,88.06159145813113,1.0,4.025,3.0250000000000004
4228,4211.124,35542.936,31331.812,88.15200860165294,1.0,3.325,2.325
4229,4423.875,35913.181,31489.305999999997,87.6817511654008,1.0,3.675,2.675
4230,3623.083,35269.448000000004,31646.365000000005,89.72741790571828,1.0,3.425,2.425
4231,4913.5960000000005,35912.474,30998.878,86.31785713231564,1.0,3.1,2.1
4232,3518.4700000000003,37580.939,34062.469,90.6376208428427,1.0,4.025,3.0250000000000004
4233,4395.9169999999995,40092.381,35696.464,89.0355302170754,1.0,3.65,2.65
4234,5339.982,41314.405,35974.422999999995,87.07476968384272,1.0,3.55,2.55
4235,3332.456,34235.7,30903.244,90.26613739459103,1.0,3.125,2.125
4236,3514.9750000000004,40043.806000000004,36528.831000000006,91.22217553446343,1.0,3.55,2.55
4237,3110.229,37050.994000000006,33940.76500000001,91.6055450496146,1.0,3.175,2.175
4238,3421.862,37363.87699999999,33942.01499999999,90.84179085591144,1.0,3.25,2.25
4239,4561.973,39801.945999999996,35239.973,88.53831669436465,1.0,3.125,2.125
4240,3556.568,37420.53200000001,33863.96400000001,90.49567761356253,1.0,3.875,2.875
4241,4570.534,36478.991,31908.457000000002,87.47077735784961,1.0,3.6,2.6
4242,3576.467,38204.111000000004,34627.64400000001,90.63852840339618,1.0,3.775,2.775
4243,3740.352,36618.049999999996,32877.698,89.78549649694618,1.0,3.4,2.4
4244,3936.8569999999995,33897.626000000004,29960.769000000004,88.38603918752305,1.0,3.675,2.675
4245,3711.6259999999997,39241.473,35529.847,90.54157319731601,1.0,3.575,2.575
4246,3001.413,35227.31,32225.896999999997,91.47986888581615,1.0,3.125,2.125
4247,3611.5830000000005,37685.776000000005,34074.19300000001,90.41658847624632,1.0,3.875,2.875
4248,3658.3510000000006,33373.247,29714.896,89.03807292110353,1.0,3.075,2.075
4249,2905.242,37241.929000000004,34336.687000000005,92.19900236639192,1.0,3.425,2.425
4250,3311.735,40461.69,37149.955,91.81513426651235,1.0,3.275,2.275
4251,2584.896,35698.713,33113.817,92.75913392171869,1.0,3.775,2.775
4252,3945.5209999999997,39118.81800000001,35173.297000000006,89.91400762671306,1.0,3.325,2.325
4253,3142.238,35814.617,32672.378999999997,91.22638111696126,1.0,3.575,2.575
4254,4072.258,33140.024999999994,29067.766999999993,87.711964610769,1.0,2.95,1.9500000000000002
4255,4051.084,36842.962999999996,32791.87899999999,89.00445656338769,1.0,3.375,2.375
4256,4073.4790000000003,37199.791,33126.312,89.04972611270854,1.0,3.275,2.275
4257,4243.586,37909.046,33665.46,88.80587498825477,1.0,3.225,2.225
4258,4395.917,34726.085999999996,30330.168999999994,87.34116767435293,1.0,3.025,2.025
4259,3500.235,33921.009999999995,30420.774999999994,89.68121821844338,1.0,3.6,2.6
4260,4465.262000000001,35136.596999999994,30671.334999999992,87.29170613762055,1.0,2.875,1.875
4261,3991.2070000000003,35324.066999999995,31332.859999999993,88.70116796007662,1.0,3.525,2.525
4262,4688.927000000001,39790.172,35101.244999999995,88.21586647074558,1.0,3.875,2.875
4263,3374.296,36129.307,32755.011000000002,90.66050173616671,1.0,3.55,2.55
4264,5160.54,37413.388000000006,32252.848000000005,86.20670226390618,1.0,3.3,2.3
4265,5026.976000000001,37896.565,32869.589,86.73500883259472,1.0,3.15,2.15
4266,2877.089,41369.96,38492.871,93.0454634232182,1.0,4.1,3.0999999999999996
4267,3439.942,35420.988,31981.046,90.2884075396203,1.0,3.2,2.2
4268,3411.027,34430.314,31019.286999999997,90.09295413338373,1.0,2.95,1.9500000000000002
4269,3936.295,32746.396,28810.101000000002,87.97945581553464,1.0,2.925,1.9249999999999998
4270,3546.083,38938.557,35392.474,90.89313196685744,1.0,3.325,2.325
4271,4641.361000000001,33012.740000000005,28371.379000000004,85.94069743983687,1.0,3.575,2.575
4272,3922.521,35808.344,31885.822999999997,89.04579055652503,1.0,2.925,1.9249999999999998
4273,3584.532,35777.816000000006,32193.284000000007,89.9811324425169,1.0,3.25,2.25
4274,3499.9799999999996,36450.270000000004,32950.29000000001,90.39793120874003,1.0,3.425,2.425
4275,4674.173999999999,36197.343,31523.169,87.0869693391584,1.0,3.375,2.375
4276,3300.748,35579.737,32278.989,90.72295559688932,1.0,3.6,2.6
4277,4889.024,33752.523,28863.499,85.51508579077185,1.0,3.075,2.075
4278,3500.8940000000002,34230.199,30729.305,89.77249883940202,1.0,3.4,2.4
4279,4491.201,36371.396,31880.195,87.6518322255214,1.0,3.15,2.15
4280,2805.0600000000004,36728.224,33923.164000000004,92.36265821075368,1.0,2.925,1.9249999999999998
4281,4418.361000000001,38653.229999999996,34234.86899999999,88.569232118506,1.0,3.675,2.675
4282,4026.0159999999996,38718.752,34692.736000000004,89.60189625946623,1.0,3.15,2.15
4283,3140.358,37275.2,34134.842,91.5752081813109,1.0,3.5,2.5
4284,2281.656,37780.89,35499.234,93.96081987480972,1.0,3.6,2.6
4285,2764.2290000000003,36642.141,33877.912000000004,92.45614769071491,1.0,3.375,2.375
4286,4505.683,35889.09,31383.406999999996,87.44553567671957,1.0,3.425,2.425
4287,3389.4300000000003,34737.86,31348.43,90.24283591447487,1.0,3.25,2.25
4288,2920.3999999999996,32776.924,29856.523999999998,91.09007300379986,1.0,3.525,2.525
4289,3653.3149999999996,33134.688,29481.373000000003,88.97434917751453,1.0,3.45,2.45
4290,2021.217,34111.945,32090.728,94.07475299341624,1.0,2.85,1.85
4291,4312.798000000001,38119.671,33806.873,88.68616153586424,1.0,3.65,2.65
4292,4288.268,37429.399000000005,33141.13100000001,88.54304874091086,1.0,3.325,2.325
4293,2593.047,35954.612,33361.565,92.78799893599185,1.0,3.2,2.2
4294,3121.2760000000003,34315.346000000005,31194.070000000003,90.90413950656362,1.0,3.225,2.225
4295,4851.0289999999995,42096.326,37245.297,88.47636014601369,1.0,3.025,2.025
4296,3793.3779999999997,36879.764,33086.386000000006,89.71420207569659,1.0,3.8,2.8
4297,3181.2430000000004,35301.783,32120.54,90.98843534333662,1.0,3.2,2.2
4298,3935.636,35735.678,31800.042,88.98681592105235,1.0,3.275,2.275
4299,2448.1220000000003,34690.221000000005,32242.099000000006,92.9429045724442,1.0,3.225,2.225
4300,3851.29,35906.201,32054.911,89.27402539745154,1.0,3.0,2.0
4301,4186.697,37188.246,33001.549,88.74188096959453,1.0,3.475,2.475
4302,3955.6910000000003,35989.541,32033.85,89.00877618861547,1.0,3.475,2.475
4303,4480.257,36111.489,31631.232000000004,87.59326429325581,1.0,3.4,2.4
4304,3421.203,37351.396,33930.193,90.84049495767172,1.0,3.475,2.475
4305,2845.2259999999997,37617.740000000005,34772.514,92.4364781084669,1.0,3.825,2.825
4306,3261.29,33498.889,30237.599000000002,90.2644830997231,1.0,3.7,2.7
4307,4905.802,39831.373999999996,34925.572,87.68357325559496,1.0,3.3,2.3
4308,3536.301,35675.558,32139.256999999998,90.08760844049026,1.0,3.225,2.225
4309,3966.8469999999998,38628.268,34661.420999999995,89.73071482262678,1.0,3.575,2.575
4310,2529.119,37158.818,34629.699,93.19375820834776,1.0,3.375,2.375
4311,3548.919,38150.199,34601.28,90.69750855034859,1.0,2.85,1.85
4312,2611.741,36256.592000000004,33644.851,92.79650718412805,1.0,3.5,2.5
4313,2820.611,34815.863,31995.251999999997,91.89848891581404,1.0,3.35,2.35
4314,4074.955,34283.175,30208.22,88.11383426418352,1.0,3.675,2.675
4315,3940.352,34833.681,30893.328999999998,88.68809759152356,1.0,2.95,1.9500000000000002
4316,3734.686,37903.709,34169.023,90.14691148035143,1.0,3.35,2.35
4317,2356.732,35016.685,32659.952999999998,93.26968843567003,1.0,3.325,2.325
4318,3616.3779999999997,35014.878,31398.499999999996,89.67188176408897,1.0,3.725,2.725
4319,3235.08,36711.277,33476.197,91.18777589785284,1.0,3.2,2.2
4320,3533.918,37477.745,33943.827000000005,90.57062264551938,1.0,3.3,2.3
4321,2980.633,33763.197,30782.564,91.17194677980287,1.0,3.225,2.225
4322,3893.2990000000004,36049.497,32156.198000000004,89.20012947753474,1.0,3.7,2.7
4323,5094.025000000001,35609.329,30515.303999999996,85.69468972582999,1.0,3.35,2.35
4324,3825.145,31816.613999999998,27991.468999999997,87.97752331533457,1.0,3.55,2.55
4325,3620.085,35870.335999999996,32250.250999999997,89.9078586830076,1.0,3.0,2.0
4326,4475.644,36549.063,32073.419,87.75442204906867,1.0,3.225,2.225
4327,3561.9850000000006,35821.761,32259.775999999998,90.05636545897339,1.0,3.025,2.025
4328,3533.362,37604.323000000004,34070.961,90.60384094669115,1.0,2.975,1.975
4329,2554.846,38531.282,35976.436,93.36942383593674,1.0,3.35,2.35
4330,4407.417,32880.825,28473.407999999996,86.5957834087192,1.0,3.4,2.4
4331,4648.0960000000005,34629.329,29981.232999999997,86.57757417130433,1.0,3.425,2.425
4332,2782.6220000000003,30803.506999999998,28020.885,90.96654156943883,1.0,3.425,2.425
4333,3222.074,40578.301,37356.227,92.0596133386659,1.0,3.3,2.3
4334,4252.921,33550.765,29297.843999999997,87.32392242024883,1.0,4.0,3.0
4335,4746.3189999999995,37177.34299999999,32431.023999999994,87.23330228305987,1.0,3.15,2.15
4336,3725.357,34872.289,31146.931999999997,89.31714233040452,1.0,3.15,2.15
4337,2973.594,36594.666,33621.072,91.87424200018658,1.0,3.325,2.325
4338,3985.541,36636.804000000004,32651.263000000003,89.12148286733745,1.0,3.825,2.825
4339,4386.032,36929.046,32543.014000000003,88.12308338536555,1.0,3.075,2.075
4340,4218.9169999999995,37813.225,33594.308,88.8427474778996,1.0,3.9,2.9
4341,3989.695,36633.11,32643.415,89.10904643367708,1.0,4.525,3.5250000000000004
4342,4153.067,36601.875,32448.808,88.65340368492052,1.0,3.125,2.125
4343,4057.4089999999997,36686.085999999996,32628.676999999996,88.9401965638962,1.0,2.975,1.975
4344,3563.352,33401.03200000001,29837.680000000008,89.33161107117888,1.0,3.05,2.05
4345,2818.4759999999997,35772.479,32954.003,92.1211051657896,1.0,3.65,2.65
4346,5061.205,37981.712,32920.507,86.67462646233534,1.0,3.425,2.425
4347,3498.965,39487.027,35988.062000000005,91.13895052164855,1.0,3.2,2.2
4348,3353.321,33261.037000000004,29907.716000000004,89.91817062107835,1.0,3.475,2.475
4349,2949.525,38483.872,35534.347,92.33568545285672,1.0,3.35,2.35
4350,3932.4120000000003,40407.071,36474.659,90.26801026978669,1.0,2.9,1.9
4351,4023.7419999999997,37818.562000000005,33794.82000000001,89.36040455477922,1.0,3.5,2.5
4352,3102.121,34489.562999999995,31387.441999999995,91.00562393324613,1.0,3.425,2.425
4353,3964.508,32499.906,28535.398,87.80147856427647,1.0,3.2,2.2
4354,3002.3630000000003,36281.782999999996,33279.42,91.7248747119181,1.0,2.575,1.5750000000000002
4355,3265.5290000000005,34586.32,31320.790999999997,90.55832190299516,1.0,3.125,2.125
4356,3733.465,35330.504,31597.039,89.43274344458828,1.0,3.25,2.25
4357,4255.238,36432.452000000005,32177.214000000004,88.32019870636212,1.0,3.55,2.55
4358,3287.7850000000003,36080.024999999994,32792.23999999999,90.88752017217281,1.0,3.5,2.5
4359,2543.7200000000003,35894.427,33350.707,92.91332885742959,1.0,3.925,2.925
4360,2224.777,32406.515,30181.737999999998,93.13478478015918,1.0,3.325,2.325
4361,4084.5260000000003,37901.902,33817.376000000004,89.2234273625635,1.0,3.125,2.125
4362,4019.0260000000003,34150.553,30131.527,88.2314467938484,1.0,3.325,2.325
4363,5112.822,37582.746,32469.924,86.39582642524311,1.0,3.775,2.775
4364,3274.296,35415.651,32141.355,90.75466380668819,1.0,2.875,1.875
4365,3408.4030000000002,36838.562000000005,33430.15900000001,90.74773059817048,1.0,2.975,1.975
4366,3751.749,37436.543000000005,33684.79400000001,89.97837754410178,1.0,3.7,2.7
4367,4029.408,37921.756,33892.348,89.37441610035147,1.0,3.2,2.2
4368,3237.419,36879.763999999996,33642.344999999994,91.2216927418516,1.0,3.525,2.525
4369,4338.876,35069.497,30730.621000000003,87.62777806593576,1.0,2.95,1.9500000000000002
4370,5120.271,34108.415,28988.144,84.98824703522575,1.0,3.525,2.525
4371,3918.923,35415.651,31496.728,88.93448831422018,1.0,3.775,2.775
4372,3557.3360000000002,34447.261,30889.925,89.67309476361561,1.0,3.175,2.175
4373,2803.7360000000003,38071.489,35267.753000000004,92.63560193298456,1.0,3.35,2.35
4374,3428.2960000000003,36735.368,33307.072,90.6675877045794,1.0,3.475,2.475
4375,3292.0780000000004,34126.069,30833.991,90.35318717781412,1.0,3.1,2.1
4376,3482.749,36292.456999999995,32809.708,90.40365605447988,1.0,3.225,2.225
4377,4350.419,35020.215,30669.795999999995,87.57740636372449,1.0,2.875,1.875
4378,2896.952,40620.439,37723.487,92.86824054264899,1.0,3.425,2.425
4379,4459.143,32547.381,28088.238,86.29953359380897,1.0,3.625,2.625
4380,3528.0899999999997,33460.988000000005,29932.898000000005,89.45610930555907,1.0,3.6,2.6
4381,4211.021000000001,34054.503,29843.481999999996,87.63446643164929,1.0,3.25,2.25
4382,3048.3630000000003,35197.653,32149.289999999997,91.33930037892016,1.0,3.5,2.5
4383,3096.184,39608.268,36512.083999999995,92.18298563320162,1.0,3.45,2.45
4384,4948.09,35391.56,30443.469999999998,86.01901131230157,1.0,3.675,2.675
4385,3861.3199999999997,38798.562000000005,34937.242000000006,90.04777548198823,1.0,3.3,2.3
4386,4393.746,32685.340000000004,28291.594000000005,86.55744134832314,1.0,2.9,1.9
4387,3671.46,33510.27,29838.809999999998,89.04377672874615,1.0,3.375,2.375
4388,2547.354,37987.049,35439.695,93.29415138301478,1.0,3.425,2.425
4389,2751.4049999999997,38139.524999999994,35388.119999999995,92.78594843538298,1.0,3.025,2.025
4390,3025.569,39398.579,36373.009999999995,92.32061389828297,1.0,3.325,2.325
4391,2893.56,37654.475999999995,34760.916,92.31549524152189,1.0,3.9,2.9
4392,3889.8830000000003,39052.425,35162.542,90.0393304641133,1.0,4.1,3.0999999999999996
4393,4328.639999999999,37758.606,33429.966,88.53601745784789,1.0,3.35,2.35
4394,3422.424,33533.654,30111.230000000003,89.7940618102638,1.0,3.0,2.0
4395,3810.2530000000006,32239.835,28429.582,88.18153690923046,1.0,3.35,2.35
4396,3635.7389999999996,36390.15,32754.411,90.00900243609877,1.0,3.4,2.4
4397,3510.9669999999996,33605.384,30094.416999999998,89.55236756110271,1.0,3.15,2.15
4398,3212.853,35325.167,32112.314000000002,90.90491773188221,1.0,3.25,2.25
4399,3247.1420000000003,37442.98,34195.838,91.32776824921521,1.0,3.5,2.5
4400,4114.200999999999,35548.273,31434.072,88.42643916907018,1.0,3.325,2.325
4401,3740.9080000000004,35352.952000000005,31612.044000000005,89.41839991183762,1.0,3.325,2.325
4402,3271.751,37829.236,34557.485,91.35126334563036,1.0,3.75,2.75
4403,3839.5350000000003,39088.29,35248.755,90.17727559839531,1.0,3.2,2.2
4404,4473.926,36582.892,32108.966,87.77044198692657,1.0,3.925,2.925
4405,3043.4000000000005,37097.762,34054.362,91.7962706213922,1.0,3.3,2.3
4406,3161.29,37297.648,34136.358,91.52415723372155,1.0,3.35,2.35
4407,5292.313,35753.725000000006,30461.412000000004,85.19786959260888,1.0,3.325,2.325
4408,3351.193,39020.960999999996,35669.768,91.41181325595748,1.0,2.85,1.85
4409,4212.424,36672.668999999994,32460.244999999995,88.51345125712012,1.0,3.25,2.25
4410,3540.3520000000003,40770.172,37229.82,91.31631821420817,1.0,3.225,2.225
4411,3993.087,39882.463,35889.376000000004,89.98786258511667,1.0,2.925,1.9249999999999998
4412,4639.432000000001,36225.128,31585.695999999996,87.19277955346355,1.0,3.525,2.525
4413,4829.044,37423.126,32594.081999999995,87.09609667562245,1.0,3.45,2.45
4414,4748.1990000000005,35482.98,30734.781000000003,86.61837590867509,1.0,3.125,2.125
4415,3797.955,38605.82,34807.865,90.16222165466242,1.0,3.4,2.4
4416,5624.219,38211.255,32587.035999999996,85.28125024943567,1.0,3.6,2.6
4417,3873.026,37504.743,33631.717000000004,89.67323679567676,1.0,3.25,2.25
4418,3426.6809999999996,35022.958,31596.277,90.21590066721377,1.0,3.25,2.25
4419,2839.034,34702.702000000005,31863.668000000005,91.81898285614764,1.0,3.475,2.475
4420,3558.08,38913.366,35355.286,90.85640651081172,1.0,3.275,2.275
4421,3062.9049999999997,39311.396,36248.491,92.20860790596193,1.0,3.6,2.6
4422,2345.2920000000004,37920.655999999995,35575.363999999994,93.81526522115018,1.0,3.85,2.85
4423,3751.8520000000003,37102.163,33350.311,89.88778093611415,1.0,3.375,2.375
4424,3959.96,38693.561,34733.601,89.76584243564453,1.0,3.05,2.05
4425,3679.151,35713.229999999996,32034.078999999998,89.69807267502827,1.0,3.2,2.2
4426,3859.3549999999996,40946.032,37086.676999999996,90.57453235028976,1.0,3.25,2.25
4427,3866.036,35940.966,32074.93,89.24337203401824,1.0,3.475,2.475
4428,3775.656,34346.974,30571.318000000003,89.00731109529475,1.0,3.05,2.05
4429,3206.311,33878.872,30672.561,90.53595704130882,1.0,3.35,2.35
4430,3366.847,37074.378,33707.530999999995,90.91866895245012,1.0,3.9,2.9
4431,3697.9120000000003,40679.688,36981.776,90.90968445972348,1.0,2.95,1.9500000000000002
4432,3392.683,36286.956000000006,32894.27300000001,90.65040616799051,1.0,3.875,2.875
4433,5076.610000000001,36412.598,31335.987999999998,86.05809450893891,1.0,3.75,2.75
4434,4134.021000000001,38314.449,34180.428,89.21028200092346,1.0,3.05,2.05
4435,3414.9750000000004,39046.859,35631.884,91.2541620825378,1.0,3.225,2.225
4436,3962.79,35845.145,31882.354999999996,88.94469529974003,1.0,3.225,2.225
4437,4217.799,35209.492,30991.693,88.02084676484398,1.0,3.425,2.425
4438,4093.7300000000005,37249.301999999996,33155.57199999999,89.00991487035111,1.0,2.925,1.9249999999999998
4439,2676.825,37477.745,34800.920000000006,92.85756120065389,1.0,3.125,2.125
4440,2918.682,35693.604999999996,32774.922999999995,91.82295540055424,1.0,3.7,2.7
4441,3066.853,35063.224,31996.371000000003,91.25336278261234,1.0,3.375,2.375
4442,3278.456,38799.498,35521.042,91.55026181008837,1.0,3.1,2.1
4443,4878.268,37666.085999999996,32787.818,87.04864636054833,1.0,3.35,2.35
4444,5291.043,38719.459,33428.416000000005,86.33492528911626,1.0,2.95,1.9500000000000002
4445,3144.203,38648.829,35504.626,91.86468754331469,1.0,3.15,2.15
4446,4939.4259999999995,38714.121999999996,33774.695999999996,87.24128110150606,1.0,3.4,2.4
4447,4338.919,37200.020000000004,32861.101,88.33624551814758,1.0,4.0,3.0
4448,3421.862,32438.850000000002,29016.988,89.45134614821426,1.0,3.225,2.225
4449,3807.3140000000003,35984.911,32177.597,89.41969315972464,1.0,2.825,1.8250000000000002
4450,2860.8190000000004,36087.168999999994,33226.34999999999,92.07247595398795,1.0,3.325,2.325
4451,2389.303,38569.019,36179.716,93.80512374452667,1.0,3.925,2.925
4452,3976.4610000000002,39393.013,35416.551999999996,89.90566931247427,1.0,3.075,2.075
4453,4906.855,36487.071,31580.216000000004,86.55179803278811,1.0,3.35,2.35
4454,3729.305,39892.43,36163.125,90.6515973080607,1.0,3.75,2.75
4455,3452.867,37497.599,34044.732,90.79176509407975,1.0,3.125,2.125
4456,3007.847,34556.663,31548.816,91.29589856520577,1.0,3.375,2.375
4457,3159.9660000000003,38871.228,35711.262,91.87068131729721,1.0,3.15,2.15
4458,3353.364,36220.02,32866.655999999995,90.74168374285823,1.0,3.375,2.375
4459,3602.9190000000003,35918.518,32315.598999999995,89.96918803832608,1.0,4.025,3.0250000000000004
4460,3566.036,34216.782,30650.746,89.57810819264067,1.0,3.375,2.375
4461,4667.294,38956.375,34289.081,88.01917786241661,1.0,2.775,1.775
4462,4032.9030000000002,36068.251000000004,32035.348000000005,88.81868987769882,1.0,3.125,2.125
4463,3366.3940000000002,38204.111,34837.717,91.18839854695219,1.0,3.975,2.975
4464,3394.8109999999997,38548.458,35153.647,91.19339352043602,1.0,3.2,2.2
4465,4413.04,39982.914000000004,35569.874,88.96268541107334,1.0,3.35,2.35
4466,4330.417,37557.555,33227.138,88.46991770364177,1.0,2.9,1.9
4467,3163.008,33417.043,30254.034999999996,90.53474599772338,1.0,3.125,2.125
4468,3530.073,35767.142,32237.069,90.13040236762558,1.0,3.275,2.275
4469,3417.7079999999996,35143.97,31726.262000000002,90.27512258859771,1.0,2.775,1.775
4470,3275.808,38296.402,35020.594000000005,91.44617293290374,1.0,3.275,2.275
4471,3179.121,37547.817,34368.696,91.53314026218888,1.0,3.425,2.425
4472,4287.706,36582.89200000001,32295.18600000001,88.27947774057886,1.0,4.1,3.0999999999999996
4473,3137.009,38513.3,35376.291000000005,91.85473849293622,1.0,3.125,2.125
4474,2599.291,36548.127,33948.836,92.88803226496395,1.0,3.5,2.5
4475,3220.956,36754.122,33533.166000000005,91.23647682292615,1.0,3.45,2.45
4476,3412.853,38176.326,34763.473,91.06028956269914,1.0,3.025,2.025
4477,3451.2530000000006,34472.452,31021.198999999997,89.98837390505324,1.0,3.0,2.0
4478,4017.908,37732.47900000001,33714.571,89.35159282802489,1.0,3.5,2.5
4479,4943.629000000001,33574.856,28631.227,85.27579984259648,1.0,3.2,2.2
4480,2879.224,36256.592,33377.367999999995,92.05875720475879,1.0,3.275,2.275
4481,3382.96,40841.902,37458.942,91.71693815826697,1.0,3.05,2.05
4482,3596.135,35894.427,32298.292,89.98135560152555,1.0,3.65,2.65
4483,3456.1150000000002,37520.047000000006,34063.93200000001,90.78861761553763,1.0,3.2,2.2
4484,3625.9190000000003,35271.255000000005,31645.336000000003,89.71990364391627,1.0,3.775,2.775
4485,2212.056,40902.793999999994,38690.738,94.59191956422342,1.0,3.075,2.075
4486,3190.615,37334.449,34143.834,91.45396521052179,1.0,2.95,1.9500000000000002
4487,3019.1839999999997,38077.762,35058.578,92.07100459317961,1.0,3.6,2.6
4488,2570.4570000000003,37229.448000000004,34658.991,93.09563493930932,1.0,3.05,2.05
4489,4642.582,34769.324,30126.742,86.64747695411046,1.0,3.175,2.175
4490,4067.4030000000002,39107.915,35040.512,89.59954014423936,1.0,3.125,2.125
4491,4218.464,36861.009999999995,32642.545999999995,88.55575579725027,1.0,3.3,2.3
4492,3348.043,37303.921,33955.878000000004,91.0249568671347,1.0,3.4,2.4
4493,4151.7,39129.492,34977.792,89.38984436598359,1.0,3.25,2.25
4494,3048.224,36869.09,33820.865999999995,91.73230475718277,1.0,3.375,2.375
4495,3643.7439999999997,37952.284,34308.54,90.39914435716176,1.0,3.45,2.45
4496,3916.299,38275.841,34359.542,89.76822220575114,1.0,3.45,2.45
4497,4599.26,37552.21799999999,32952.95799999999,87.7523612586612,1.0,3.75,2.75
4498,4094.5989999999997,35475.606999999996,31381.007999999998,88.45798748418878,1.0,3.75,2.75
4499,3479.9620000000004,39978.513,36498.551,91.29541911676405,1.0,3.7,2.7
4500,4000.077,35754.66100000001,31754.584000000006,88.81243203508488,1.0,3.5,2.5
4501,3331.585,37146.108,33814.523,91.0311330597542,1.0,3.1,2.1
4502,3048.466,39942.648,36894.182,92.36789208366957,1.0,3.35,2.35
4503,3954.294,35439.742,31485.447999999997,88.84220432530236,1.0,3.6,2.6
4504,3439.693,38628.268,35188.575,91.09539935883224,1.0,2.95,1.9500000000000002
4505,3770.087,35106.297999999995,31336.210999999996,89.26093830799249,1.0,3.75,2.75
4506,3744.4030000000002,37667.022000000004,33922.619000000006,90.05920085745032,1.0,3.275,2.275
4507,3007.182,38107.354,35100.172,92.10865703244575,1.0,3.825,2.825
4508,5444.983,36292.456999999995,30847.473999999995,84.99692925171752,1.0,3.3,2.3
4509,4201.999,34409.753,30207.753999999997,87.78834884400362,1.0,3.4,2.4
4510,2988.179,36801.761,33813.581999999995,91.88033692192066,1.0,2.95,1.9500000000000002
4511,3661.0779999999995,34992.43,31331.352,89.53751425665494,1.0,3.475,2.475
4512,2298.282,38464.182,36165.9,94.0248774821209,1.0,3.475,2.475
4513,4233.459000000001,34666.130000000005,30432.671000000002,87.7879099859142,1.0,3.575,2.575
4514,4866.585999999999,34554.856,29688.27,85.91634703961724,1.0,3.6,2.6
4515,3542.794,39052.195999999996,35509.401999999995,90.92805434040123,1.0,3.775,2.775
4516,2450.0510000000004,37121.788,34671.737,93.3999650016858,1.0,2.75,1.75
4517,4326.468999999999,36342.839,32016.370000000003,88.09540168284597,1.0,3.125,2.125
4518,3702.46,35009.541,31307.081,89.42442575868105,1.0,3.525,2.525
4519,4767.33,34539.551999999996,29772.221999999994,86.19747586766614,1.0,3.225,2.225
4520,4518.355,37110.243,32591.888000000003,87.8245071044132,1.0,3.75,2.75
4521,3068.365,37037.577,33969.212,91.71553527921117,1.0,3.275,2.275
4522,2803.071,37239.335,34436.263999999996,92.47282208449748,1.0,3.575,2.575
4523,3624.5589999999997,33895.819,30271.260000000002,89.30676671361739,1.0,3.575,2.575
4524,3795.923,38308.012,34512.089,90.09104675022029,1.0,3.6,2.6
4525,4434.425,35761.805,31327.38,87.6001085515678,1.0,3.325,2.325
4526,3577.338,39735.553,36158.215,90.99713548720462,1.0,3.9,2.9
4527,2966.853,37418.496,34451.643,92.0711591401215,1.0,3.65,2.65
4528,3681.6360000000004,32219.274,28537.638,88.57318758951551,1.0,3.4,2.4
4529,5238.761,36630.531,31391.770000000004,85.6983754890149,1.0,3.25,2.25
4530,3746.5739999999996,37757.505999999994,34010.93199999999,90.07727364196141,1.0,3.3,2.3
4531,4458.375,39766.788,35308.413,88.78869724152729,1.0,3.575,2.575
4532,4737.92,33894.883,29156.963000000003,86.02172487215843,1.0,2.875,1.875
4533,4396.582,38706.978,34310.396,88.64137107267841,1.0,3.5,2.5
4534,3881.7390000000005,36193.893,32312.153999999995,89.27515478923475,1.0,3.375,2.375
4535,4710.809,35014.878,30304.068999999996,86.54626470496342,1.0,3.35,2.35
4536,3046.2949999999996,38470.455,35424.16,92.08146875309897,1.0,2.775,1.775
4537,3812.242,37570.265,33758.023,89.85303404168164,1.0,3.225,2.225
4538,4099.871,37056.331000000006,32956.46000000001,88.93611188868104,1.0,3.425,2.425
4539,4320.906,35038.969,30718.063,87.66828441784345,1.0,3.225,2.225
4540,3828.084,34072.55,30244.466000000004,88.76490312583003,1.0,3.475,2.475
4541,4087.7120000000004,37799.808,33712.096,89.18589216114538,1.0,3.725,2.725
4542,3304.987,36129.307,32824.32,90.85233768807134,1.0,3.725,2.725
4543,3032.3529999999996,38938.328,35905.975,92.21242113939766,1.0,3.0,2.0
4544,3886.032,35459.596,31573.564,89.04095805265237,1.0,3.05,2.05
4545,3620.641,37268.056,33647.41499999999,90.28486755520598,1.0,3.7,2.7
4546,4085.082,33625.238,29540.156,87.85114323949172,1.0,3.35,2.35
4547,3330.0730000000003,37371.25,34041.176999999996,91.0892116265846,1.0,3.925,2.925
4548,4082.537,32431.706,28349.168999999998,87.41189563077563,1.0,3.475,2.475
4549,4379.804,32063.975,27684.171,86.34042098648094,1.0,3.375,2.375
4550,2979.889,39228.992,36249.102999999996,92.40386038978518,1.0,3.675,2.675
4551,4385.638,36503.952999999994,32118.314999999995,87.985854573065,1.0,3.15,2.15
4552,3616.693,34751.277,31134.584000000003,89.59263281173811,1.0,3.45,2.45
4553,3762.7960000000003,38199.481,34436.685,90.14961485995057,1.0,3.825,2.825
4554,4188.642,35053.486000000004,30864.844000000005,88.05071198910146,1.0,3.8,2.8
4555,2996.3900000000003,34114.687999999995,31118.297999999995,91.21671580288232,1.0,3.375,2.375
4556,2597.267,37461.734000000004,34864.467000000004,93.06687992606003,1.0,3.475,2.475
4557,3839.584,36838.562000000005,32998.978,89.5772696013487,1.0,3.3,2.3
4558,4595.252,36607.376,32012.123999999996,87.4471964338553,1.0,3.2,2.2
4559,3750.6310000000003,38132.381,34381.75,90.1641835583254,1.0,3.35,2.35
4560,5100.421,42180.602,37080.181,87.90813606690581,1.0,3.475,2.475
4561,4366.38,37134.334,32767.954,88.24166336199809,1.0,3.85,2.85
4562,3013.621,37648.268,34634.647,91.99532631886281,1.0,3.575,2.575
4563,3814.4130000000005,37405.079,33590.666,89.8024196125879,1.0,3.05,2.05
4564,4239.584000000001,34241.973,30002.388999999996,87.6187508237332,1.0,3.825,2.825
4565,3837.37,32272.957000000002,28435.587000000003,88.10964238572872,1.0,3.175,2.175
4566,2288.8500000000004,33921.01,31632.160000000003,93.25241200070398,1.0,3.0,2.0
4567,4928.276,37606.837,32678.561,86.89526587944634,1.0,3.625,2.625
4568,4099.412,38319.786,34220.373999999996,89.30210100860165,1.0,3.4,2.4
4569,4250.932000000001,33569.519,29318.587,87.33692907545085,1.0,3.025,2.025
4570,2912.0930000000003,36558.80100000001,33646.708000000006,92.03449533260131,1.0,3.525,2.525
4571,3993.19,34233.893,30240.702999999998,88.33556557532035,1.0,3.975,2.975
4572,3702.503,35053.486000000004,31350.983000000004,89.43756121716396,1.0,3.5,2.5
4573,4003.5719999999997,35247.164000000004,31243.592000000004,88.64143509531718,1.0,3.3,2.3
4574,2845.286,36232.337,33387.051,92.14710881056334,1.0,3.5,2.5
4575,3726.4750000000004,33763.197,30036.722,88.96290834070008,1.0,3.825,2.825
4576,3958.587,38404.933,34446.346,89.69250382496436,1.0,3.15,2.15
4577,4878.086,38125.008,33246.922,87.20502301271648,1.0,3.0,2.0
4578,3906.2019999999998,36843.191999999995,32936.99,89.39776444994234,1.0,3.1,2.1
4579,4287.706,34973.676,30685.97,87.74019065081978,1.0,3.25,2.25
4580,3889.9860000000003,37777.36,33887.374,89.70286436108825,1.0,2.925,1.9249999999999998
4581,3460.685,32906.016,29445.331000000002,89.48312369385586,1.0,3.4,2.4
4582,3795.9230000000002,37572.072,33776.149,89.89695590916573,1.0,3.6,2.6
4583,3033.471,33793.725,30760.253999999997,91.02356724510246,1.0,3.225,2.225
4584,3087.6169999999997,38258.73,35171.113000000005,91.92964063365407,1.0,3.65,2.65
4585,3587.12,31850.836000000003,28263.716000000004,88.73775244078365,1.0,3.475,2.475
4586,3873.4850000000006,37632.028000000006,33758.543000000005,89.70694590257001,1.0,3.25,2.25
4587,3444.4089999999997,38253.393,34808.984,90.9958078751341,1.0,3.3,2.3
4588,2991.1180000000004,36062.914000000004,33071.796,91.70583386578245,1.0,3.15,2.15
4589,4204.134,37326.369000000006,33122.23500000001,88.73682570088722,1.0,3.425,2.425
4590,3482.507,37601.5,34118.993,90.73838277728282,1.0,3.05,2.05
4591,2306.3250000000003,36861.01,34554.685000000005,93.74318555026029,1.0,3.5,2.5
4592,5217.996999999999,32759.813000000002,27541.816000000003,84.07195730940222,1.0,3.125,2.125
4593,2450.1540000000005,37611.467000000004,35161.313,93.4856196914627,1.0,3.775,2.775
4594,2998.971,39528.458,36529.487,92.41313435500065,1.0,3.75,2.75
4595,3464.156,38005.096000000005,34540.94,90.88502236647422,1.0,3.525,2.525
4596,3474.3990000000003,38598.447,35124.048,90.99860416663914,1.0,3.65,2.65
4597,3296.5879999999997,36064.721,32768.133,90.85924441228869,1.0,3.4,2.4
4598,4344.148,37831.043000000005,33486.895000000004,88.51697533160797,1.0,3.425,2.425
4599,4176.871,38217.528,34040.657,89.07079756702213,1.0,3.2,2.2
4600,3650.5280000000002,37416.689,33766.161,90.24358355171405,1.0,3.45,2.45
4601,3719.0260000000003,36230.465,32511.438999999995,89.73508620438628,1.0,3.175,2.175
4602,3819.6910000000007,37376.587,33556.896,89.78052490453449,1.0,3.1,2.1
4603,2558.8540000000003,39657.55,37098.696,93.54762460111631,1.0,2.925,1.9249999999999998
4604,4321.148,36843.899000000005,32522.751000000004,88.27174072972028,1.0,3.375,2.375
4605,3743.744,34618.655,30874.911,89.1857612608,1.0,3.925,2.925
4606,4181.177,41048.997,36867.82000000001,89.814179868999,1.0,3.125,2.125
4607,4047.795,35628.083,31580.288,88.6387516274732,1.0,3.775,2.775
4608,4784.973,40014.378,35229.405,88.04186585131974,1.0,2.925,1.9249999999999998
4609,4612.8279999999995,36680.748999999996,32067.920999999995,87.42438983456962,1.0,3.325,2.325
4610,3391.419,37715.368,34323.949,91.00785918355615,1.0,3.7,2.7
4611,2785.349,38211.255000000005,35425.906,92.71065815556176,1.0,3.65,2.65
4612,4238.363,33757.630999999994,29519.267999999993,87.4447262013143,1.0,3.575,2.575
4613,4476.865,35643.387,31166.522000000004,87.43984403053504,1.0,3.175,2.175
4614,3500.851,33628.539,30127.688,89.58964289230644,1.0,3.325,2.325
4615,4387.809,36088.104999999996,31700.295999999995,87.84139815598519,1.0,3.35,2.35
4616,2609.117,35191.44499999999,32582.327999999994,92.58593388251037,1.0,3.25,2.25
4617,3658.286,34979.013,31320.727,89.54148306014238,1.0,3.35,2.35
4618,3367.409,38152.00600000001,34784.59700000001,91.1737039462617,1.0,3.75,2.75
4619,4313.645,33708.578,29394.933,87.20312378647358,1.0,3.8,2.8
4620,3764.9180000000006,34804.089,31039.171,89.18254116635548,1.0,3.425,2.425
4621,4118.312,38263.36,34145.048,89.2369305779733,1.0,3.275,2.275
4622,2129.952,39516.684,37386.732,94.60999308545222,1.0,3.225,2.225
4623,2962.1369999999997,34562.936,31600.799000000003,91.42972981230531,1.0,3.35,2.35
4624,4195.361,35646.130000000005,31450.769000000004,88.2305288119636,1.0,3.125,2.125
4625,4047.692,35681.994999999995,31634.302999999996,88.65620602211284,1.0,4.1,3.0999999999999996
4626,4955.026,39148.246,34193.22,87.3429169725765,1.0,3.625,2.625
4627,4210.918,36530.079999999994,32319.161999999997,88.47273808324537,1.0,3.8,2.8
4628,4519.97,36383.87699999999,31863.906999999992,87.5769973606716,1.0,3.2,2.2
4629,2958.848,33447.570999999996,30488.722999999998,91.1537731693581,1.0,3.25,2.25
4630,3515.0840000000003,39143.616,35628.532,91.02003248754535,1.0,3.725,2.725
4631,3571.46,36337.338,32765.878000000004,90.17137689062419,1.0,3.325,2.325
4632,3171.013,39414.590000000004,36243.577000000005,91.9547228577032,1.0,2.975,1.975
4633,4028.4580000000005,35813.91,31785.452000000005,88.75169452316155,1.0,3.3,2.3
4634,2940.4670000000006,36474.361000000004,33533.894,91.93826315421947,1.0,2.85,1.85
4635,4557.819,32353.703,27795.884000000002,85.91252753973788,1.0,3.075,2.075
4636,4405.179,39474.546,35069.367,88.84045683514637,1.0,3.4,2.4
4637,3749.6809999999996,38194.144,34444.463,90.18257615617725,1.0,4.1,3.0999999999999996
4638,3836.857,34327.119999999995,30490.262999999995,88.82266557753753,1.0,3.65,2.65
4639,3346.501,36954.237,33607.736000000004,90.94420214926912,1.0,3.425,2.425
4640,3144.971,35314.493,32169.522,91.09439005679623,1.0,3.95,2.95
4641,3765.4739999999997,36996.375,33230.901,89.8220460788388,1.0,3.65,2.65
4642,3613.857,38560.939,34947.081999999995,90.62819243068742,1.0,3.1,2.1
4643,3731.682,40177.528,36445.846,90.7120169264769,1.0,3.6,2.6
4644,4879.592,33201.788,28322.196,85.30322523594211,1.0,3.475,2.475
4645,4139.1900000000005,37127.354,32988.164,88.8513735721646,1.0,3.15,2.15
4646,3966.5919999999996,35893.491,31926.899,88.94899356543502,1.0,3.7,2.7
4647,4102.8099999999995,35452.452000000005,31349.642000000007,88.42728847076643,1.0,3.4,2.4
4648,3258.389,35577.865000000005,32319.476000000006,90.84152744972191,1.0,3.55,2.55
4649,4604.128,36861.945999999996,32257.817999999996,87.50980753973217,1.0,3.175,2.175
4650,3678.86,36402.86,32724.0,89.89403579828618,1.0,3.825,2.825
4651,3714.522,35439.742,31725.219999999998,89.51876681269293,1.0,3.8,2.8
4652,2901.456,36929.046,34027.590000000004,92.14316015637122,1.0,3.875,2.875
4653,4809.539000000001,34908.153999999995,30098.614999999994,86.2223049663411,1.0,3.65,2.65
4654,3931.5299999999997,35765.335,31833.805,89.0074285617624,1.0,3.2,2.2
4655,4117.908,33437.604,29319.696,87.68479942522197,1.0,3.025,2.025
4656,3426.4750000000004,35252.501000000004,31826.026000000005,90.28019316984064,1.0,3.025,2.025
4657,3669.018,33335.509999999995,29666.491999999995,88.9936647136942,1.0,3.25,2.25
4658,3509.0380000000005,37648.975,34139.937,90.67959220669354,1.0,3.275,2.275
4659,4602.652,35640.564,31037.911999999997,87.08591704665504,1.0,3.675,2.675
4660,3590.857,38222.865000000005,34632.008,90.60547397480538,1.0,3.25,2.25
4661,3841.573,38380.678,34539.105,89.99086727962441,1.0,3.725,2.725
4662,3523.186,36704.133,33180.947,90.40111913282354,1.0,3.625,2.625
4663,4472.814,36626.130000000005,32153.316000000006,87.78791534895988,1.0,2.8,1.7999999999999998
4664,3501.5589999999997,33546.134999999995,30044.575999999994,89.56195996945698,1.0,2.9,1.9
4665,3886.558,39440.488,35553.93,90.14576594488385,1.0,3.35,2.35
4666,3238.678,37454.361000000004,34215.683000000005,91.3530015903889,1.0,2.875,1.875
4667,4108.082,33401.739,29293.657,87.70099365185746,1.0,3.95,2.95
4668,3869.0180000000005,35656.804000000004,31787.786000000004,89.14928550522923,1.0,3.0,2.0
4669,5537.841,39518.490999999995,33980.649999999994,85.98670936094194,1.0,3.8,2.8
4670,3277.132,31016.875000000004,27739.743000000002,89.43435791000867,1.0,3.4,2.4
4671,2936.966,40467.963,37530.997,92.74249114046091,1.0,2.825,1.8250000000000002
4672,3507.532,39159.856,35652.324,91.04304162916227,1.0,3.425,2.425
4673,3878.757,37093.132000000005,33214.37500000001,89.5431936025246,1.0,3.3,2.3
4674,3403.584,40806.973,37403.388999999996,91.6593078344723,1.0,3.375,2.375
4675,3630.073,33835.863,30205.789999999997,89.27152234893492,1.0,3.8,2.8
4676,4140.243,35930.292,31790.049,88.47701265550528,1.0,3.225,2.225
4677,3910.405,36038.823000000004,32128.418000000005,89.14946528636632,1.0,3.25,2.25
4678,4118.360999999999,34502.043999999994,30383.682999999997,88.06342893771743,1.0,3.5,2.5
4679,2877.9,38519.737,35641.837,92.52876518860967,1.0,3.225,2.225
4680,4264.706,35634.356,31369.65,88.03203851923128,1.0,3.5,2.5
4681,3366.853,35428.132,32061.279,90.49666801512424,1.0,2.95,1.9500000000000002
4682,3056.018,37624.884,34568.865999999995,91.87766798164746,1.0,3.325,2.325
4683,4256.21,36002.958,31746.748,88.17816580515412,1.0,3.5,2.5
4684,4422.822,37200.727,32777.905,88.11092589669013,1.0,3.875,2.875
4685,3655.098,34313.703,30658.605000000003,89.34799313265607,1.0,3.675,2.675
4686,3445.915,33387.615000000005,29941.700000000004,89.67906213127233,1.0,2.675,1.6749999999999998
4687,4077.983,36153.398,32075.415,88.72033273331597,1.0,2.625,1.625
4688,3302.3630000000003,35821.761,32519.397999999997,90.78112603118534,1.0,3.45,2.45
4689,4189.798000000001,34983.563,30793.765,88.0235240761497,1.0,3.4,2.4
4690,5278.08,36038.823000000004,30760.743000000002,85.35446066038283,1.0,2.975,1.975
4691,4033.75,34218.589,30184.839,88.21181668244708,1.0,3.575,2.575
4692,3519.026,40262.675,36743.649000000005,91.25983059992909,1.0,4.15,3.1500000000000004
4693,3732.697,35646.130000000005,31913.433000000005,89.5284649413555,1.0,3.35,2.35
4694,4110.918,34895.673,30784.755000000005,88.21940473823217,1.0,3.225,2.225
4695,2234.397,35315.2,33080.803,93.67298783526641,1.0,2.825,1.8250000000000002
4696,3881.6899999999996,37885.891,34004.201,89.75425970580973,1.0,3.6,2.6
4697,3710.918,37123.66,33412.742000000006,90.00390047748526,1.0,3.35,2.35
4698,4349.046,33426.93,29077.884,86.98939447924174,1.0,3.775,2.775
4699,2916.802,34508.317,31591.515000000003,91.54753910484827,1.0,3.75,2.75
4700,3145.733,37319.932,34174.199,91.57090371976027,1.0,3.425,2.425
4701,3546.9540000000006,37298.584,33751.630000000005,90.49037893770982,1.0,2.8,1.7999999999999998
4702,3564.6760000000004,34792.47900000001,31227.803000000007,89.75446388858926,1.0,3.725,2.725
4703,3855.8,34362.985,30507.185,88.77920529895759,1.0,3.8,2.8
4704,4391.201,38973.322,34582.121,88.73280291579968,1.0,3.225,2.225
4705,4449.917,33129.121999999996,28679.204999999994,86.56795975456276,1.0,3.375,2.375
4706,4677.317999999999,38482.936,33805.618,87.84573505514236,1.0,3.5,2.5
4707,3762.6440000000002,37461.734,33699.09,89.95603353544713,1.0,2.775,1.775
4708,2518.9370000000004,33546.135,31027.198,92.49112602688804,1.0,3.55,2.55
4709,4048.4600000000005,37510.08,33461.62,89.20700782296386,1.0,3.475,2.475
4710,4524.5830000000005,36916.565,32391.982000000004,87.74375947491323,1.0,3.3,2.3
4711,3538.6400000000003,32863.943,29325.303,89.23245454752646,1.0,3.35,2.35
4712,4539.535,35180.771,30641.236,87.09654487106039,1.0,3.825,2.825
4713,4464.706,38439.926999999996,33975.221,88.38523808851147,1.0,3.775,2.775
4714,2805.5570000000002,35827.098000000005,33021.541000000005,92.16917596842478,1.0,3.4,2.4
4715,3866.139,37327.076,33460.937,89.64253455052304,1.0,3.525,2.525
4716,2762.452,35621.103,32858.651000000005,92.24490044567122,1.0,3.4,2.4
4717,4120.453,38379.742,34259.289,89.26398984130742,1.0,3.35,2.35
4718,4945.156999999999,39190.384,34245.227,87.38170822720186,1.0,3.925,2.925
4719,2933.762,36898.518,33964.755999999994,92.04910614567228,1.0,3.35,2.35
4720,4206.860999999999,36336.401999999995,32129.540999999997,88.42246131028604,1.0,2.775,1.775
4721,3099.527,36551.657,33452.13,91.52014640540098,1.0,3.5,2.5
4722,4069.677,37636.494,33566.816999999995,89.18688600484413,1.0,4.075,3.075
4723,5068.092000000001,36342.675,31274.583000000002,86.05470841097966,1.0,2.925,1.9249999999999998
4724,4133.313,40209.69899999999,36076.38599999999,89.72060696102201,1.0,3.45,2.45
4725,2910.2290000000003,41243.611000000004,38333.382000000005,92.94380649647772,1.0,3.375,2.375
4726,3415.3330000000005,35845.145000000004,32429.812000000005,90.47197884120709,1.0,3.175,2.175
4727,4391.866000000001,36310.504,31918.638,87.90469556688059,1.0,3.55,2.55
4728,4393.081,37601.5,33208.419,88.31674002366927,1.0,3.425,2.425
4729,3767.6510000000003,40007.234,36239.583,90.58257564119529,1.0,3.225,2.225
4730,3587.967,37396.212,33808.245,90.40553358719863,1.0,3.25,2.25
4731,3323.851,34319.04,30995.189000000002,90.31484855054221,1.0,3.375,2.375
4732,3732.038,31783.506999999998,28051.468999999997,88.25794145372315,1.0,3.475,2.475
4733,3389.1450000000004,37617.74,34228.595,90.99056721642502,1.0,3.55,2.55
4734,3062.9480000000003,35185.172,32122.224,91.29477610625294,1.0,3.225,2.225
4735,4484.314,34604.138000000006,30119.824000000008,87.0411047372427,1.0,2.975,1.975
4736,4047.437,38240.912,34193.475,89.41595064469175,1.0,3.05,2.05
4737,3299.63,33206.418000000005,29906.788000000004,90.0632763220652,1.0,3.625,2.625
4738,4201.092000000001,34328.056,30126.963999999996,87.76192861023064,1.0,3.075,2.075
4739,4209.442,35221.973,31012.531,88.04881827602333,1.0,3.275,2.275
4740,5441.1,40607.022,35165.922,86.6005933653544,1.0,3.475,2.475
4741,3375.6200000000003,37490.455,34114.835,90.99605486249767,1.0,3.075,2.075
4742,3366.291,35137.532999999996,31771.241999999995,90.41967175100199,1.0,3.45,2.45
4743,3517.9570000000003,38574.356,35056.399,90.88006291018831,1.0,3.25,2.25
4744,3648.46,38599.547000000006,34951.08700000001,90.54792016082469,1.0,3.325,2.325
4745,4088.4740000000006,42438.866,38350.392,90.36620347018697,1.0,3.225,2.225
4746,4392.422,34016.831,29624.409,87.08750383008929,1.0,3.25,2.25
4747,3094.013,36775.863,33681.85,91.5868378126164,1.0,3.275,2.275
4748,5145.816000000001,36155.434,31009.618000000002,85.76751699343453,1.0,3.85,2.85
4749,4602.145,34248.41,29646.265000000003,86.56245647608166,1.0,3.425,2.425
4750,4361.029,35572.364,31211.335,87.74040150944143,1.0,2.9,1.9
4751,3061.1870000000004,36976.521,33915.334,91.72126820692516,1.0,3.025,2.025
4752,4393.1900000000005,33908.464,29515.273999999998,87.04397226603953,1.0,3.2,2.2
4753,3392.23,37582.746,34190.515999999996,90.97396981050825,1.0,3.275,2.275
4754,3484.0190000000002,37823.899000000005,34339.880000000005,90.78884226081504,1.0,3.1,2.1
4755,2863.7160000000003,35440.842000000004,32577.126000000004,91.91972922088026,1.0,3.3,2.3
4756,3824.033,38222.865,34398.831999999995,89.99543074544516,1.0,3.375,2.375
4757,3911.371,34259.084,30347.713000000003,88.58296678335009,1.0,3.05,2.05
4758,4756.598,37525.384000000005,32768.78600000001,87.32431891969448,1.0,3.75,2.75
4759,4494.544,37599.693,33105.149,88.04632793145412,1.0,3.325,2.325
4760,3418.5730000000003,34316.446,30897.873000000003,90.03809135712947,1.0,3.775,2.775
4761,3496.8430000000008,36813.371,33316.528,90.50116057016349,1.0,3.2,2.2
4762,3631.959,36811.728,33179.769,90.13369054557829,1.0,3.375,2.375
4763,2509.117,37927.093,35417.976,93.38436773944156,1.0,3.375,2.375
4764,3066.75,35561.689999999995,32494.939999999995,91.37625349076492,1.0,3.275,2.275
4765,3514.3100000000004,38173.583,34659.273,90.79386915291656,1.0,3.2,2.2
4766,3637.91,35162.01700000001,31524.107000000007,89.65386428201772,1.0,3.55,2.55
4767,4705.941000000001,38190.694,33484.753000000004,87.6777808751001,1.0,3.45,2.45
4768,3771.357,33618.801,29847.444,88.78200028608991,1.0,3.45,2.45
4769,5770.981,38148.556000000004,32377.575000000004,84.87234746185412,1.0,3.2,2.2
4770,5695.4439999999995,37104.906,31409.462000000003,84.65042870611235,1.0,3.7,2.7
4771,3107.635,33775.678,30668.042999999998,90.79919283929696,1.0,3.375,2.375
4772,2039.3980000000001,38372.598,36333.2,94.68527515390018,1.0,3.2,2.2
4773,4048.351,36194.829,32146.478,88.81511223606002,1.0,3.425,2.425
4774,4640.544,37224.111000000004,32583.567000000003,87.53349945684398,1.0,3.5,2.5
4775,2056.6890000000003,36577.55499999999,34520.865999999995,94.37718294730197,1.0,3.4,2.4
4776,4053.477,38519.737,34466.26,89.47688298079501,1.0,3.275,2.275
4777,3125.072,39688.785,36563.713,92.12605777677497,1.0,3.625,2.625
4778,4172.155000000001,35174.334,31002.179000000004,88.13863824685352,1.0,4.0,3.0
4779,2813.204,36869.09,34055.886,92.36974929405636,1.0,3.425,2.425
4780,3596.026,33532.011,29935.985,89.27584152349229,1.0,3.25,2.25
4781,4744.251,40195.575,35451.32399999999,88.19708139515356,1.0,3.6,2.6
4782,3958.031,38820.139,34862.108,89.80418127817626,1.0,2.9,1.9
4783,4107.526,32523.997,28416.470999999998,87.3707834864208,1.0,3.15,2.15
4784,4436.639,34391.706000000006,29955.067000000006,87.09968327828808,1.0,3.25,2.25
4785,4256.459000000001,36533.61,32277.150999999998,88.34919680808986,1.0,3.425,2.425
4786,4006.964,38170.053,34163.089,89.50233577092493,1.0,3.05,2.05
4787,4146.034,37848.219,33702.185,89.045629861738,1.0,3.65,2.65
4788,4287.912,39275.531,34987.619000000006,89.082484970095,1.0,3.05,2.05
4789,4806.496999999999,35832.435,31025.938,86.58618371874532,1.0,3.2,2.2
4790,4173.479,35124.115999999995,30950.636999999995,88.11791021302857,1.0,3.25,2.25
4791,4039.293,34113.588,30074.295000000002,88.1592842124962,1.0,3.725,2.725
4792,4916.4259999999995,34727.893000000004,29811.467000000004,85.84300521773665,1.0,3.025,2.025
4793,4039.0280000000002,38005.803,33966.775,89.3726018629313,1.0,3.85,2.85
4794,4881.375,39995.46000000001,35114.08500000001,87.79517725261817,1.0,3.625,2.625
4795,3022.139,34598.801,31576.662,91.2651915307701,1.0,3.75,2.75
4796,3177.235,37431.206,34253.971,91.51180167692165,1.0,3.1,2.1
4797,5441.2029999999995,39306.766,33865.563,86.15708298159151,1.0,3.475,2.475
4798,4040.908,33121.271,29080.363,87.79965901670863,1.0,3.725,2.725
4799,3665.626,34663.387,30997.761000000002,89.4250783975611,1.0,3.575,2.575
4800,4240.756,35632.713,31391.957000000002,88.09870020281643,1.0,2.775,1.775
4801,4668.201,37587.918999999994,32919.71799999999,87.58058140968113,1.0,3.0,2.0
4802,2376.34,37691.277,35314.937000000005,93.69525208710759,1.0,3.75,2.75
4803,2956.121,33132.094,30175.972999999998,91.07777190297722,1.0,2.775,1.775
4804,4256.101000000001,37891.228,33635.127,88.76758230163456,1.0,3.325,2.325
4805,3917.5200000000004,36370.46,32452.94,89.22884120794733,1.0,3.6,2.6
4806,5025.754999999999,39021.668000000005,33995.91300000001,87.12060437805991,1.0,3.075,2.075
4807,3416.861,37182.909,33766.048,90.8106678796971,1.0,3.725,2.725
4808,4026.469,36215.39,32188.921,88.88188419343268,1.0,3.75,2.75
4809,4127.932000000001,40607.022,36479.09,89.83443799449267,1.0,3.275,2.275
4810,5044.185,31985.265000000003,26941.08,84.22966012631129,1.0,3.175,2.175
4811,1905.321,37116.451,35211.130000000005,94.86664013216135,1.0,2.825,1.8250000000000002
4812,4202.701000000001,39295.156,35092.455,89.30478606574306,1.0,3.175,2.175
4813,3122.679,37331.706000000006,34209.027,91.63531663942707,1.0,3.7,2.7
4814,3281.951,33873.306,30591.354999999996,90.3110992472952,1.0,3.625,2.625
4815,3502.115,37273.393,33771.278,90.60424952458716,1.0,3.725,2.725
4816,3144.971,36851.979,33707.008,91.46593728385659,1.0,4.1,3.0999999999999996
4817,4365.371,32100.069,27734.698,86.4007426276872,1.0,3.65,2.65
4818,5134.813,37085.051999999996,31950.238999999994,86.15395496816345,1.0,3.125,2.125
4819,2555.014,36051.304,33496.28999999999,92.91283888094588,1.0,3.0,2.0
4820,3096.032,35558.24,32462.208,91.29306737341331,1.0,3.525,2.525
4821,3500.748,37593.42,34092.672,90.68787037731603,1.0,3.35,2.35
4822,3429.414,37195.39,33765.976,90.780002575588,1.0,3.25,2.25
4823,4308.082,35639.857,31331.775,87.91217933337947,1.0,3.15,2.15
4824,3950.6250000000005,33448.441999999995,29497.816999999995,88.18891175858056,1.0,3.375,2.375
4825,3538.138,36152.691000000006,32614.553000000007,90.21334815712613,1.0,3.325,2.325
4826,3915.919,36825.852000000006,32909.933000000005,89.36638587479251,1.0,3.8,2.8
4827,4647.021,42838.70300000001,38191.68200000001,89.15228362539361,1.0,3.45,2.45
4828,2900.8999999999996,38908.736,36007.835999999996,92.5443478811545,1.0,3.5,2.5
4829,2628.7250000000004,37782.697,35153.972,93.04251626081643,1.0,3.675,2.675
4830,3543.188,32728.578000000005,29185.390000000007,89.17402399823176,1.0,3.25,2.25
4831,3936.192,38198.774000000005,34262.582,89.6955017456843,1.0,3.675,2.675
4832,2796.74,34355.841,31559.101000000002,91.8594919565497,1.0,3.275,2.275
4833,3221.1670000000004,37962.794,34741.627,91.51493696696824,1.0,3.1,2.1
4834,4481.6900000000005,32231.754999999997,27750.064999999995,86.09542049447818,1.0,3.35,2.35
4835,2864.5200000000004,37381.924,34517.403999999995,92.3371520417194,1.0,3.175,2.175
4836,3628.1499999999996,34393.513000000006,30765.363000000005,89.45106305366363,1.0,3.825,2.825
4837,3704.4249999999997,34308.365999999995,30603.940999999995,89.20256068155504,1.0,3.475,2.475
4838,3283.867,35602.185,32318.318,90.77622061679642,1.0,3.35,2.35
4839,2678.565,37533.464,34854.899,92.86352839695265,1.0,3.0,2.0
4840,3711.5769999999998,35317.793999999994,31606.216999999993,89.4909149761732,1.0,3.3,2.3
4841,4768.751,38090.243,33321.492,87.48038703769886,1.0,3.65,2.65
4842,3992.379,36516.663,32524.284,89.06696649691128,1.0,3.275,2.275
4843,3894.702,35379.786,31485.084,88.99173104099611,1.0,3.05,2.05
4844,3894.1459999999997,33551.472,29657.326,88.39351668385817,1.0,3.375,2.375
4845,3765.626,34573.61,30807.984,89.10838064060998,1.0,3.65,2.65
4846,4193.0869999999995,37570.265,33377.178,88.83934675467421,1.0,3.15,2.15
4847,3567.803,38380.678,34812.875,90.70416890498912,1.0,3.625,2.625
4848,3011.795,39088.29,36076.495,92.294891897292,1.0,2.925,1.9249999999999998
4849,4347.643,35698.941999999995,31351.298999999995,87.82136736713375,1.0,3.775,2.775
4850,3013.7599999999998,40589.91099999999,37576.15099999999,92.5751007436306,1.0,3.3,2.3
4851,2860.6310000000003,36680.748999999996,33820.117999999995,92.20127429786126,1.0,3.875,2.875
4852,5656.089,34519.861999999994,28863.772999999994,83.6149721571888,1.0,3.0,2.0
4853,4013.6450000000004,36195.536,32181.891,88.91121546038163,1.0,3.5,2.5
4854,3695.367,32801.951,29106.584000000003,88.734307297758,1.0,2.95,1.9500000000000002
4855,4883.546,32691.777,27808.231,85.06185209815912,1.0,3.25,2.25
4856,4175.650000000001,35906.908,31731.258,88.37090066346008,1.0,3.625,2.625
4857,3142.347,33563.246,30420.898999999998,90.63753547556158,1.0,2.95,1.9500000000000002
4858,3649.016,37836.380000000005,34187.364,90.3558004227677,1.0,3.95,2.95
4859,3053.1820000000002,36765.189000000006,33712.007000000005,91.69545408837692,1.0,3.6,2.6
4860,4206.511,35838.708,31632.197,88.26266002669516,1.0,3.35,2.35
4861,4045.171,35656.804000000004,31611.633000000005,88.65526198029414,1.0,3.1,2.1
4862,2594.165,33933.490999999995,31339.325999999994,92.3551484873749,1.0,3.225,2.225
4863,3416.3480000000004,36536.353,33120.005000000005,90.64945535204349,1.0,3.375,2.375
4864,3521.862,34973.447,31451.585,89.92989738758092,1.0,3.45,2.45
4865,4023.289,37674.166,33650.877,89.32082796471195,1.0,3.825,2.825
4866,3623.99,36251.255,32627.265,90.00313230535055,1.0,2.9,1.9
4867,4929.703,34156.826,29227.123,85.56744411790487,1.0,3.15,2.15
4868,2412.569,34313.703,31901.134000000002,92.9690800203056,1.0,3.775,2.775
4869,2846.55,35942.773,33096.223,92.08032724687101,1.0,3.8,2.8
4870,3099.576,34228.556000000004,31128.980000000003,90.94447338064742,1.0,3.65,2.65
4871,3132.499,36365.12300000001,33232.62400000001,91.38597991267623,1.0,2.975,1.975
4872,3241.579,37999.759,34758.18,91.46947484587994,1.0,3.525,2.525
4873,4488.927000000001,36572.21799999999,32083.290999999994,87.72585518329788,1.0,4.425,3.425
4874,3266.956,34604.138,31337.182,90.55905972863708,1.0,4.0,3.0
4875,4457.014999999999,39342.86,34885.845,88.67134976969137,1.0,2.95,1.9500000000000002
4876,4044.3,35295.346,31251.046,88.54154879229687,1.0,2.85,1.85
4877,3310.617,39247.039000000004,35936.422000000006,91.56467064942147,1.0,3.375,2.375
4878,4442.517000000001,34429.378,29986.860999999997,87.09672594143292,1.0,2.775,1.775
4879,3367.469,37658.942,34291.473000000005,91.0579829884759,1.0,3.2,2.2
4880,3625.357,39435.151,35809.793999999994,90.806788086091,1.0,2.95,1.9500000000000002
4881,4485.638,35700.748999999996,31215.110999999997,87.43545128422936,1.0,3.1,2.1
4882,3552.058,37801.451,34249.393000000004,90.60338186489192,1.0,3.475,2.475
4883,3531.1259999999997,38682.887,35151.761000000006,90.87160686843255,1.0,3.825,2.825
4884,3572.8199999999997,35464.933000000005,31892.113000000005,89.92576695407828,1.0,3.675,2.675
4885,4386.478999999999,40806.744,36420.265,89.2506027925188,1.0,3.3,2.3
4886,3808.682,35490.123999999996,31681.441999999995,89.26833279027146,1.0,3.125,2.125
4887,2947.245,33890.482,30943.237000000005,91.30362029079433,1.0,3.4,2.4
4888,3259.054,33111.304000000004,29852.250000000004,90.15727680190427,1.0,3.225,2.225
4889,4501.751,33090.743,28588.992000000002,86.39573913465769,1.0,3.35,2.35
4890,4842.921,42520.48300000001,37677.562000000005,88.61038102506973,1.0,3.3,2.3
4891,2861.7870000000003,36117.532999999996,33255.746,92.07646048250307,1.0,2.975,1.975
4892,2896.697,35320.537,32423.839999999997,91.79883080486574,1.0,4.0,3.0
4893,3018.785,36387.570999999996,33368.78599999999,91.70380182837705,1.0,3.775,2.775
4894,3167.621,35119.715,31952.093999999997,90.9805048247117,1.0,3.525,2.525
4895,2599.232,37411.515999999996,34812.284,93.05232110882649,1.0,3.625,2.625
4896,3724.5460000000003,34520.798,30796.252,89.21071870934153,1.0,3.225,2.225
4897,3647.8010000000004,39548.855,35901.054000000004,90.77646874985382,1.0,3.35,2.35
4898,4041.9610000000002,40250.194,36208.233,89.95790927119506,1.0,3.4,2.4
4899,3264.156,37164.862,33900.706,91.21709102538844,1.0,3.0,2.0
4900,4360.655000000001,39530.101,35169.446,88.96877344178807,1.0,4.1,3.0999999999999996
4901,5235.1630000000005,37122.724,31887.561,85.89768627970297,1.0,3.775,2.775
4902,2219.505,35736.614,33517.109000000004,93.78926889939827,1.0,3.3,2.3
4903,3094.116,35532.262,32438.146,91.29209392861057,1.0,3.55,2.55
4904,3303.239,36365.123,33061.884,90.91646410765611,1.0,3.0,2.0
4905,3639.687,36912.099,33272.412000000004,90.13958268805034,1.0,3.475,2.475
4906,3836.192,36927.239,33091.047,89.61148435711644,1.0,2.975,1.975
4907,4487.143999999999,35278.399000000005,30791.255000000005,87.28076067170736,1.0,3.45,2.45
4908,3160.1719999999996,37878.518,34718.346,91.65708647840974,1.0,3.35,2.35
4909,4179.307,34732.523,30553.216,87.9671655295528,1.0,3.6,2.6
4910,3910.918,39634.166,35723.248,90.13245794045471,1.0,3.325,2.325
4911,4706.606,35201.412,30494.805999999997,86.62949656678545,1.0,3.425,2.425
4912,3435.183,35889.09,32453.906999999996,90.42833629941578,1.0,2.925,1.9249999999999998
4913,3765.626,34907.054,31141.427999999996,89.21242107684023,1.0,3.425,2.425
4914,4639.535,40467.963,35828.428,88.53528901368225,1.0,4.05,3.05
4915,2390.174,39341.924,36951.75,93.92461334631219,1.0,3.325,2.325
4916,3989.744,34252.647000000004,30262.903000000006,88.35201261963785,1.0,3.475,2.475
4917,4169.984,32983.312000000005,28813.328000000005,87.357291469092,1.0,3.475,2.475
4918,3951.852,37697.55,33745.698000000004,89.51695269321216,1.0,3.35,2.35
4919,3946.881,37836.380000000005,33889.499,89.56855544848635,1.0,3.325,2.325
4920,4576.206,37316.631,32740.425000000003,87.73681900705346,1.0,3.25,2.25
4921,4416.884999999999,36970.477,32553.592,88.05294018792347,1.0,3.35,2.35
4922,5095.3550000000005,35814.617,30719.262,85.77297364369414,1.0,2.975,1.975
4923,4489.98,40715.553,36225.573000000004,88.97232219835011,1.0,3.325,2.325
4924,4834.154,35881.009999999995,31046.855999999992,86.52726330724803,1.0,3.275,2.275
4925,6941.118,33486.179000000004,26545.061,79.27169295726453,1.0,3.425,2.425
4926,3278.4560000000006,35765.335,32486.878999999997,90.83342571794728,1.0,3.65,2.65
4927,4335.09,35748.388,31413.298,87.87332732317888,1.0,3.7,2.7
4928,3387.1560000000004,38847.844,35460.687999999995,91.28096787044346,1.0,3.375,2.375
4929,4594.302,36491.701,31897.399,87.41000864826772,1.0,3.75,2.75
4930,4105.808,38798.562000000005,34692.75400000001,89.41762841622842,1.0,3.475,2.475
4931,3080.4449999999997,37847.283,34766.838,91.8608556392278,1.0,3.0,2.0
4932,4462.535,36171.445,31708.91,87.66282353386768,1.0,3.625,2.625
4933,5359.59,36132.05,30772.460000000003,85.16665951696623,1.0,3.375,2.375
4934,2145.438,37212.501,35067.062999999995,94.23463099134347,1.0,3.35,2.35
4935,3800.536,33824.96,30024.424,88.76410792503523,1.0,3.5,2.5
4936,3466.188,35035.439,31569.250999999997,90.10662318231549,1.0,3.05,2.05
4937,3334.589,36548.834,33214.245,90.87634642462193,1.0,2.95,1.9500000000000002
4938,4165.620000000001,38411.206000000006,34245.586,89.15519601233035,1.0,3.375,2.375
4939,3633.422,38647.022,35013.6,90.5984424880137,1.0,3.45,2.45
4940,2658.957,37540.608,34881.651,92.91711791135614,1.0,3.375,2.375
4941,4258.375,42101.663,37843.288,89.88549454685436,1.0,3.7,2.7
4942,4154.579,37647.331999999995,33492.753,88.96447960774485,1.0,3.0,2.0
4943,2802.515,35384.416,32581.900999999998,92.07980428446241,1.0,4.05,3.05
4944,3185.3430000000003,38459.551999999996,35274.208999999995,91.7176804347591,1.0,3.775,2.775
4945,4750.267,38264.066999999995,33513.799999999996,87.58556689752817,1.0,2.9,1.9
4946,2924.294,35839.579,32915.284999999996,91.84060169903223,1.0,3.8,2.8
4947,2832.915,36875.363,34042.448,92.31759427019064,1.0,3.3,2.3
4948,3311.027,34278.774000000005,30967.747000000003,90.34088266984111,1.0,2.95,1.9500000000000002
4949,4003.469,38442.67,34439.201,89.58587163690764,1.0,3.375,2.375
4950,2434.288,34120.960999999996,31686.672999999995,92.86571090421515,1.0,3.825,2.825
4951,4359.04,35463.126000000004,31104.086000000003,87.70824658830132,1.0,3.175,2.175
4952,4340.653,31207.81,26867.157,86.09113231591706,1.0,3.725,2.725
4953,3875.3650000000002,36255.656,32380.291,89.31100570901268,1.0,3.075,2.075
4954,2522.788,37182.909,34660.121,93.21519464762696,1.0,3.7,2.7
4955,3966.8469999999998,36721.951,32755.104,89.19761371066586,1.0,3.275,2.275
4956,5145.648,35831.728,30686.08,85.63940873853474,1.0,3.275,2.275
4957,3492.7859999999996,37611.467000000004,34118.681000000004,90.71350766509586,1.0,2.925,1.9249999999999998
4958,4123.984,37484.018,33360.034,88.99802043633636,1.0,3.325,2.325
4959,5836.481,36140.917,30304.436,83.8507667085481,1.0,4.125,3.125
4960,3307.1220000000003,35016.685,31709.563,90.55558228884315,1.0,3.425,2.425
4961,4310.912,33671.613,29360.700999999997,87.1971918897975,1.0,3.075,2.075
4962,4527.31,38017.577,33490.267,88.09153460779471,1.0,3.7,2.7
4963,3837.31,35035.439,31198.128999999997,89.04734717324364,1.0,3.375,2.375
4964,2928.573,37151.445,34222.872,92.11720297824218,1.0,3.2,2.2
4965,4577.427000000001,36613.42,32035.993,87.49795293638233,1.0,3.5,2.5
4966,3774.247,34986.15700000001,31211.910000000007,89.21217040213935,1.0,3.225,2.225
4967,4251.035,39075.58,34824.545,89.12099321366438,1.0,3.075,2.075
4968,3108.959,34658.05,31549.091000000004,91.02961938135586,1.0,3.325,2.325
4969,4206.758,36709.47,32502.712,88.5404011553422,1.0,3.05,2.05
4970,4198.856,33147.169,28948.313000000002,87.33268593767389,1.0,3.4,2.4
4971,3861.4719999999998,36794.617,32933.145,89.5053344351974,1.0,3.625,2.625
4972,4433.869000000001,38743.943,34310.074,88.55596860649935,1.0,3.35,2.35
4973,4061.979,35150.243,31088.264000000003,88.4439518668477,1.0,3.75,2.75
4974,4189.139000000001,35054.193,30865.053999999996,88.04953518684626,1.0,3.45,2.45
4975,4417.799000000001,35374.449,30956.65,87.51132773827798,1.0,3.425,2.425
4976,3421.965,34410.46000000001,30988.495000000006,90.05545116223381,1.0,3.95,2.95
4977,3972.155,36395.651,32423.496,89.08618230238552,1.0,3.675,2.675
4978,4498.644,38375.341,33876.697,88.27725335391808,1.0,3.625,2.625
4979,4717.5869999999995,37423.126,32705.538999999997,87.39392588422463,1.0,3.425,2.425
4980,3457.3720000000003,37813.225,34355.852999999996,90.85671216882453,1.0,3.15,2.15
4981,3553.877,36322.985,32769.108,90.21590048284853,1.0,3.475,2.475
4982,4681.6900000000005,34538.616,29856.926,86.44505616553946,1.0,3.4,2.4
4983,4189.321,34575.416999999994,30386.095999999994,87.88352718927439,1.0,3.625,2.625
4984,3513.4090000000006,39046.859,35533.45,91.00207010248891,1.0,3.425,2.425
4985,3085.759,38126.108,35040.349,91.9064411190358,1.0,3.125,2.125
4986,4072.361,37371.25,33298.889,89.10295748737333,1.0,3.175,2.175
4987,3165.7349999999997,37218.774,34053.039,91.4942523362,1.0,3.575,2.575
4988,4729.915,37413.159,32683.244,87.35761660756847,1.0,3.85,2.85
4989,4331.983,37544.138,33212.155,88.46162615319601,1.0,3.35,2.35
4990,3444.868,39879.949,36435.081,91.36190470053009,1.0,3.025,2.025
4991,4229.305,36730.031,32500.726000000002,88.48543035534057,1.0,3.45,2.45
4992,4588.468000000001,33088.149000000005,28499.681000000004,86.13259387824928,1.0,3.5,2.5
4993,3872.923,38561.875,34688.952,89.95660091735684,1.0,3.925,2.925
4994,4535.375,37647.331999999995,33111.956999999995,87.95299757231136,1.0,3.55,2.55
4995,3253.4669999999996,38530.411,35276.944,91.55610616248035,1.0,3.4,2.4
4996,3121.474,33093.486000000004,29972.012000000002,90.56770870255252,1.0,3.25,2.25
4997,4803.317,35809.28,31005.963,86.58639045521161,1.0,3.65,2.65
4998,5150.261,33007.403000000006,27857.142000000007,84.39664883662614,1.0,3.4,2.4
4999,3167.0589999999997,36595.602,33428.543,91.34579340982012,1.0,2.925,1.9249999999999998
5000,5337.6050000000005,35433.305,30095.7,84.93619209385069,1.0,3.325,2.325
5001,4014.8660000000004,34549.519,30534.653,88.37938670000007,1.0,4.05,3.05
5002,5299.859,33133.752,27833.893,84.00465181244792,1.0,3.55,2.55
5003,3698.7590000000005,35595.912,31897.152999999995,89.60903431832284,1.0,3.225,2.225
5004,4339.19,38596.804,34257.613999999994,88.75764428578076,1.0,3.45,2.45
5005,3215.743,39397.479,36181.736,91.83769347272194,1.0,3.275,2.275
5006,3773.4850000000006,35886.347,32112.862,89.48490076184127,1.0,3.125,2.125
5007,3058.848,35881.946,32823.098000000005,91.4752449602371,1.0,3.3,2.3
5008,3857.6859999999997,36880.7,33023.013999999996,89.54009549710281,1.0,3.475,2.475
5009,2599.6850000000004,38404.933,35805.248,93.23085656730609,1.0,3.875,2.875
5010,4851.482,36244.111000000004,31392.629000000004,86.61442682371214,1.0,3.975,2.975
5011,3542.523,36062.914,32520.390999999996,90.17682542237158,1.0,3.425,2.425
5012,3193.3050000000003,36492.407999999996,33299.102999999996,91.24939905308523,1.0,3.875,2.875
5013,3636.4040000000005,35398.54,31762.136,89.72724863793817,1.0,3.25,2.25
5014,3354.1259999999997,36388.507,33034.381,90.78245776887742,1.0,3.525,2.525
5015,2310.9809999999998,34477.789,32166.807999999997,93.29718909759556,1.0,3.9,2.9
5016,3629.9700000000003,38100.917,34470.947,90.47274898921724,1.0,3.15,2.15
5017,4437.304,38012.24,33574.936,88.32664425984895,1.0,2.925,1.9249999999999998
5018,3138.29,35432.598,32294.307999999997,91.14293002167099,1.0,2.9,1.9
5019,4363.902,39861.902,35498.0,89.05244912799193,1.0,3.2,2.2
5020,3777.639,36039.759,32262.12,89.5181346800904,1.0,3.175,2.175
5021,5123.766,36279.976,31156.210000000003,85.87715162766371,1.0,2.975,1.975
5022,2936.307,36631.467000000004,33695.16,91.98419489997494,1.0,3.275,2.275
5023,4395.9169999999995,35507.070999999996,31111.153999999995,87.61960117746688,1.0,3.525,2.525
5024,3179.406,34422.234,31242.827999999998,90.76351058446701,1.0,3.15,2.15
5025,3721.862,34285.210999999996,30563.348999999995,89.14440981564908,1.0,3.35,2.35
5026,2746.344,34342.424,31596.079999999998,92.00305720993953,1.0,2.725,1.725
5027,3287.617,35905.101,32617.484000000004,90.84359350500087,1.0,3.5,2.5
5028,4333.356,36475.461,32142.105000000003,88.11980470925371,1.0,4.1,3.0999999999999996
5029,3262.8559999999998,38985.803,35722.947,91.6306559082546,1.0,3.475,2.475
5030,4583.093,39528.458000000006,34945.365000000005,88.40558617287829,1.0,3.575,2.575
5031,2890.724,29757.114,26866.39,90.28560363750329,1.0,3.775,2.775
5032,4342.745,37835.67300000001,33492.92800000001,88.52208866484283,1.0,3.525,2.525
5033,2884.019,32649.475,29765.456,91.16672167010343,1.0,3.125,2.125
5034,5085.486,33986.303,28900.817,85.03666020984983,1.0,2.825,1.8250000000000002
5035,3469.398,35869.236000000004,32399.838000000003,90.32765013450523,1.0,3.2,2.2
5036,4638.628000000001,38162.909,33524.281,87.84519282846075,1.0,3.8,2.8
5037,3005.41,32714.225,29708.815,90.81314015539111,1.0,3.2,2.2
5038,3696.9460000000004,35208.556000000004,31511.610000000004,89.49986474878436,1.0,3.3,2.3
5039,3983.37,36765.89599999999,32782.52599999999,89.16558432303675,1.0,3.15,2.15
5040,3884.629,34792.479,30907.85,88.83485997074253,1.0,3.65,2.65
5041,5012.9310000000005,37328.176,32315.245,86.57065108137081,1.0,3.775,2.775
5042,4182.808000000001,36148.996999999996,31966.188999999995,88.42897909449603,1.0,3.4,2.4
5043,3310.677,35517.909,32207.232,90.67885161820759,1.0,3.7,2.7
5044,4282.143,34668.724,30386.581000000002,87.6483974431825,1.0,3.175,2.175
5045,4141.464,31080.525,26939.061,86.67505133841851,1.0,3.075,2.075
5046,3677.791,38895.318999999996,35217.528,90.54438658801077,1.0,3.475,2.475
5047,4411.613,35633.42,31221.806999999997,87.6194510658814,1.0,3.1,2.1
5048,3314.522,41606.71200000001,38292.19000000001,92.03368437284831,1.0,3.45,2.45
5049,3267.803,35796.57,32528.767,90.8711840268495,1.0,3.225,2.225
5050,4930.265,38175.39,33245.125,87.08522689617578,1.0,3.375,2.375
5051,2733.121,36408.132,33675.011,92.49310291448076,1.0,3.75,2.75
5052,4565.365,35203.926,30638.561,87.03165948025229,1.0,3.475,2.475
5053,4065.9329999999995,35246.064,31180.130999999998,88.46415020979363,1.0,3.325,2.325
5054,3477.2350000000006,36086.298,32609.063000000002,90.36411271668821,1.0,3.425,2.425
5055,3681.1830000000004,37969.937999999995,34288.755,90.30500655544922,1.0,3.6,2.6
5056,3836.857,42065.797999999995,38228.94099999999,90.87891545525892,1.0,3.125,2.125
5057,3966.079,35022.958,31056.878999999997,88.67577375960077,1.0,3.225,2.225
5058,4684.585,36237.837999999996,31553.252999999997,87.07266973267004,1.0,3.375,2.375
5059,3051.858,39953.322,36901.464,92.36144118378942,1.0,3.675,2.675
5060,3264.6820000000002,36237.838,32973.156,90.99095812504045,1.0,3.075,2.075
5061,3664.573,37284.066999999995,33619.494,90.1712090582822,1.0,3.675,2.675
5062,4043.0789999999997,38665.94,34622.861000000004,89.54356469802622,1.0,3.375,2.375
5063,3908.191,36288.056,32379.864999999998,89.23008992270074,1.0,3.625,2.625
5064,3456.525,36202.909,32746.384,90.45235563805107,1.0,3.775,2.775
5065,3881.031,35057.723,31176.692,88.92959762389589,1.0,3.1,2.1
5066,3704.799,38083.97,34379.171,90.2720252116573,1.0,3.15,2.15
5067,4293.643,39571.467000000004,35277.82400000001,89.14964916514215,1.0,3.4,2.4
5068,4688.11,37122.724,32434.614,87.37132005722424,1.0,3.6,2.6
5069,4568.6539999999995,36032.386,31463.732,87.32070088281138,1.0,3.325,2.325
5070,3813.089,35614.666,31801.576999999997,89.293486565338,1.0,3.95,2.95
5071,4382.851,37407.822,33024.971,88.28359747862358,1.0,3.525,2.525
5072,2979.121,35640.793000000005,32661.672000000006,91.64126061953785,1.0,4.2,3.2
5073,3647.904,34031.348,30383.444,89.28075373329321,1.0,3.575,2.575
5074,3652.8669999999997,37545.07399999999,33892.206999999995,90.27071567364602,1.0,3.4,2.4
5075,3964.1500000000005,38077.532999999996,34113.382999999994,89.58926777110271,1.0,3.125,2.125
5076,3125.677,35375.156,32249.479000000003,91.16420292252563,1.0,3.275,2.275
5077,3439.196,35289.301999999996,31850.105999999996,90.25428159502843,1.0,3.625,2.625
5078,3992.157,34054.503,30062.345999999998,88.27715383190294,1.0,3.5,2.5
5079,4569.27,35203.219000000005,30633.949000000004,87.02030629642135,1.0,3.375,2.375
5080,4573.164,36353.349,31780.185,87.4202401544903,1.0,3.325,2.325
5081,3378.763,38954.568,35575.805,91.32640105263137,1.0,3.2,2.2
5082,4102.701,37467.071,33364.37,89.04984859905382,1.0,3.325,2.325
5083,4285.535,36764.089,32478.554,88.34314920736918,1.0,3.425,2.425
5084,4178.195,33571.326,29393.131,87.55427474029473,1.0,3.325,2.325
5085,2939.802,29885.499,26945.697,90.16311556316995,1.0,3.4,2.4
5086,3272.79,36595.602,33322.812,91.0568761787277,1.0,3.375,2.375
5087,2777.2839999999997,37516.352999999996,34739.068999999996,92.59713757358024,1.0,3.125,2.125
5088,3576.6730000000002,40523.682,36947.009,91.1738696399799,1.0,3.225,2.225
5089,3735.5270000000005,34622.185000000005,30886.658000000003,89.21059719367797,1.0,3.9,2.9
5090,4101.589,39010.287000000004,34908.698000000004,89.48587842996388,1.0,3.5,2.5
5091,2667.724,34551.162,31883.437999999995,92.27891669750498,1.0,3.775,2.775
5092,2085.5609999999997,39929.231,37843.67,94.77685658408998,1.0,3.15,2.15
5093,3922.418,35463.833,31541.414999999997,88.93966706870067,1.0,3.5,2.5
5094,3075.0640000000003,38615.558000000005,35540.494000000006,92.0367226080224,1.0,3.575,2.575
5095,4346.3189999999995,34753.871,30407.552,87.49400030862749,1.0,3.225,2.225
5096,3961.423,39939.905,35978.481999999996,90.0815412555438,1.0,3.025,2.025
5097,2964.023,39651.113000000005,36687.090000000004,92.52474199147953,1.0,3.225,2.225
5098,4084.4230000000002,36728.224,32643.801000000003,88.8793343233803,1.0,3.225,2.225
5099,3908.8559999999998,38579.693,34670.837,89.86809977985051,1.0,3.05,2.05
5100,3709.2439999999997,40347.115000000005,36637.87100000001,90.80666858088863,1.0,3.575,2.575
5101,3297.128,36409.068,33111.94,90.94421202981631,1.0,3.25,2.25
5102,4475.088,37746.603,33271.515,88.14439540426989,1.0,3.925,2.925
5103,3778.244,33571.326,29793.082000000002,88.7456217844955,1.0,3.45,2.45
5104,4172.923,35065.967,30893.043999999998,88.09979202912042,1.0,3.45,2.45
5105,3192.743,37322.675,34129.932,91.44556760735932,1.0,3.8,2.8
5106,3171.569,38363.731,35192.162,91.73289740771041,1.0,3.125,2.125
5107,3649.258,36736.304000000004,33087.046,90.06634418094973,1.0,3.5,2.5
5108,2592.442,33592.674,31000.232,92.28271616603074,1.0,3.725,2.725
5109,3285.2999999999997,36608.083,33322.782999999996,91.0257524274079,1.0,3.85,2.85
5110,4979.036,35275.656,30296.620000000003,85.8853482412914,1.0,3.2,2.2
5111,3878.9030000000002,36849.236000000004,32970.333000000006,89.47358637231991,1.0,3.325,2.325
5112,2379.127,37632.964,35253.837,93.67807701779748,1.0,2.95,1.9500000000000002
5113,3119.952,37412.452000000005,34292.50000000001,91.66065886299033,1.0,3.625,2.625
5114,4431.698,37453.654,33021.956000000006,88.16751497731036,1.0,3.25,2.25
5115,4424.437,36687.022,32262.585,87.94004866353012,1.0,3.6,2.6
5116,3352.9700000000003,39452.262,36099.292,91.50119706697679,1.0,3.325,2.325
5117,4019.685,37127.354,33107.669,89.17325215257732,1.0,3.325,2.325
5118,3559.3009999999995,35185.172,31625.871,89.88408810393197,1.0,3.25,2.25
5119,4081.6899999999996,35628.083,31546.393,88.54361600089457,1.0,3.6,2.6
5120,4294.696,36044.16,31749.464000000004,88.08490473907563,1.0,3.475,2.475
5121,4447.692,37273.393,32825.700999999994,88.06738093309615,1.0,3.7,2.7
5122,3585.747,38597.740000000005,35011.993,90.70995607514844,1.0,3.35,2.35
5123,4042.517,35325.167,31282.65,88.55626924566273,1.0,3.25,2.25
5124,3921.468,34986.15700000001,31064.689000000006,88.79137254200282,1.0,3.7,2.7
5125,3958.739,37991.679000000004,34032.94,89.57998408019819,1.0,3.5,2.5
5126,3528.749,38333.203,34804.454,90.79453652751114,1.0,3.525,2.525
5127,2837.257,38222.865,35385.608,92.57706872574832,1.0,3.325,2.325
5128,3359.054,36616.163,33257.109,90.826308043254,1.0,3.125,2.125
5129,4194.799,34859.808000000005,30665.009000000005,87.96666063106258,1.0,3.225,2.225
5130,3604.848,35669.285,32064.437000000005,89.8936914490997,1.0,3.1,2.1
5131,4208.929,35534.856,31325.927,88.15549161082853,1.0,3.025,2.025
5132,2779.121,36669.138999999996,33890.018,92.4210901161328,1.0,3.325,2.325
5133,4071.308,37037.577,32966.269,89.0076286577818,1.0,3.075,2.075
5134,4016.8910000000005,36201.973,32185.082,88.90422077271866,1.0,3.45,2.45
5135,4541.3550000000005,33962.212,29420.857,86.6282119668766,1.0,3.15,2.15
5136,3723.742,37860.7,34136.958,90.16462453150629,1.0,4.225,3.2249999999999996
5137,4194.702000000001,35337.648,31142.946,88.12965141313309,1.0,3.175,2.175
5138,3426.022,35759.99800000001,32333.976000000006,90.41940103016785,1.0,2.975,1.975
5139,4087.2529999999997,36643.077000000005,32555.824000000004,88.84577023921872,1.0,3.275,2.275
5140,3788.474,35941.902,32153.428,89.45945042084861,1.0,3.3,2.3
5141,4200.530000000001,39813.556,35613.026,89.44949805538596,1.0,2.925,1.9249999999999998
5142,3236.8630000000003,36427.115000000005,33190.25200000001,91.11413846526139,1.0,3.3,2.3
5143,3198.203,36232.501000000004,33034.298,91.1731100207518,1.0,3.525,2.525
5144,3491.9750000000004,38581.5,35089.525,90.94909477340177,1.0,3.3,2.3
5145,2047.669,33685.194,31637.525,93.92116013937755,1.0,3.425,2.425
5146,3420.3559999999998,37492.262,34071.906,90.87716820073433,1.0,3.425,2.425
5147,3870.7519999999995,36812.435,32941.683,89.4852052030788,1.0,3.275,2.275
5148,3846.742,38592.403,34745.661,90.03238538942496,1.0,3.15,2.15
5149,3978.0920000000006,33261.973,29283.880999999998,88.04012016966041,1.0,3.525,2.525
5150,3227.6310000000003,35524.182,32296.551,90.9142707353543,1.0,3.325,2.325
5151,4047.795,37104.676999999996,33056.882,89.09087660296842,1.0,3.05,2.05
5152,3776.871,35420.988,31644.117,89.33719465984404,1.0,3.05,2.05
5153,4495.9169999999995,38924.04,34428.123,88.44951089352492,1.0,3.35,2.35
5154,3824.692,35791.233,31966.541,89.3138858893182,1.0,3.25,2.25
5155,4085.741,36270.009,32184.267999999996,88.73520819914877,1.0,3.75,2.75
5156,3324.6980000000003,40666.978,37342.28,91.82457570365813,1.0,3.9,2.9
5157,2973.1409999999996,33413.513,30440.372,91.10198020782789,1.0,4.425,3.425
5158,3772.513,34676.804000000004,30904.291000000005,89.1209322520034,1.0,3.275,2.275
5159,3791.2070000000003,32143.078,28351.871,88.20521482105727,1.0,3.725,2.725
5160,2974.405,40099.524999999994,37125.119999999995,92.58244330824368,1.0,3.625,2.625
5161,4340.902,40255.531,35914.629,89.21663211944714,1.0,3.125,2.125
5162,4534.468,35736.384999999995,31201.916999999994,87.31134108836133,1.0,2.975,1.975
5163,3637.807,32564.492,28926.684999999998,88.82891524916157,1.0,3.475,2.475
5164,3736.808,33999.013,30262.204999999998,89.00906917503751,1.0,3.375,2.375
5165,2837.7340000000004,39898.703,37060.969,92.88765351595514,1.0,2.85,1.85
5166,4401.4800000000005,34671.467000000004,30269.987000000005,87.30518094316575,1.0,3.25,2.25
5167,2737.221,38877.501000000004,36140.280000000006,92.95936999654376,1.0,3.2,2.2
5168,3378.5160000000005,41926.739,38548.223,91.94185839256423,1.0,3.55,2.55
5169,1923.0,39046.859,37123.859,95.07514804199744,1.0,3.175,2.175
5170,3886.756,37630.221000000005,33743.465000000004,89.67118476396936,1.0,3.4,2.4
5171,4089.2419999999997,37103.97,33014.728,88.97896370657912,1.0,3.325,2.325
5172,2438.901,40283.465,37844.564,93.94565239112376,1.0,3.35,2.35
5173,3140.5640000000003,35411.021,32270.457000000002,91.1311114130259,1.0,3.075,2.075
5174,3994.702,37214.144,33219.442,89.26563513055682,1.0,3.125,2.125
5175,3009.0080000000003,33889.546,30880.538,91.1211321627029,1.0,3.15,2.15
5176,2962.9049999999997,36415.341,33452.436,91.8635802421842,1.0,3.8,2.8
5177,3525.6280000000006,37637.365,34111.736999999994,90.63263860262268,1.0,3.3,2.3
5178,4042.129,36151.591,32109.462,88.81894575538874,1.0,3.225,2.225
5179,4443.737999999999,36106.859,31663.121,87.69281481947793,1.0,2.925,1.9249999999999998
5180,3144.971,34616.619,31471.647999999997,90.91485219859283,1.0,3.475,2.475
5181,4042.8239999999996,34198.028,30155.203999999998,88.17819553805852,1.0,3.025,2.025
5182,2494.225,37428.463,34934.238000000005,93.33602077114415,1.0,3.125,2.125
5183,2342.893,38428.317,36085.424,93.90321205063442,1.0,3.2,2.2
5184,3233.5739999999996,36173.252,32939.678,91.06087005945719,1.0,3.175,2.175
5185,3311.6320000000005,37164.862,33853.23,91.08934670603648,1.0,3.725,2.725
5186,3584.4230000000002,36559.73700000001,32975.314000000006,90.1957090118017,1.0,3.45,2.45
5187,2930.7439999999997,33407.076,30476.332000000002,91.22717594320437,1.0,3.15,2.15
5188,4086.3459999999995,40800.7,36714.354,89.98461791096723,1.0,3.25,2.25
5189,4593.594,36383.877,31790.283,87.37464399409662,1.0,3.1,2.1
5190,4607.417,36142.724,31535.307,87.25215896842751,1.0,3.275,2.275
5191,2913.4530000000004,38423.687000000005,35510.234000000004,92.41756003269546,1.0,3.475,2.475
5192,3600.894,36013.632,32412.737999999998,90.00130283999125,1.0,2.975,1.975
5193,4906.044,38059.715,33153.670999999995,87.10961445717604,1.0,3.325,2.325
5194,3667.512,38423.687000000005,34756.175,90.45507527687282,1.0,3.375,2.375
5195,4233.459,36869.09,32635.630999999998,88.51759292133329,1.0,4.05,3.05
5196,3826.5779999999995,33721.766,29895.188000000002,88.65249821139261,1.0,3.475,2.475
5197,3991.2070000000003,33813.415,29822.208,88.19638004620354,1.0,3.325,2.325
5198,2438.4480000000003,38289.258,35850.81,93.63150886862314,1.0,3.4,2.4
5199,3509.8060000000005,38170.924,34661.118,90.80502740777247,1.0,3.65,2.65
5200,4255.086,37668.829,33413.742999999995,88.70395997709404,1.0,3.6,2.6
5201,3579.2969999999996,36759.623,33180.326,90.26296597220271,1.0,3.575,2.575
5202,4033.465,39646.876000000004,35613.41100000001,89.82652504575645,1.0,3.8,2.8
5203,4733.657,39282.675,34549.018000000004,87.94975902226618,1.0,3.45,2.45
5204,3656.568,37788.034,34131.466,90.32347647406056,1.0,3.55,2.55
5205,4588.262000000001,37818.562,33230.299999999996,87.86769840693573,1.0,3.35,2.35
5206,4502.701,38216.592000000004,33713.891,88.21794209174905,1.0,3.2,2.2
5207,2676.7880000000005,40298.54,37621.752,93.35760551126666,1.0,3.25,2.25
5208,2811.486,38030.058,35218.572,92.6072003361131,1.0,3.475,2.475
5209,2782.0600000000004,34943.148,32161.088,92.03832465237534,1.0,3.15,2.15
5210,4066.5920000000006,35974.237,31907.645,88.69582140129893,1.0,3.35,2.35
5211,4260.261,36215.39,31955.129,88.23632439137063,1.0,3.25,2.25
5212,3905.0840000000003,38889.046,34983.962,89.9583959966516,1.0,3.025,2.025
5213,3277.943,35545.679000000004,32267.736000000004,90.77822370477155,1.0,3.225,2.225
5214,3529.4139999999998,38434.59,34905.176,90.81708950193043,1.0,3.175,2.175
5215,2628.351,35390.46,32762.109,92.57327822243622,1.0,3.25,2.25
5216,4122.521,37423.126,33300.604999999996,88.98402821827337,1.0,3.2,2.2
5217,3780.681,36516.663,32735.982,89.646696358865,1.0,3.075,2.075
5218,4514.304,36122.163,31607.859,87.50267529660391,1.0,3.925,2.925
5219,2677.344,34785.33500000001,32107.991000000005,92.30323928172605,1.0,3.075,2.075
5220,3771.46,37648.039000000004,33876.579000000005,89.9823201946853,1.0,3.15,2.15
5221,3696.032,40335.341,36639.309,90.83674041580558,1.0,3.15,2.15
5222,2457.494,33939.763999999996,31482.269999999997,92.75924841433782,1.0,2.825,1.8250000000000002
5223,3877.579,32710.531000000003,28832.952,88.1457778841927,1.0,3.5,2.5
5224,4484.87,39621.685,35136.814999999995,88.68076912932905,1.0,3.95,2.95
5225,4842.305,37597.099,32754.794,87.12053554983059,1.0,3.4,2.4
5226,4168.762999999999,33909.4,29740.637000000002,87.70617291960342,1.0,3.75,2.75
5227,2062.772,34936.875,32874.103,94.09571691801285,1.0,3.75,2.75
5228,3141.973,36613.42,33471.447,91.41852085929149,1.0,3.475,2.475
5229,3856.6710000000003,36997.311,33140.64,89.57580727961553,1.0,3.9,2.9
5230,3470.093,39053.132,35583.039,91.11443097572814,1.0,3.45,2.45
5231,4124.54,37229.448000000004,33104.908,88.9212969260248,1.0,3.475,2.475
5232,4062.4320000000002,38514.399999999994,34451.96799999999,89.45217373242215,1.0,3.275,2.275
5233,4123.362,34144.116,30020.754,87.9236527898394,1.0,3.575,2.575
5234,4129.02,31621.292999999998,27492.272999999997,86.94227968476811,1.0,3.45,2.45
5235,3873.4790000000003,34502.751,30629.271999999997,88.77341983542124,1.0,3.2,2.2
5236,3101.9530000000004,36439.596,33337.643,91.48741111180266,1.0,4.175,3.175
5237,3399.285,33459.181000000004,30059.896000000004,89.8405014755143,1.0,2.975,1.975
5238,4212.695,38768.034,34555.339,89.13358619113882,1.0,3.45,2.45
5239,3746.325,36935.254,33188.929000000004,89.85704822823205,1.0,3.35,2.35
5240,4294.036999999999,36330.129,32036.092,88.1805071487635,1.0,3.95,2.95
5241,3049.277,32354.574,29305.297,90.57543764909406,1.0,3.575,2.575
5242,3370.904,39287.141,35916.237,91.4198286915304,1.0,3.475,2.475
5243,5428.65,34562.936,29134.286,84.29343502531151,1.0,3.4,2.4
5244,4355.363,36070.058,31714.694999999996,87.92526754462108,1.0,3.425,2.425
5245,3648.46,34403.479999999996,30755.019999999997,89.39508445075906,1.0,3.675,2.675
5246,3760.202,37721.80499999999,33961.602999999996,90.03175484312058,1.0,3.725,2.725
5247,3985.082,37521.69,33536.608,89.37925770401066,1.0,3.25,2.25
5248,3840.1459999999997,34084.16,30244.014000000003,88.73334123534217,1.0,3.25,2.25
5249,3913.0890000000004,36971.184,33058.095,89.41584072611795,1.0,3.225,2.225
5250,4690.807,33508.463,28817.656000000003,86.00112753604962,1.0,3.525,2.525
5251,2548.23,36572.218,34023.988,93.03233399735285,1.0,4.35,3.3499999999999996
5252,2976.473,36505.825,33529.352,91.84658064843076,1.0,3.35,2.35
5253,3025.4660000000003,34513.654,31488.188000000002,91.23400263559459,1.0,3.55,2.55
5254,3002.3630000000003,38094.644,35092.281,92.11867421572441,1.0,3.35,2.35
5255,3133.061,37050.058,33916.996999999996,91.54370824466726,1.0,3.15,2.15
5256,3277.1320000000005,40237.713,36960.581000000006,91.85557091676657,1.0,3.45,2.45
5257,3241.017,35100.731999999996,31859.714999999997,90.76652589467365,1.0,3.4,2.4
5258,4342.1230000000005,36802.697,32460.574,88.20161739776843,1.0,3.6,2.6
5259,4763.0419999999995,36317.648,31554.606,86.88504828286237,1.0,3.85,2.85
5260,3623.8510000000006,36240.581,32616.729999999996,90.00057145882953,1.0,3.55,2.55
5261,4139.125,38598.447,34459.322,89.27644679590347,1.0,3.55,2.55
5262,3719.897,36935.319,33215.422000000006,89.92861818791927,1.0,2.9,1.9
5263,2989.503,40693.104999999996,37703.602,92.65353921751608,1.0,2.975,1.975
5264,4029.3050000000003,37329.819,33300.514,89.20620268745478,1.0,3.2,2.2
5265,3208.3,36116.826,32908.526,91.11688275154633,1.0,3.4,2.4
5266,3799.2119999999995,32389.568,28590.356,88.2702603504931,1.0,3.8,2.8
5267,2410.067,37395.341,34985.274,93.55516774135044,1.0,3.05,2.05
5268,3333.5740000000005,39416.397,36082.823,91.54267194944276,1.0,3.1,2.1
5269,3330.364,34873.225,31542.860999999997,90.45008312251016,1.0,3.125,2.125
5270,5039.323,39953.322,34913.998999999996,87.38697372899303,1.0,3.35,2.35
5271,3718.4700000000003,36504.888999999996,32786.418999999994,89.81377535485726,1.0,3.8,2.8
5272,5589.054,37327.075999999994,31738.021999999994,85.02681002926668,1.0,3.475,2.475
5273,4624.328,37363.17,32738.841999999997,87.62329855844672,1.0,3.225,2.225
5274,3965.129,39682.741,35717.612,90.00792561179179,1.0,3.125,2.125
5275,5068.605,38949.231,33880.626000000004,86.98663652691886,1.0,3.425,2.425
5276,4771.484,38326.059,33554.575,87.55028791246184,1.0,3.075,2.075
5277,2975.626,38393.159,35417.532999999996,92.2495932152913,1.0,3.45,2.45
5278,3446.58,36753.41500000001,33306.83500000001,90.62242243339837,1.0,3.625,2.625
5279,4101.860000000001,35318.729999999996,31216.869999999995,88.38616224309311,1.0,3.125,2.125
5280,4401.092000000001,36837.626000000004,32436.534000000003,88.05272630760733,1.0,3.575,2.575
5281,2068.498,33159.879,31091.381,93.76204599540307,1.0,3.825,2.825
5282,4070.6920000000005,34301.221999999994,30230.529999999995,88.13251609519918,1.0,3.1,2.1
5283,3598.4680000000003,35417.294,31818.826,89.83979973173557,1.0,3.75,2.75
5284,3666.744,34991.494,31324.75,89.52104188520788,1.0,3.425,2.425
5285,4183.655000000001,38006.903,33823.248,88.99238119980468,1.0,3.175,2.175
5286,3689.291,38973.322,35284.031,90.53380412375421,1.0,3.45,2.45
5287,3459.96,33915.672999999995,30455.712999999996,89.79834485372,1.0,2.85,1.85
5288,4495.258,39893.366,35398.108,88.73181571091293,1.0,3.225,2.225
5289,4014.4129999999996,35475.607,31461.194000000003,88.68401885272887,1.0,3.575,2.575
5290,4006.8610000000003,37696.614,33689.753000000004,89.37076682802333,1.0,3.3,2.3
5291,4831.983,37200.727,32368.744,87.0110522302427,1.0,3.325,2.325
5292,3959.295,36426.179000000004,32466.884000000005,89.13063321848827,1.0,3.9,2.9
5293,5216.922,34212.316,28995.394,84.7513334087058,1.0,3.825,2.825
5294,4551.487999999999,39471.015999999996,34919.528,88.46878428465081,1.0,3.05,2.05
5295,5025.834000000001,35172.691000000006,30146.857000000004,85.71097673476277,1.0,3.1,2.1
5296,5443.374000000001,37119.981,31676.607,85.33573064059489,1.0,3.05,2.05
5297,4210.766,40958.513000000006,36747.747,89.71943634770139,1.0,3.825,2.825
5298,3290.059,37643.638,34353.579,91.25998661447122,1.0,3.125,2.125
5299,3844.965,36861.009999999995,33016.045,89.56901886302086,1.0,3.55,2.55
5300,3567.4090000000006,35741.951,32174.542,90.01898637262414,1.0,2.875,1.875
5301,4118.361000000001,36841.156,32722.795000000002,88.82130354432961,1.0,3.4,2.4
5302,2863.293,38785.145000000004,35921.852000000006,92.61755241600876,1.0,3.55,2.55
5303,4006.202,37291.44,33285.238000000005,89.25704665735623,1.0,3.55,2.55
5304,3040.358,36456.707,33416.349,91.66036032821067,1.0,3.425,2.425
5305,3551.603,34706.396,31154.793,89.76671907967628,1.0,3.475,2.475
5306,3616.2990000000004,36753.186,33136.887,90.16058362940291,1.0,2.975,1.975
5307,3443.0850000000005,39498.801,36055.716,91.28306451631278,1.0,3.0,2.0
5308,3677.2290000000003,35228.017,31550.788,89.56163499069505,1.0,3.35,2.35
5309,5342.817999999999,36201.973,30859.155,85.24163862560751,1.0,3.45,2.45
5310,3611.1299999999997,37117.387,33506.257000000005,90.27105544902717,1.0,3.625,2.625
5311,3446.1920000000005,34520.091,31073.899,90.01685134607554,1.0,3.2,2.2
5312,2833.726,36372.267,33538.541,92.20910261106353,1.0,3.55,2.55
5313,2524.112,40698.442,38174.33,93.79801320158644,1.0,3.5,2.5
5314,4379.972,34532.407999999996,30152.435999999994,87.31634353445608,1.0,3.05,2.05
5315,2826.839,34476.853,31650.014000000003,91.80076267401785,1.0,3.65,2.65
5316,4444.8859999999995,35736.614,31291.728000000003,87.56209527852863,1.0,4.15,3.1500000000000004
5317,3065.2219999999998,40956.706000000006,37891.484000000004,92.51594598452326,1.0,3.3,2.3
5318,4469.4220000000005,38230.009000000005,33760.58700000001,88.30912647705628,1.0,3.55,2.55
5319,4257.366,36746.042,32488.676,88.414082801081,1.0,3.4,2.4
5320,3750.734,37170.199,33419.465000000004,89.90929803738743,1.0,3.4,2.4
5321,4096.478999999999,36559.737,32463.258,88.79510812673516,1.0,3.775,2.775
5322,4279.701,39215.575000000004,34935.874,89.08673148360057,1.0,3.625,2.625
5323,4659.941000000001,34058.969,29399.028,86.3180209594718,1.0,3.075,2.075
5324,4757.360000000001,36861.01,32103.65,87.09378826027827,1.0,2.875,1.875
5325,3599.4239999999995,32346.559,28747.135000000002,88.87231250780029,1.0,3.175,2.175
5326,3378.456,33557.909,30179.453,89.9324597369878,1.0,3.225,2.225
5327,4864.445,38098.323000000004,33233.878000000004,87.23186582254553,1.0,3.475,2.475
5328,2482.6220000000003,32992.886,30510.264,92.4752808832789,1.0,3.5,2.5
5329,4655.933,35565.384,30909.450999999997,86.9088071704779,1.0,3.575,2.575
5330,3588.0699999999997,37132.691000000006,33544.62100000001,90.33716678384553,1.0,3.25,2.25
5331,4087.0469999999996,33716.658,29629.611000000004,87.87825590543405,1.0,3.225,2.225
5332,4746.875,36287.119999999995,31540.244999999995,86.91856780036554,1.0,3.55,2.55
5333,2496.952,36293.393,33796.441,93.12009213357373,1.0,3.65,2.65
5334,3189.436,36624.965,33435.528999999995,91.29163399883112,1.0,3.175,2.175
5335,3545.812,33951.538,30405.726000000002,89.5562551540375,1.0,3.025,2.025
5336,4373.376,36995.439,32622.063,88.17860763863351,1.0,3.1,2.1
5337,3692.0780000000004,36130.243,32438.165,89.7811979841929,1.0,3.675,2.675
5338,4062.1249999999995,39844.084,35781.959,89.80494820761848,1.0,3.5,2.5
5339,3399.117,34641.81,31242.693,90.18781928542417,1.0,3.0,2.0
5340,4015.737,35488.316999999995,31472.579999999994,88.68434082123422,1.0,3.55,2.55
5341,3933.918,38943.894,35009.976,89.89849859390024,1.0,3.475,2.475
5342,2422.745,36721.951,34299.206,93.40246110562043,1.0,3.35,2.35
5343,4190.089,35457.789000000004,31267.700000000004,88.18288134096574,1.0,3.2,2.2
5344,3785.6440000000002,35446.179,31660.534999999996,89.32002233583485,1.0,3.15,2.15
5345,3581.4540000000006,38889.982,35308.528000000006,90.79080571443824,1.0,3.225,2.225
5346,5043.586,34714.475999999995,29670.889999999996,85.471231079507,1.0,3.425,2.425
5347,2868.3289999999997,33013.676,30145.347,91.311694583784,1.0,3.725,2.725
5348,3968.624,36752.479,32783.854999999996,89.2017515335496,1.0,3.25,2.25
5349,3968.25,37932.42999999999,33964.17999999999,89.53863488313299,1.0,3.75,2.75
5350,3560.625,38435.297,34874.672,90.73605441373329,1.0,3.275,2.275
5351,3706.576,35984.204000000005,32277.628000000004,89.69943589692855,1.0,3.425,2.425
5352,4604.025000000001,33980.259000000005,29376.234000000004,86.45088314365114,1.0,3.4,2.4
5353,2812.4,37259.04000000001,34446.64000000001,92.45176472609063,1.0,3.6,2.6
5354,3167.7000000000003,41285.748999999996,38118.049,92.32737669358984,1.0,3.575,2.575
5355,4387.809,39113.087999999996,34725.278999999995,88.78173720264685,1.0,3.45,2.45
5356,5023.766,38170.053,33146.287,86.83846207915927,1.0,3.65,2.65
5357,3618.228,36698.796,33080.568,90.14074467184155,1.0,3.25,2.25
5358,3952.256,33479.035,29526.779000000002,88.19483297532321,1.0,3.975,2.975
5359,2796.952,35801.2,33004.248,92.18754678614125,1.0,3.85,2.85
5360,3932.038,36861.945999999996,32929.907999999996,89.33306993613414,1.0,3.425,2.425
5361,3318.185,37854.426999999996,34536.242,91.23435417474421,1.0,3.875,2.875
5362,3050.849,37319.932,34269.083,91.82514855600486,1.0,3.525,2.525
5363,5161.7609999999995,30307.620000000003,25145.859000000004,82.9687682503608,1.0,3.425,2.425
5364,2611.391,38356.587,35745.195999999996,93.19180562128741,1.0,3.55,2.55
5365,4677.318,35245.357,30568.039000000004,86.72926479365779,1.0,3.325,2.325
5366,3916.6870000000004,40588.975,36672.288,90.35036731033489,1.0,3.525,2.525
5367,5217.5380000000005,35974.237,30756.699,85.49645959134588,1.0,3.4,2.4
5368,4817.647,36194.829,31377.181999999997,86.68968155644554,1.0,3.175,2.175
5369,3710.8149999999996,35178.028000000006,31467.213000000007,89.45132740243427,1.0,3.475,2.475
5370,4144.856,34259.084,30114.228000000003,87.90143951309382,1.0,3.25,2.25
5371,4292.984,37224.111000000004,32931.12700000001,88.46719536163,1.0,3.7,2.7
5372,4529.044,35991.348000000005,31462.304000000004,87.41629793916026,1.0,3.5,2.5
5373,4183.649,36582.185000000005,32398.536000000004,88.56369842315324,1.0,3.525,2.525
5374,4898.747,38095.58,33196.833,87.1409045353818,1.0,3.2,2.2
5375,3224.142,34612.218,31388.076,90.684959860128,1.0,3.1,2.1
5376,3840.146,40728.97,36888.824,90.57146301514622,1.0,3.3,2.3
5377,3998.094,36735.368,32737.274,89.11649939099561,1.0,3.45,2.45
5378,2692.61,34969.046,32276.436,92.3000187079739,1.0,3.55,2.55
5379,3069.295,38610.221,35540.926,92.05056350234308,1.0,3.45,2.45
5380,2792.236,36105.216,33312.98,92.26639164823166,1.0,3.25,2.25
5381,4276.477000000001,40263.611000000004,35987.134000000005,89.37880410179802,1.0,3.375,2.375
5382,3337.522,34720.749,31383.227000000003,90.38752879438171,1.0,3.9,2.9
5383,3139.2830000000004,38732.169,35592.886,91.8948949128049,1.0,3.625,2.625
5384,4302.701,33739.812999999995,29437.111999999994,87.24740709143823,1.0,3.525,2.525
5385,3019.4260000000004,38120.771,35101.345,92.07931549967864,1.0,3.425,2.425
5386,3843.635,39972.076,36128.441,90.38419970981741,1.0,3.575,2.575
5387,4861.308,39771.418000000005,34910.11000000001,87.77688037172827,1.0,3.675,2.675
5388,3612.804,35867.59300000001,32254.789000000008,89.92738654082531,1.0,3.425,2.425
5389,2559.06,37453.654,34894.594000000005,93.16739562980958,1.0,3.425,2.425
5390,3209.2930000000006,40177.528,36968.235,92.01221887021023,1.0,2.8,1.7999999999999998
5391,4477.88,36106.152,31628.272,87.59801376784765,1.0,3.05,2.05
5392,4380.8189999999995,35095.624,30714.805000000004,87.51747796249471,1.0,3.125,2.125
5393,5418.656000000001,35108.104999999996,29689.448999999993,84.56579755586353,1.0,3.2,2.2
5394,3639.9580000000005,34670.531,31030.573000000004,89.50129145700134,1.0,3.375,2.375
5395,4251.743,33120.171,28868.428,87.1626779946275,1.0,3.125,2.125
5396,3511.583,35124.116,31612.533000000003,90.00235906292987,1.0,3.025,2.025
5397,3157.2390000000005,35659.547000000006,32502.308000000005,91.14616066210824,1.0,3.275,2.275
5398,2703.3860000000004,37847.283,35143.897000000004,92.85712002100654,1.0,3.3,2.3
5399,4522.822,33114.834,28592.012000000002,86.34200612329809,1.0,3.375,2.375
5400,3918.361,36244.111,32325.749999999996,89.18897196843922,1.0,3.725,2.725
5401,3713.463,37788.034,34074.570999999996,90.17291293852439,1.0,3.375,2.375
5402,3740.352,36825.145000000004,33084.793000000005,89.84294019751992,1.0,3.05,2.05
5403,4347.540000000001,36509.519,32161.979,88.09203703834059,1.0,3.525,2.525
5404,3489.351,37048.48,33559.129,90.58166218964988,1.0,2.925,1.9249999999999998
5405,3655.8060000000005,37078.778999999995,33422.973,90.14043585415799,1.0,3.375,2.375
5406,3757.686,32762.636,29004.949999999997,88.53057489024997,1.0,2.875,1.875
5407,3247.9529999999995,38198.545,34950.592,91.49718137169884,1.0,3.025,2.025
5408,5074.694,34894.573,29819.878999999997,85.45706806614312,1.0,3.025,2.025
5409,3796.135,33292.501000000004,29496.366,88.59762743567988,1.0,3.35,2.35
5410,4437.304,37502.936,33065.632,88.16811569099549,1.0,2.925,1.9249999999999998
5411,3531.6880000000006,41048.29,37516.602,91.3962603557907,1.0,3.45,2.45
5412,4604.6900000000005,35772.479,31167.788999999997,87.12784204863185,1.0,3.875,2.875
5413,4252.153,35809.28,31557.127,88.12555572186875,1.0,3.225,2.225
5414,3552.517,34048.295,30495.778,89.56624112896108,1.0,3.65,2.65
5415,4502.804,33834.926999999996,29332.122999999996,86.6918465643505,1.0,2.975,1.975
5416,2943.0550000000003,37423.833,34480.778,92.13588036265553,1.0,3.75,2.75
5417,4144.813,35154.644,31009.831,88.20977109027189,1.0,3.025,2.025
5418,4027.9320000000002,38150.19900000001,34122.26700000001,89.4419109058907,1.0,3.05,2.05
5419,2625.6180000000004,36956.831,34331.212999999996,92.89544604081448,1.0,3.4,2.4
5420,4089.798,32705.194,28615.396,87.49495875181171,1.0,2.875,1.875
5421,4897.423000000001,39441.424,34544.001,87.58304720438085,1.0,3.275,2.275
5422,4919.473,39029.041,34109.568,87.3953526042313,1.0,3.725,2.725
5423,3687.2590000000005,38708.078,35020.819,90.47418732596334,1.0,3.175,2.175
5424,3368.0249999999996,37499.406,34131.381,91.01845773237048,1.0,3.775,2.775
5425,5078.884,35353.659,30274.775,85.6340640724062,1.0,3.15,2.15
5426,3581.286,34919.763999999996,31338.477999999996,89.74424340324866,1.0,3.175,2.175
5427,2769.339,38535.748,35766.409,92.8135844151773,1.0,3.2,2.2
5428,2546.3010000000004,35257.838,32711.537000000004,92.77805689617156,1.0,3.45,2.45
5429,3778.3469999999998,37939.574,34161.227,90.04114542772673,1.0,3.3,2.3
5430,2103.4950000000003,41950.123,39846.628,94.98572387976073,1.0,3.45,2.45
5431,2807.8900000000003,35045.406,32237.516000000003,91.98785141767226,1.0,3.725,2.725
5432,4938.205,34520.798,29582.593,85.69498596179614,1.0,3.3,2.3
5433,3407.6349999999998,38183.47,34775.835,91.07562775200891,1.0,3.4,2.4
5434,3577.748,39724.649999999994,36146.901999999995,90.99363241715157,1.0,3.65,2.65
5435,3220.145,35722.261,32502.115999999998,90.98560698607515,1.0,3.15,2.15
5436,4931.421,35420.988,30489.566999999995,86.0776864835052,1.0,2.9,1.9
5437,4134.16,37114.644,32980.484,88.86110830000146,1.0,3.675,2.675
5438,3310.924,32304.421000000002,28993.497000000003,89.75086413094976,1.0,3.55,2.55
5439,3770.1360000000004,33292.501000000004,29522.365000000005,88.67572009684704,1.0,2.975,1.975
5440,3480.475,36721.951,33241.476,90.52208582272768,1.0,2.9,1.9
5441,3502.254,36903.854999999996,33401.600999999995,90.50978820505338,1.0,3.675,2.675
5442,2593.0040000000004,36049.497,33456.493,92.8071007481741,1.0,3.575,2.575
5443,3149.79,35977.767,32827.977,91.2451765002536,1.0,3.4,2.4
5444,3704.902,38774.307,35069.405,90.44495624383435,1.0,3.15,2.15
5445,3544.3,33556.809,30012.509000000002,89.4379110957779,1.0,3.6,2.6
5446,3566.139,35295.346,31729.207,89.89629114274726,1.0,3.3,2.3
5447,4233.356,40650.031,36416.675,89.58584804031268,1.0,3.7,2.7
5448,3951.5969999999998,40298.53999999999,36346.94299999999,90.19419313950331,1.0,3.425,2.425
5449,4417.647,38113.62700000001,33695.98000000001,88.40927157103154,1.0,3.2,2.2
5450,3149.79,35608.393,32458.602999999996,91.15436071490224,1.0,4.1,3.0999999999999996
5451,3347.142,34536.808999999994,31189.666999999994,90.3084792807581,1.0,3.45,2.45
5452,4712.03,35412.907999999996,30700.877999999997,86.69403258269556,1.0,3.4,2.4
5453,3802.9130000000005,36171.445,32368.532,89.48642223168027,1.0,3.3,2.3
5454,4867.427,38946.488,34079.061,87.50226978103906,1.0,3.825,2.825
5455,2285.4580000000005,36049.497,33764.039000000004,93.66022222168593,1.0,3.6,2.6
5456,3845.9150000000004,35226.603,31380.688000000002,89.08235630895207,1.0,3.325,2.325
5457,3970.898,36613.42,32642.521999999997,89.15452858542031,1.0,3.075,2.075
5458,4778.086,40166.85400000001,35388.768000000004,88.10440568733613,1.0,3.025,2.025
5459,3976.4610000000002,35814.617,31838.156,88.89710030963056,1.0,3.325,2.325
5460,3195.6220000000003,31435.695,28240.073,89.83441594022337,1.0,3.25,2.25
5461,3561.181,37158.589,33597.408,90.41626419130179,1.0,3.05,2.05
5462,3099.014,35984.911,32885.897,91.38801816127877,1.0,3.425,2.425
5463,3534.4150000000004,34006.157,30471.742,89.60654389733011,1.0,3.35,2.35
5464,2518.731,35940.966,33422.235,92.99203310228222,1.0,3.825,2.825
5465,4593.293,37938.703,33345.41,87.8928570647236,1.0,3.325,2.325
5466,3668.31,34458.806,30790.495999999996,89.35450636333714,1.0,3.25,2.25
5467,3351.2960000000003,33468.132,30116.835999999996,89.98660576574754,1.0,3.875,2.875
5468,4056.042,37653.604999999996,33597.562999999995,89.22801150115639,1.0,3.275,2.275
5469,3996.582,32890.792,28894.210000000003,87.84893352522494,1.0,3.625,2.625
5470,3777.5360000000005,38091.179000000004,34313.643000000004,90.08291132180499,1.0,3.3,2.3
5471,4381.581,38090.243,33708.662000000004,88.49684156648725,1.0,3.45,2.45
5472,3487.9670000000006,38682.887,35194.92,90.98317816868217,1.0,3.3,2.3
5473,4096.479,36093.442,31996.963000000003,88.65035094186916,1.0,3.45,2.45
5474,2475.3250000000003,37405.079,34929.754,93.38238264381155,1.0,3.675,2.675
5475,4014.3100000000004,37804.045,33789.735,89.38126859176049,1.0,3.125,2.125
5476,3334.898,37436.543,34101.645,91.09186443844453,1.0,3.425,2.425
5477,2910.574,33848.344,30937.769999999997,91.4011332430325,1.0,3.725,2.725
5478,3632.1409999999996,34143.409,30511.268,89.36210206778122,1.0,3.5,2.5
5479,2986.521,34352.311,31365.79,91.30620062213572,1.0,3.325,2.325
5480,3508.294,35300.683000000005,31792.389000000003,90.06168237594723,1.0,3.35,2.35
5481,4426.36,36775.863000000005,32349.503000000004,87.96395342238468,1.0,4.0,3.0
5482,3275.911,38472.098,35196.187,91.48496918468028,1.0,3.85,2.85
5483,2386.014,36861.009999999995,34474.99599999999,93.52699776810238,1.0,3.725,2.725
5484,3356.1150000000007,36427.822,33071.707,90.78694575810763,1.0,3.85,2.85
5485,2684.231,34391.706000000006,31707.475000000006,92.19512111437565,1.0,3.725,2.725
5486,3563.6670000000004,34859.808,31296.140999999996,89.77714679323535,1.0,3.05,2.05
5487,4213.0830000000005,34775.368,30562.285000000003,87.88486436721533,1.0,2.9,1.9
5488,4069.8810000000003,34502.044,30432.163,88.20394235193717,1.0,3.425,2.425
5489,3198.306,36667.331999999995,33469.026,91.27750554635391,1.0,3.325,2.325
5490,3194.569,39101.478,35906.909,91.83005563114519,1.0,3.525,2.525
5491,3662.1310000000003,37484.888999999996,33822.757999999994,90.2303805674868,1.0,3.025,2.025
5492,4608.5289999999995,34285.918,29677.389,86.5585369480263,1.0,3.325,2.325
5493,4219.642,37188.246,32968.604,88.65329115011232,1.0,3.425,2.425
5494,3321.9710000000005,37267.12,33945.149000000005,91.08605387268993,1.0,4.325,3.325
5495,3338.084,36933.67600000001,33595.592000000004,90.96195028082231,1.0,3.35,2.35
5496,3384.575,36842.962999999996,33458.388,90.81351030317514,1.0,3.375,2.375
5497,4520.526,39114.188,34593.662000000004,88.44274614623217,1.0,2.975,1.975
5498,2876.166,37969.938,35093.772000000004,92.42514960124507,1.0,3.15,2.15
5499,4568.654,35427.196,30858.542,87.1041049932374,1.0,3.85,2.85
5500,3063.008,41237.174,38174.166,92.57221651512782,1.0,3.7,2.7
5501,3485.7960000000003,34430.314,30944.517999999996,89.87579375546792,1.0,3.275,2.275
5502,2270.0690000000004,37370.314,35100.244999999995,93.92547517797148,1.0,3.3,2.3
5503,3852.468,35560.754,31708.286,89.16651767282549,1.0,3.1,2.1
5504,2815.187,41230.194,38415.007000000005,93.17202582165876,1.0,3.525,2.525
5505,4582.04,35935.629,31353.589,87.2493118180845,1.0,3.4,2.4
5506,3041.579,35639.857,32598.278000000002,91.4657934794744,1.0,3.75,2.75
5507,3809.515,36426.179000000004,32616.664000000004,89.54182100735848,1.0,3.825,2.825
5508,3656.158,35596.848,31940.69,89.72898386958306,1.0,3.175,2.175
5509,2833.7260000000006,37151.445,34317.719,92.37250125802643,1.0,3.525,2.525
5510,2498.13,40505.635,38007.505000000005,93.83263587893389,1.0,3.3,2.3
5511,4050.9379999999996,36740.705,32689.767000000003,88.97425076628225,1.0,3.5,2.5
5512,3206.4629999999997,32073.942000000003,28867.479000000003,90.00290329140086,1.0,3.65,2.65
5513,3304.243,38115.434,34811.191,91.33095795262359,1.0,3.825,2.825
5514,2761.684,35293.703,32532.019,92.17513673756477,1.0,3.125,2.125
5515,4217.696,37214.144,32996.448000000004,88.66641672585564,1.0,3.475,2.475
5516,4062.125,36001.858,31939.733,88.71690177768048,1.0,3.65,2.65
5517,4420.635,37968.295,33547.659999999996,88.35703578472511,1.0,3.375,2.375
5518,4255.238,36717.55,32462.312,88.4108879813604,1.0,3.675,2.675
5519,3834.6859999999997,35149.307,31314.621,89.0902941557283,1.0,3.075,2.075
5520,3185.343,36020.776,32835.433,91.15692843485658,1.0,3.1,2.1
5521,3647.7520000000004,36329.258,32681.506,89.9591893674239,1.0,3.575,2.575
5522,2575.8810000000003,39238.729999999996,36662.848999999995,93.43536093038689,1.0,3.2,2.2
5523,4683.92,34770.031,30086.111000000004,86.52885871743975,1.0,3.8,2.8
5524,3633.568,34321.783,30688.215000000004,89.41323065879183,1.0,3.425,2.425
5525,4457.8189999999995,35935.629,31477.81,87.59498824968391,1.0,3.075,2.075
5526,2746.96,36705.004,33958.044,92.51611578628352,1.0,3.475,2.475
5527,4249.572,39693.415,35443.843,89.29401262148899,1.0,3.15,2.15
5528,3602.8100000000004,36619.693,33016.883,90.1615505078101,1.0,4.1,3.0999999999999996
5529,3865.5229999999997,38030.058,34164.534999999996,89.83561108426392,1.0,3.075,2.075
5530,2288.106,35777.816,33489.71,93.60467950307532,1.0,3.3,2.3
5531,2842.244,33830.526,30988.282,91.59858170694716,1.0,3.075,2.075
5532,2126.8450000000003,35747.288,33620.443,94.05033187412707,1.0,3.275,2.275
5533,3636.7540000000004,37805.145000000004,34168.391,90.38026702450156,1.0,3.4,2.4
5534,3205.157,38578.986000000004,35373.829000000005,91.6919615253755,1.0,3.15,2.15
5535,4292.4220000000005,36021.712,31729.29,88.0837923527899,1.0,3.7,2.7
5536,4091.098,39636.989,35545.891,89.67858532342102,1.0,3.625,2.625
5537,4377.530000000001,36947.09300000001,32569.56300000001,88.15189600978893,1.0,3.425,2.425
5538,3915.0780000000004,38960.776,35045.698,89.95123197751502,1.0,3.775,2.775
5539,5267.033,39281.804000000004,34014.771,86.5916723172897,1.0,3.45,2.45
5540,2711.844,36511.326,33799.482,92.57259514485999,1.0,3.0,2.0
5541,3843.1440000000002,36595.602,32752.458,89.49834463715067,1.0,3.65,2.65
5542,3629.9700000000003,34284.982,30655.012000000002,89.41236136568483,1.0,3.325,2.325
5543,5377.166,36225.357,30848.191000000003,85.1563478035565,1.0,3.125,2.125
5544,2675.9170000000004,36971.184,34295.267,92.76215497994329,1.0,2.875,1.875
5545,3402.919,37196.326,33793.407,90.85146473874866,1.0,2.85,1.85
5546,3421.306,38811.979,35390.673,91.18492257248722,1.0,3.625,2.625
5547,1798.8220000000001,35542.936,33744.114,94.93901685555745,1.0,3.4,2.4
5548,4544.191,38615.558,34071.367,88.2322275389624,1.0,3.325,2.325
5549,3621.571,37801.451,34179.880000000005,90.41949209833243,1.0,3.45,2.45
5550,4207.4169999999995,36091.63500000001,31884.218000000008,88.34240399472067,1.0,4.05,3.05
5551,3142.0699999999997,40105.797999999995,36963.727999999996,92.16554673715756,1.0,3.575,2.575
5552,3723.186,35706.085999999996,31982.899999999994,89.57268517193398,1.0,3.25,2.25
5553,3000.3379999999997,36880.7,33880.361999999994,91.8647476864593,1.0,4.075,3.075
5554,3741.573,37520.983,33779.41,90.02805177039205,1.0,3.425,2.425
5555,2149.036,34163.97,32014.934,93.7096420585781,1.0,3.2,2.2
5556,3703.578,40994.214,37290.636,90.96560797579872,1.0,3.55,2.55
5557,3253.285,36711.984,33458.69899999999,91.13835689185306,1.0,3.575,2.575
5558,3571.175,34285.210999999996,30714.035999999996,89.58392001729258,1.0,3.35,2.35
5559,4498.191000000001,34756.614,30258.423000000003,87.05802872512265,1.0,3.825,2.825
5560,3926.6810000000005,37466.134999999995,33539.454,89.51938597349314,1.0,3.5,2.5
5561,4831.215,35578.801,30747.586,86.4210854098203,1.0,3.375,2.375
5562,4436.699,37878.747,33442.048,88.28710199944048,1.0,3.3,2.3
5563,3996.691,36644.884000000005,32648.193000000007,89.09345435504721,1.0,3.6,2.6
5564,3714.8720000000003,37728.078,34013.206,90.15356149337902,1.0,3.15,2.15
5565,4829.709000000001,33781.015,28951.305999999997,85.70288962602218,1.0,3.45,2.45
5566,2835.05,37685.94,34850.89,92.47716787746305,1.0,3.75,2.75
5567,4618.252,36093.442,31475.190000000002,87.20473375745101,1.0,3.4,2.4
5568,4747.4310000000005,37097.762,32350.331000000002,87.20291806282006,1.0,3.3,2.3
5569,4363.756,38185.357,33821.601,88.57217440706394,1.0,3.375,2.375
5570,1377.217,39040.651,37663.434,96.472351344756,1.0,3.275,2.275
5571,3467.5119999999997,40510.100999999995,37042.58899999999,91.44037680873716,1.0,3.55,2.55
5572,3321.862,35815.488,32493.625999999997,90.72506843966498,1.0,3.45,2.45
5573,4129.407999999999,36456.543,32327.135,88.67306754784731,1.0,3.625,2.625
5574,2813.168,34805.189,31992.020999999997,91.91738909965407,1.0,3.375,2.375
5575,2762.349,30653.773999999998,27891.424999999996,90.98855168697987,1.0,3.325,2.325
5576,3424.698,36952.43,33527.732,90.73214400243774,1.0,3.475,2.475
5577,3864.573,34610.346,30745.772999999997,88.83405268470878,1.0,3.3,2.3
5578,4783.648999999999,33184.906,28401.257000000005,85.5848649985629,1.0,3.1,2.1
5579,3419.691,36747.142,33327.451,90.69399465133915,1.0,3.475,2.475
5580,3541.967,35930.128,32388.160999999996,90.14206963025569,1.0,3.475,2.475
5581,3680.5180000000005,35811.087,32130.569,89.72240635979578,1.0,3.05,2.05
5582,2697.611,36813.371,34115.76,92.67219782725141,1.0,3.075,2.075
5583,4431.47,39615.24800000001,35183.778000000006,88.8137264721907,1.0,3.5,2.5
5584,4096.478999999999,35361.032,31264.553,88.4152730610351,1.0,2.875,1.875
5585,3758.8419999999996,37345.12300000001,33586.28100000001,89.93485173418763,1.0,3.725,2.725
5586,3064.9300000000003,36415.341,33350.411,91.58340986014657,1.0,2.875,1.875
5587,2684.3990000000003,35294.638999999996,32610.239999999994,92.39431518197424,1.0,3.6,2.6
5588,2878.003,39542.746,36664.743,92.72179276573257,1.0,2.85,1.85
5589,3496.946,36237.838,32740.892000000003,90.35001481048621,1.0,3.125,2.125
5590,4394.199,37702.887,33308.688,88.34519223952266,1.0,3.05,2.05
5591,4317.805,37435.607,33117.802,88.46604784583832,1.0,3.325,2.325
5592,3650.178,35208.556000000004,31558.378000000004,89.63269609807344,1.0,3.675,2.675
5593,2921.415,36479.698000000004,33558.283,91.99166890032916,1.0,3.375,2.375
5594,4126.469,38496.353,34369.884000000005,89.28088330860848,1.0,3.35,2.35
5595,2440.576,39320.346999999994,36879.77099999999,93.79309648513528,1.0,3.725,2.725
5596,3816.342,37453.654,33637.312000000005,89.81049485852569,1.0,3.75,2.75
5597,3434.692,36983.665,33548.973,90.71294854093016,1.0,3.3,2.3
5598,2594.116,38253.393,35659.276999999995,93.2185989357859,1.0,3.1,2.1
5599,4294.593,37630.221000000005,33335.628000000004,88.5873829972989,1.0,3.95,2.95
5600,4772.705,32661.249000000003,27888.544,85.38725509241854,1.0,3.6,2.6
5601,3522.527,37110.243,33587.716,90.50793873809988,1.0,3.325,2.325
5602,4238.870000000001,38118.96399999999,33880.09399999999,88.87989190891966,1.0,2.95,1.9500000000000002
5603,4081.7390000000005,34933.181,30851.441999999995,88.31558168149644,1.0,3.3,2.3
5604,3780.124,37262.719,33482.595,89.85547995034932,1.0,3.475,2.475
5605,4052.964,37153.252,33100.288,89.09122679220651,1.0,3.575,2.575
5606,3372.1250000000005,33792.789000000004,30420.664000000004,90.02116990106973,1.0,3.4,2.4
5607,3761.743,34887.59299999999,31125.849999999995,89.21753357991766,1.0,3.6,2.6
5608,3267.906,37847.282999999996,34579.37699999999,91.36554663646528,1.0,3.75,2.75
5609,3943.8469999999998,37254.639,33310.792,89.41380964663219,1.0,3.175,2.175
5610,4579.307,39657.55,35078.243,88.45287467329676,1.0,3.55,2.55
5611,3744.813,37599.693,33854.88,90.04030963763454,1.0,3.15,2.15
5612,3325.357,38193.437,34868.08,91.29338111152448,1.0,3.65,2.65
5613,2810.726,33909.236000000004,31098.510000000006,91.71103117746445,1.0,3.325,2.325
5614,4713.083,35524.182,30811.099000000002,86.73274728746745,1.0,2.8,1.7999999999999998
5615,3922.3149999999996,38326.05900000001,34403.744000000006,89.76593184287483,1.0,3.325,2.325
5616,2863.7760000000003,33582.936,30719.16,91.47252640448113,1.0,3.575,2.575
5617,3660.625,36263.029,32602.404000000002,89.90535236314649,1.0,3.325,2.325
5618,2865.844,38804.835,35938.991,92.61472442802553,1.0,3.25,2.25
5619,3145.733,36862.653,33716.92,91.46634128585373,1.0,3.25,2.25
5620,4367.807000000001,31874.927000000003,27507.120000000003,86.29704469597688,1.0,3.4,2.4
5621,3074.3019999999997,37001.712,33927.41,91.69146011406177,1.0,3.275,2.275
5622,3535.183,38187.0,34651.817,90.74244376358448,1.0,3.3,2.3
5623,4324.13,33404.562000000005,29080.432000000004,87.05527107345398,1.0,3.525,2.525
5624,3109.806,35426.325,32316.518999999997,91.22176517039236,1.0,3.3,2.3
5625,4818.705,35289.301999999996,30470.596999999994,86.34513938530152,1.0,3.225,2.225
5626,3584.6780000000003,38177.197,34592.519,90.61042118938173,1.0,3.725,2.725
5627,3068.074,36280.683,33212.609,91.54350539652188,1.0,3.3,2.3
5628,4462.638000000001,36680.748999999996,32218.110999999997,87.83384166991792,1.0,3.25,2.25
5629,3721.3,34197.092000000004,30475.792000000005,89.11808056661661,1.0,3.8,2.8
5630,3427.631,38482.936,35055.305,91.09311462098421,1.0,3.35,2.35
5631,4681.477999999999,36969.37700000001,32287.89900000001,87.33687613940587,1.0,3.2,2.2
5632,3168.565,35155.58,31987.015000000003,90.98702112154031,1.0,3.225,2.225
5633,5629.733,37630.221,32000.487999999998,85.03933048918316,1.0,3.55,2.55
5634,3062.3430000000003,34259.084,31196.741,91.06122335319881,1.0,3.225,2.225
5635,3383.4570000000003,37326.369000000006,33942.912000000004,90.93547781194576,1.0,3.65,2.65
5636,4066.7379999999994,35767.849,31701.111000000004,88.63018572908872,1.0,3.325,2.325
5637,4242.268,36116.826,31874.558,88.2540398206642,1.0,3.425,2.425
5638,4225.248,38161.973,33936.725,88.92811962316519,1.0,3.225,2.225
5639,4507.313999999999,35190.509,30683.195,87.19167716499923,1.0,3.025,2.025
5640,4574.7,33352.457,28777.757,86.28376913880737,1.0,3.725,2.725
5641,3781.69,35795.863,32014.173,89.43539928063754,1.0,3.4,2.4
5642,4279.145,37461.734,33182.58899999999,88.57729062941934,1.0,3.55,2.55
5643,2960.813,36892.474,33931.661,91.97447967300864,1.0,3.925,2.925
5644,2795.169,32706.13,29910.961000000003,91.45368467623653,1.0,3.6,2.6
5645,3666.853,36636.804000000004,32969.951,89.99134040185382,1.0,3.175,2.175
5646,3599.4179999999997,37037.577,33438.159,90.28171308290497,1.0,3.525,2.525
5647,2841.2780000000002,34430.314,31589.036,91.74774299182982,1.0,3.425,2.425
5648,2845.739,38429.253,35583.513999999996,92.5948625647238,1.0,3.075,2.075
5649,3887.259,34326.413,30439.154000000002,88.67560382729184,1.0,3.45,2.45
5650,2380.18,37068.104999999996,34687.924999999996,93.57890024321448,1.0,3.25,2.25
5651,4779.41,38260.537,33481.12699999999,87.50825164842824,1.0,3.3,2.3
5652,3004.395,36693.23,33688.83500000001,91.81212719621577,1.0,4.075,3.075
5653,4459.034000000001,36957.767,32498.733,87.93478512919896,1.0,3.175,2.175
5654,2683.669,36788.344000000005,34104.675,92.70511061873293,1.0,3.65,2.65
5655,3264.411,36378.54,33114.129,91.02654751949913,1.0,3.4,2.4
5656,2922.885,34573.774,31650.888999999996,91.54594751501529,1.0,3.8,2.8
5657,3513.96,37188.246,33674.286,90.55088535232342,1.0,3.375,2.375
5658,2866.2970000000005,39027.234,36160.937,92.65564912952837,1.0,3.425,2.425
5659,3980.469,39591.157,35610.688,89.94606548123866,1.0,3.125,2.125
5660,3907.526,38951.038,35043.512,89.96810816697621,1.0,3.925,2.925
5661,3434.233,38469.519,35035.286,91.07284653078193,1.0,3.775,2.775
5662,4817.441,35081.271,30263.83,86.26776948873946,1.0,3.125,2.125
5663,3758.7389999999996,34313.702999999994,30554.963999999993,89.04595344897635,1.0,3.25,2.25
5664,3377.6879999999996,34182.01700000001,30804.32900000001,90.11852343295016,1.0,3.375,2.375
5665,5436.59,40297.669,34861.079,86.50892189322413,1.0,3.525,2.525
5666,3585.191,36509.519,32924.328,90.18011987503863,1.0,3.3,2.3
5667,4734.468,36248.512,31514.044,86.9388624835138,1.0,2.9,1.9
5668,3543.2309999999998,35900.7,32357.468999999997,90.1304682081408,1.0,3.725,2.725
5669,4291.714,34362.985,30071.271,87.51064844919614,1.0,3.25,2.25
5670,2859.616,38496.353,35636.737,92.57172231353967,1.0,3.7,2.7
5671,3095.5190000000002,38749.28,35653.761,92.01141543791265,1.0,3.6,2.6
5672,3997.803,38786.081000000006,34788.278000000006,89.69268640469245,1.0,3.1,2.1
5673,3618.6760000000004,35325.167,31706.491,89.75609655291935,1.0,3.45,2.45
5674,3138.472,35712.523,32574.051,91.21184465180463,1.0,4.3,3.3
5675,4234.68,38199.481,33964.801,88.91429964716012,1.0,3.2,2.2
5676,3761.4720000000007,39136.471999999994,35374.99999999999,90.38883218701982,1.0,3.275,2.275
5677,2538.7930000000006,35723.197,33184.404,92.89315287206797,1.0,3.525,2.525
5678,4261.211,38718.752,34457.541,88.99445157736488,1.0,3.05,2.05
5679,4161.417,36237.838,32076.421000000002,88.5163761701236,1.0,4.15,3.1500000000000004
5680,3858.4839999999995,37920.656,34062.172000000006,89.82484902159922,1.0,3.4,2.4
5681,3663.309,35204.155,31540.845999999998,89.59410046910655,1.0,3.375,2.375
5682,3699.5210000000006,35822.697,32123.176,89.67268991499998,1.0,3.875,2.875
5683,3635.533,37302.114,33666.581,90.25381510549241,1.0,3.325,2.325
5684,3530.635,38078.469,34547.833999999995,90.7280016956564,1.0,3.175,2.175
5685,3757.5830000000005,34925.101,31167.518000000004,89.24102467162514,1.0,2.95,1.9500000000000002
5686,3542.691,35153.937,31611.246,89.92234923786772,1.0,3.325,2.325
5687,3069.6890000000003,35456.853,32387.164000000004,91.34246629276433,1.0,3.55,2.55
5688,4155.135,34541.439,30386.303999999996,87.97057933805247,1.0,3.275,2.275
5689,3757.8250000000003,40037.762,36279.937000000005,90.61429807190522,1.0,3.375,2.375
5690,4061.4660000000003,39556.163,35494.697,89.73240655318364,1.0,3.55,2.55
5691,4251.743,37816.755000000005,33565.012,88.75698615600413,1.0,3.875,2.875
5692,2956.574,38924.04,35967.466,92.40424683563165,1.0,3.925,2.925
5693,3634.415,34865.145000000004,31230.730000000003,89.57579267202244,1.0,3.7,2.7
5694,4944.492,35064.16,30119.668000000005,85.89872964303153,1.0,3.1,2.1
5695,3211.8379999999997,38018.513,34806.675,91.55191051264947,1.0,3.25,2.25
5696,2368.183,35687.332,33319.149000000005,93.36407944421288,1.0,3.375,2.375
5697,4635.266,38308.012,33672.746,87.90000901116977,1.0,3.575,2.575
5698,2788.947,38455.151,35666.204,92.74753335385421,1.0,4.125,3.125
5699,3613.8570000000004,35227.31,31613.452999999998,89.7413200156356,1.0,3.6,2.6
5700,2960.1719999999996,38712.47900000001,35752.30700000001,92.35344241323321,1.0,2.9,1.9
5701,3947.2330000000006,35731.277,31784.044,88.95300327497391,1.0,3.225,2.225
5702,5414.152,36033.486000000004,30619.334000000003,84.97466495470351,1.0,3.225,2.225
5703,3410.362,31489.377999999997,28079.015999999996,89.1698019567106,1.0,3.6,2.6
5704,3418.125,34929.731,31511.606,90.21428192504546,1.0,3.15,2.15
5705,2441.1319999999996,35607.522,33166.39,93.14433618829192,1.0,3.025,2.025
5706,3401.456,38925.847,35524.391,91.26170330988559,1.0,3.225,2.225
5707,4105.597,38265.873999999996,34160.276999999995,89.27086573274138,1.0,3.275,2.275
5708,2962.034,35984.204,33022.17,91.76851598551409,1.0,3.3,2.3
5709,2681.1890000000003,37110.243,34429.054000000004,92.77507021444188,1.0,3.375,2.375
5710,3319.1780000000003,37296.777,33977.599,91.10063049147652,1.0,3.6,2.6
5711,2937.631,36359.786,33422.155,91.9206592690067,1.0,3.475,2.475
5712,3025.3630000000003,36432.223,33406.86,91.69591435581629,1.0,3.25,2.25
5713,2757.5299999999997,34393.513,31635.983,91.98241249737997,1.0,3.475,2.475
5714,2994.7749999999996,35373.513,32378.737999999998,91.5338490695001,1.0,3.325,2.325
5715,3948.9129999999996,33703.012,29754.099000000002,88.2832044803592,1.0,3.875,2.875
5716,4581.478,40068.997,35487.519,88.56602774459266,1.0,3.025,2.025
5717,2796.244,31306.374,28510.13,91.06813200404493,1.0,3.35,2.35
5718,3347.8010000000004,33356.151,30008.35,89.96346730772385,1.0,3.1,2.1
5719,6156.784,39530.972,33374.188,84.42541711344714,1.0,3.35,2.35
5720,4491.860000000001,35451.516,30959.656000000003,87.3295686424242,1.0,3.475,2.475
5721,4085.687,37726.978,33641.291000000005,89.1703835912858,1.0,3.35,2.35
5722,3495.47,35260.581,31765.110999999997,90.0867487123936,1.0,2.75,1.75
5723,3796.588,37308.322,33511.734,89.82375031501014,1.0,3.7,2.7
5724,3523.0830000000005,35817.130999999994,32294.047999999995,90.1636928987975,1.0,3.225,2.225
5725,4006.408,34877.626,30871.217999999997,88.51295670181221,1.0,3.275,2.275
5726,2638.032,35257.838,32619.806000000004,92.51788495936705,1.0,3.5,2.5
5727,3837.3100000000004,34373.659,30536.349,88.83648086460624,1.0,3.3,2.3
5728,3927.5280000000002,38731.23300000001,34803.70500000001,89.85953274454238,1.0,3.05,2.05
5729,3784.575,38575.227,34790.652,90.18910504402217,1.0,3.625,2.625
5730,4162.125,35142.163,30980.038,88.15632094131486,1.0,3.375,2.375
5731,4441.464,34314.639,29873.175000000003,87.05664949586094,1.0,3.0,2.0
5732,5496.606,37352.496,31855.89,85.28450146946003,1.0,3.15,2.15
5733,2371.2250000000004,37339.786,34968.561,93.64960206252924,1.0,3.525,2.525
5734,3939.196,39088.061,35148.865000000005,89.92225273082745,1.0,3.625,2.625
5735,4407.4169999999995,39119.524999999994,34712.10799999999,88.7334598260076,1.0,4.05,3.05
5736,4769.313,38937.621,34168.308,87.75140114492356,1.0,3.25,2.25
5737,3920.1440000000002,38864.955,34944.811,89.91342200190377,1.0,3.625,2.625
5738,2873.39,34575.417,31702.027000000002,91.68950008614503,1.0,4.025,3.0250000000000004
5739,3906.7580000000003,36135.58,32228.822,89.18861133542066,1.0,3.575,2.575
5740,4479.592,33564.182,29084.59,86.65365358822092,1.0,3.35,2.35
5741,4187.912,37182.909,32994.997,88.73699741997056,1.0,3.85,2.85
5742,2640.2610000000004,36553.464,33913.203,92.7769882493216,1.0,3.625,2.625
5743,3067.803,33781.015,30713.212,90.9185588414084,1.0,3.05,2.05
5744,3977.615,36245.918,32268.303,89.02603322117541,1.0,3.05,2.05
5745,4195.106,36316.547999999995,32121.441999999995,88.44850011625554,1.0,3.475,2.475
5746,4018.5730000000003,35706.085999999996,31687.512999999995,88.74541163654845,1.0,2.725,1.725
5747,3791.565,35871.043000000005,32079.478000000006,89.43001183433668,1.0,3.05,2.05
5748,3962.687,35240.727,31278.04,88.75537669810274,1.0,3.425,2.425
5749,3396.946,39033.441999999995,35636.496,91.29734446682924,1.0,3.15,2.15
5750,3359.404,34689.285,31329.881000000005,90.31573005900813,1.0,3.5,2.5
5751,3697.684,34919.764,31222.08,89.41091354454743,1.0,3.45,2.45
5752,2993.348,36186.668999999994,33193.320999999996,91.72803664244421,1.0,3.2,2.2
5753,3068.739,35155.58,32086.841,91.27097604420123,1.0,2.85,1.85
5754,4430.52,36826.788,32396.268,87.96930104249114,1.0,3.55,2.55
5755,5030.162,38198.774000000005,33168.61200000001,86.83161401986358,1.0,3.25,2.25
5756,5790.378,41419.242,35628.864,86.0200773350705,1.0,3.525,2.525
5757,3518.0170000000003,33347.119999999995,29829.102999999996,89.4503123508117,1.0,3.4,2.4
5758,4156.869000000001,37417.789000000004,33260.920000000006,88.89066107032674,1.0,3.25,2.25
5759,4396.685,37417.56,33020.875,88.24967475164068,1.0,3.125,2.125
5760,3769.0780000000004,37593.42,33824.342,89.97410185080261,1.0,3.225,2.225
5761,3527.1400000000003,36982.958,33455.818,90.46279640476568,1.0,3.3,2.3
5762,5214.6050000000005,35772.479,30557.874,85.42285816982378,1.0,3.15,2.15
5763,3833.465,38743.943,34910.478,90.10564051263447,1.0,3.525,2.525
5764,3889.139,35656.804000000004,31767.665000000005,89.0928558824285,1.0,3.05,2.05
5765,4689.586,31608.583,26918.997,85.16356775626419,1.0,3.4,2.4
5766,2769.7920000000004,35385.12299999999,32615.33099999999,92.17243924798565,1.0,2.875,1.875
5767,4650.128000000001,35743.98700000001,31093.859000000008,86.99046080114118,1.0,3.525,2.525
5768,5215.373,36437.789000000004,31222.416000000005,85.68691146435916,1.0,3.325,2.325
5769,3775.414,36075.623999999996,32300.209999999995,89.53472294755039,1.0,3.65,2.65
5770,2891.468,33285.128,30393.659999999996,91.31303325617375,1.0,3.525,2.525
5771,3037.069,37575.602,34538.532999999996,91.91744419690201,1.0,3.1,2.1
5772,3617.043,37624.884,34007.841,90.3865670389841,1.0,3.35,2.35
5773,2163.3720000000003,37406.015,35242.643,94.21651303941357,1.0,3.325,2.325
5774,3557.686,43753.246,40195.56,91.8687495780313,1.0,3.0,2.0
5775,3926.0160000000005,29114.252,25188.236,86.51514041988783,1.0,3.9,2.9
5776,2996.9519999999998,39560.629,36563.677,92.42440760989923,1.0,3.15,2.15
5777,4695.148999999999,39342.86,34647.711,88.06607094654532,1.0,3.275,2.275
5778,3651.2960000000003,33248.556000000004,29597.260000000002,89.01818172193703,1.0,3.625,2.625
5779,3907.9790000000003,34598.80099999999,30690.821999999993,88.7048715936717,1.0,3.2,2.2
5780,2517.057,38361.924,35844.867,93.43865808190434,1.0,3.125,2.125
5781,3664.4049999999997,36101.522,32437.117,89.84972157129553,1.0,3.375,2.375
5782,4251.084,36142.724,31891.640000000003,88.23806418132735,1.0,3.6,2.6
5783,4081.587,36274.638999999996,32193.051999999996,88.74809753447856,1.0,3.325,2.325
5784,3607.575,35687.331999999995,32079.756999999994,89.89116081863446,1.0,3.7,2.7
5785,3989.907,35537.599,31547.692000000003,88.77271646854928,1.0,3.375,2.375
5786,2878.565,36421.549,33542.984,92.09653329132156,1.0,3.275,2.275
5787,4002.4,38219.335,34216.935,89.52781360533876,1.0,3.1,2.1
5788,4742.818,34575.417,29832.599000000002,86.28268749441258,1.0,3.55,2.55
5789,3737.522,35113.442,31375.920000000002,89.35586548308194,1.0,3.725,2.725
5790,4182.04,35658.611,31476.570999999996,88.27200532292186,1.0,3.425,2.425
5791,4559.143,32946.347,28387.204,86.16191652446325,1.0,3.3,2.3
5792,3966.7380000000003,38289.258,34322.520000000004,89.64007607564504,1.0,3.25,2.25
5793,4729.299000000001,35596.619,30867.32,86.71419046848243,1.0,3.6,2.6
5794,2919.952,34545.989,31626.037,91.54763813535632,1.0,3.425,2.425
5795,3803.0220000000004,35523.246,31720.224,89.29427226329486,1.0,3.45,2.45
5796,2392.4480000000003,37552.218,35159.770000000004,93.62901014262327,1.0,3.55,2.55
5797,2465.9469999999997,33758.566999999995,31292.619999999995,92.6953445624632,1.0,3.6,2.6
5798,3754.536,35659.547000000006,31905.011000000006,89.47116181818014,1.0,2.9,1.9
5799,3133.224,38217.528,35084.304,91.80160475057413,1.0,3.4,2.4
5800,4175.088000000001,37176.636,33001.547999999995,88.76959174036078,1.0,2.8,1.7999999999999998
5801,3531.585,35694.475999999995,32162.890999999996,90.10607411634226,1.0,3.1,2.1
5802,4986.091,33043.104,28057.013,84.91034316872894,1.0,3.6,2.6
5803,3560.97,36281.783,32720.813000000002,90.18523979375544,1.0,3.75,2.75
5804,4515.254,36130.243,31614.989,87.50284076417643,1.0,3.525,2.525
5805,4757.051,32304.421000000002,27547.370000000003,85.2743034769142,1.0,3.25,2.25
5806,3519.691,34405.123,30885.432,89.76986363338972,1.0,3.525,2.525
5807,4725.652,37564.928,32839.276,87.4200424395862,1.0,3.5,2.5
5808,4185.687,35318.73,31133.043000000005,88.14881792182221,1.0,3.55,2.55
5809,3356.362,36582.892,33226.53,90.82532348727378,1.0,3.375,2.375
5810,4124.027,35476.478,31352.451,88.37532012055988,1.0,2.975,1.975
5811,3720.6409999999996,35959.013,32238.372,89.65310588474718,1.0,3.525,2.525
5812,3732.8,37971.038,34238.238,90.16934959744844,1.0,3.45,2.45
5813,4332.691,38054.378000000004,33721.687000000005,88.61447426627234,1.0,3.85,2.85
5814,2709.299,37982.648,35273.349,92.86700864036652,1.0,3.15,2.15
5815,3660.522,37207.0,33546.478,90.16173838256243,1.0,3.325,2.325
5816,3355.909,35265.918,31910.009,90.48398796821338,1.0,3.3,2.3
5817,4708.632,39554.356,34845.724,88.09579405110274,1.0,3.5,2.5
5818,4955.539,36916.565,31961.026,86.57638109071091,1.0,3.2,2.2
5819,4468.909000000001,36625.966,32157.057,87.79852250176829,1.0,3.25,2.25
5820,4873.92,33934.427,29060.507000000005,85.63724090582112,1.0,3.425,2.425
5821,4196.478999999999,41248.948000000004,37052.469000000005,89.8264581196107,1.0,3.525,2.525
5822,3706.758,36354.449,32647.691,89.80383941453768,1.0,3.25,2.25
5823,4131.682,35311.75,31180.068,88.29941308487967,1.0,3.575,2.575
5824,2763.6130000000003,39916.52099999999,37152.907999999996,93.0765183669188,1.0,3.65,2.65
5825,3783.576,36202.68,32419.104,89.54890632406219,1.0,3.225,2.225
5826,2730.576,35531.326,32800.75,92.31501802099928,1.0,3.95,2.95
5827,2989.2970000000005,33049.541,30060.244,90.95510282578509,1.0,3.325,2.325
5828,4383.093,37927.09299999999,33543.99999999999,88.44337212978594,1.0,3.15,2.15
5829,4044.0150000000003,37981.712,33937.697,89.35273112491612,1.0,3.625,2.625
5830,3627.3460000000005,39385.869,35758.523,90.79023494441624,1.0,3.15,2.15
5831,5184.205,38178.92,32994.715,86.4212895493115,1.0,3.275,2.275
5832,5102.695,36515.792,31413.097,86.02605962921467,1.0,2.925,1.9249999999999998
5833,4080.366,36201.973,32121.606999999996,88.72888502513383,1.0,3.5,2.5
5834,3038.727,38682.887,35644.16,92.144518582597,1.0,3.125,2.125
5835,3359.4040000000005,36025.406,32666.002,90.67490315029343,1.0,3.025,2.025
5836,3337.522,34991.494,31653.971999999998,90.46190482749893,1.0,3.775,2.775
5837,4255.751,38253.393,33997.64199999999,88.87484046186438,1.0,3.325,2.325
5838,4134.370999999999,41768.219,37633.848,90.10163445082492,1.0,4.05,3.05
5839,4297.035,38221.929000000004,33924.894,88.75767102178436,1.0,3.85,2.85
5840,5982.723,33994.383,28011.660000000003,82.40084839898404,1.0,3.05,2.05
5841,3617.2490000000003,39039.715,35422.46599999999,90.73443799474458,1.0,3.725,2.725
5842,3229.7720000000004,34645.34,31415.567999999996,90.677614940422,1.0,2.85,1.85
5843,3541.4700000000003,37896.565,34355.095,90.6549050026038,1.0,3.25,2.25
5844,2761.684,36445.869,33684.185,92.4225047288624,1.0,3.6,2.6
5845,4598.644,40625.776,36027.132,88.68047714337813,1.0,3.575,2.575
5846,3017.116,36904.084,33886.968,91.82443872607703,1.0,3.1,2.1
5847,3515.8460000000005,37055.624,33539.778000000006,90.51197734519327,1.0,3.375,2.375
5848,2441.175,39275.531,36834.356,93.78448887170995,1.0,3.55,2.55
5849,3673.0910000000003,36124.906,32451.815000000002,89.83224759117712,1.0,3.5,2.5
5850,2247.463,31706.440000000002,29458.977000000003,92.91165138691068,1.0,2.85,1.85
5851,2657.736,35614.666,32956.93,92.53752372688263,1.0,3.725,2.725
5852,3891.31,35301.782999999996,31410.472999999994,88.97701569351327,1.0,3.55,2.55
5853,3993.0870000000004,40262.675,36269.588,90.08241007334958,1.0,3.55,2.55
5854,5151.379,37164.155,32012.775999999998,86.13885072861201,1.0,3.55,2.55
5855,3036.9660000000003,35482.751,32445.784999999996,91.44100749121735,1.0,3.975,2.975
5856,4280.366,33012.740000000005,28732.374000000003,87.03419952418369,1.0,2.925,1.9249999999999998
5857,3607.423,37666.085999999996,34058.66299999999,90.42262315229674,1.0,3.325,2.325
5858,4299.412,34128.104999999996,29828.692999999996,87.40213674330877,1.0,2.95,1.9500000000000002
5859,3787.259,38470.455,34683.196,90.15540887156132,1.0,2.875,1.875
5860,3429.97,36184.862,32754.892,90.52098084552595,1.0,3.3,2.3
5861,3605.749,34712.669,31106.920000000002,89.61258496141568,1.0,3.525,2.525
5862,4709.588,36069.350999999995,31359.762999999995,86.94296440210417,1.0,3.45,2.45
5863,4206.861000000001,39883.399,35676.538,89.45210010811768,1.0,3.65,2.65
5864,4796.473,40892.12,36095.647000000004,88.27042227206611,1.0,3.6,2.6
5865,4338.978999999999,37498.534999999996,33159.556,88.42893729048347,1.0,3.275,2.275
5866,4199.2119999999995,37206.935,33007.723,88.71389970713793,1.0,3.5,2.5
5867,3757.081,34536.808999999994,30779.727999999996,89.12151669831455,1.0,3.75,2.75
5868,3057.795,34754.807,31697.012000000002,91.20180699032512,1.0,3.4,2.4
5869,4489.133000000001,38410.270000000004,33921.137,88.31267522982785,1.0,3.1,2.1
5870,4002.81,38278.584,34275.774000000005,89.54295174555047,1.0,3.4,2.4
5871,2881.951,36608.083,33726.132,92.12755554558811,1.0,3.45,2.45
5872,3532.8599999999997,35622.746,32089.886,90.08257252262361,1.0,3.65,2.65
5873,3277.3380000000006,34216.782,30939.444,90.42184037061112,1.0,3.35,2.35
5874,4017.1400000000003,39027.941,35010.801,89.70701528937948,1.0,3.675,2.675
5875,4551.385,36609.019,32057.634,87.56758546302483,1.0,3.45,2.45
5876,3657.3360000000002,38175.39,34518.054,90.41964993677864,1.0,3.9,2.9
5877,4372.813999999999,37406.179,33033.365,88.30991532174404,1.0,3.25,2.25
5878,4017.8050000000003,38707.849,34690.044,89.62018013452517,1.0,4.125,3.125
5879,5129.0380000000005,31954.737,26825.699,83.94905268661732,1.0,3.3,2.3
5880,3513.857,33393.659,29879.802,89.47747235485635,1.0,3.15,2.15
5881,3589.75,35450.645,31860.894999999997,89.87395010725476,1.0,3.725,2.725
5882,3876.3149999999996,36916.565,33040.25,89.49979501072215,1.0,3.65,2.65
5883,5032.539000000001,35675.722,30643.183,85.89365899868824,1.0,3.6,2.6
5884,2881.9570000000003,35992.284,33110.327,91.9928476892436,1.0,3.725,2.725
5885,3829.262,36741.641,32912.379,89.57786888179545,1.0,2.95,1.9500000000000002
5886,4329.153,36964.911,32635.758,88.28847985052636,1.0,3.45,2.45
5887,4386.200000000001,33772.935,29386.734999999997,87.01267745903635,1.0,3.35,2.35
5888,3739.402,37795.178,34055.776,90.10613999489564,1.0,3.6,2.6
5889,4519.8240000000005,37250.009,32730.184999999998,87.86624722694698,1.0,3.325,2.325
5890,3506.517,34562.706999999995,31056.189999999995,89.8546227875033,1.0,3.425,2.425
5891,4103.928,36382.234000000004,32278.306000000004,88.71996700367548,1.0,3.675,2.675
5892,2438.4480000000003,36654.851,34216.403000000006,93.34754354887434,1.0,3.075,2.075
5893,3144.1240000000007,38040.961,34896.837,91.73489860048487,1.0,3.6,2.6
5894,5936.481,37025.096,31088.614999999998,83.96633191714075,1.0,3.475,2.475
5895,4780.813,37617.74,32836.926999999996,87.2910679907937,1.0,3.8,2.8
5896,3084.641,32836.173,29751.532000000003,90.60596677938078,1.0,3.725,2.725
5897,3512.5330000000004,39238.729999999996,35726.19699999999,91.04830100260635,1.0,3.95,2.95
5898,3537.9750000000004,36802.697,33264.722,90.38664204419584,1.0,3.7,2.7
5899,4799.822,37339.786,32539.964,87.14555568154569,1.0,3.0,2.0
5900,3719.026,34163.97,30444.944000000003,89.11418667092848,1.0,3.775,2.775
5901,4005.252,33529.188,29523.936,88.05443185799787,1.0,3.65,2.65
5902,4542.365,35544.743,31002.378000000004,87.22071221614966,1.0,3.375,2.375
5903,3436.344,35010.248,31573.904,90.18474819144383,1.0,3.6,2.6
5904,2560.178,37806.081,35245.903,93.22813173891258,1.0,3.425,2.425
5905,3398.8620000000005,36254.785,32855.923,90.62506645674495,1.0,3.725,2.725
5906,4492.4220000000005,36982.958000000006,32490.536000000007,87.85272394923089,1.0,3.25,2.25
5907,3158.189,38514.4,35356.211,91.79997870926199,1.0,3.35,2.35
5908,2648.6180000000004,39377.789000000004,36729.171,93.27382753765072,1.0,3.425,2.425
5909,3505.749,33471.662,29965.912999999997,89.52621773009061,1.0,3.275,2.275
5910,4980.813,35415.651,30434.837999999996,85.93612468114732,1.0,3.625,2.625
5911,4301.751,32475.651,28173.9,86.75391911312262,1.0,2.775,1.775
5912,4087.9179999999997,35101.831999999995,31013.913999999997,88.35411781356598,1.0,3.575,2.575
5913,4927.370000000001,35585.94499999999,30658.57499999999,86.15360643085353,1.0,3.35,2.35
5914,3996.5820000000003,33970.292,29973.71,88.23506727584207,1.0,3.2,2.2
5915,3836.192,37951.183999999994,34114.99199999999,89.89177254654294,1.0,3.0,2.0
5916,4231.953,36560.444,32328.491,88.42477678881579,1.0,3.75,2.75
5917,4431.88,34283.175,29851.295000000002,87.07272590709583,1.0,3.475,2.475
5918,3276.182,35537.599,32261.417,90.78108231228565,1.0,3.3,2.3
5919,4375.438,36172.152,31796.714,87.90384934797353,1.0,3.475,2.475
5920,2748.062,38297.338,35549.276000000005,92.82440466227706,1.0,3.05,2.05
5921,3648.357,38768.034,35119.676999999996,90.58926485671158,1.0,3.625,2.625
5922,3922.5209999999997,32448.817000000003,28526.296000000002,87.91166716493855,1.0,3.25,2.25
5923,4783.261,38603.077000000005,33819.816000000006,87.60911986368342,1.0,3.625,2.625
5924,2836.665,34337.794,31501.129,91.73894222791364,1.0,3.75,2.75
5925,5178.6720000000005,35551.016,30372.344000000005,85.43312517425663,1.0,3.15,2.15
5926,2370.1070000000004,40136.326,37766.219,94.09485810933467,1.0,3.55,2.55
5927,3880.9280000000003,35227.31,31346.381999999998,88.98318378553456,1.0,3.175,2.175
5928,2885.349,35789.426,32904.077,91.93798469972667,1.0,3.5,2.5
5929,3299.424,38871.228,35571.804000000004,91.51191210115616,1.0,3.225,2.225
5930,3259.9660000000003,33062.022,29802.055999999997,90.13984686115084,1.0,3.25,2.25
5931,4613.0830000000005,33540.797999999995,28927.714999999997,86.24635287449036,1.0,3.2,2.2
5932,3223.295,35680.895000000004,32457.600000000006,90.96632805875527,1.0,3.45,2.45
5933,3586.558,37872.474,34285.916000000005,90.52990834451428,1.0,3.7,2.7
5934,2788.8869999999997,37224.111000000004,34435.224,92.50784793759077,1.0,3.35,2.35
5935,2974.465,34647.376000000004,31672.911000000004,91.41503529733392,1.0,3.1,2.1
5936,4021.959,37728.784999999996,33706.825999999994,89.33981308966085,1.0,3.525,2.525
5937,4391.472,37962.958,33571.486,88.43221858528516,1.0,3.4,2.4
5938,3250.74,35356.402,32105.662000000004,90.80579522769314,1.0,3.15,2.15
5939,2082.774,34975.483,32892.709,94.04504578249856,1.0,2.875,1.875
5940,4111.370999999999,31142.288,27030.917,86.79810873240913,1.0,3.525,2.525
5941,4842.715,36553.464,31710.749,86.75169335524535,1.0,3.275,2.275
5942,3491.565,33926.346999999994,30434.781999999996,89.70839683977765,1.0,3.075,2.075
5943,4198.759,36875.363,32676.604,88.6136470032851,1.0,3.6,2.6
5944,4551.035,37575.602,33024.566999999995,87.88832445053042,1.0,3.275,2.275
5945,4021.856,39063.806,35041.95,89.7043928592109,1.0,3.45,2.45
5946,4387.15,36409.068,32021.917999999998,87.95039191884835,1.0,3.675,2.675
5947,4884.205,33753.229999999996,28869.024999999994,85.529666346006,1.0,3.85,2.85
5948,3041.411,35391.56,32350.148999999998,91.40639463194049,1.0,3.2,2.2
5949,3233.677,31070.787,27837.11,89.59254878223716,1.0,3.025,2.025
5950,3651.955,38773.371,35121.416,90.58128064232537,1.0,3.975,2.975
5951,3650.799,38301.739,34650.94,90.46832051150471,1.0,3.35,2.35
5952,2756.018,36191.299,33435.281,92.38486023947358,1.0,3.45,2.45
5953,4658.581,34128.105,29469.524000000005,86.34972261131992,1.0,3.45,2.45
5954,3690.4089999999997,36590.265,32899.856,89.91423265177227,1.0,4.0,3.0
5955,1769.2910000000002,34585.384,32816.093,94.88428117496109,1.0,3.65,2.65
5956,5199.2,34803.153,29603.952999999998,85.06112362865514,1.0,3.975,2.975
5957,3781.49,35816.424,32034.934,89.44202246433089,1.0,3.35,2.35
5958,4023.924,36279.976,32256.052000000003,88.90869167057883,1.0,3.45,2.45
5959,4484.4169999999995,38926.947,34442.53,88.47991598210874,1.0,3.125,2.125
5960,4857.154,35592.218,30735.064,86.35332588713634,1.0,3.125,2.125
5961,4670.0380000000005,39498.637,34828.599,88.17671100904064,1.0,3.5,2.5
5962,3658.6360000000004,37594.356,33935.72,90.2681242897205,1.0,3.375,2.375
5963,3199.285,32862.3,29663.015000000003,90.26457369082505,1.0,3.425,2.425
5964,3926.372,33975.629,30049.257,88.44356347310008,1.0,3.475,2.475
5965,3272.416,34404.416,31131.999999999996,90.48838381677514,1.0,2.975,1.975
5966,4628.482,37206.064,32577.582,87.55987196065674,1.0,3.125,2.125
5967,3906.305,37467.070999999996,33560.765999999996,89.574031554268,1.0,4.2,3.2
5968,4071.001,37224.111,33153.11,89.06353734008586,1.0,3.6,2.6
5969,3580.518,34488.627,30908.109,89.61826459487645,1.0,3.725,2.725
5970,2639.62,35578.801,32939.181,92.58091918274593,1.0,2.925,1.9249999999999998
5971,3972.3610000000003,38030.058000000005,34057.69700000001,89.55468066864374,1.0,3.175,2.175
5972,3641.4700000000003,39410.896,35769.426,90.76024559299539,1.0,3.475,2.475
5973,4027.7929999999997,39071.179000000004,35043.386000000006,89.6911403671745,1.0,3.825,2.825
5974,4006.3050000000003,37086.152,33079.847,89.19730200102724,1.0,3.725,2.725
5975,3836.295,34285.918,30449.623,88.81087273206451,1.0,3.55,2.55
5976,3770.6489999999994,35806.537,32035.888,89.46938376084792,1.0,3.8,2.8
5977,3419.2380000000003,32104.47,28685.232,89.3496513102381,1.0,3.2,2.2
5978,3330.1820000000002,33739.812999999995,30409.630999999994,90.12981488664444,1.0,3.05,2.05
5979,4907.162,34659.693,29752.531,85.84187690294891,1.0,3.45,2.45
5980,2596.849,35410.314,32813.465,92.66640504797556,1.0,2.825,1.8250000000000002
5981,3232.353,38628.268,35395.91499999999,91.6321565336556,1.0,3.65,2.65
5982,3649.475,39487.256,35837.781,90.75784096013155,1.0,2.9,1.9
5983,3936.857,39807.283,35870.42600000001,90.1102092298035,1.0,3.475,2.475
5984,4184.029,40777.316,36593.287,89.73932222513125,1.0,2.925,1.9249999999999998
5985,2903.071,37702.887,34799.816000000006,92.30013606119873,1.0,3.45,2.45
5986,4016.093,35681.05900000001,31664.966000000008,88.74446803835055,1.0,3.775,2.775
5987,3851.8520000000003,35470.270000000004,31618.418000000005,89.1406183262772,1.0,3.675,2.675
5988,3225.816,35493.654,32267.838000000003,90.9115697132789,1.0,4.425,3.425
5989,4584.870000000001,35644.323000000004,31059.453,87.13716627469681,1.0,2.55,1.5499999999999998
5990,4063.7560000000003,38278.584,34214.828,89.38373477974002,1.0,3.35,2.35
5991,3597.9120000000003,38537.784,34939.872,90.66393646297878,1.0,3.625,2.625
5992,4489.9310000000005,36253.062000000005,31763.131000000005,87.61502959391403,1.0,3.1,2.1
5993,3425.357,36915.629,33490.272,90.72111977287452,1.0,3.125,2.125
5994,3379.677,41109.182,37729.505,91.77877827877965,1.0,4.1,3.0999999999999996
5995,4107.314,38144.862,34037.548,89.23232701693875,1.0,3.225,2.225
5996,3889.804,33624.138000000006,29734.334000000006,88.43151309930978,1.0,3.95,2.95
5997,4518.464000000001,37375.651,32857.187,87.91067478664118,1.0,3.4,2.4
5998,3316.899,40783.589,37466.69,91.8670742783329,1.0,3.575,2.575
5999,3641.017,36395.487,32754.47,89.99596570860558,1.0,3.35,2.35
6000,3664.5730000000003,36111.489,32446.916,89.85205788661885,1.0,3.2,2.2
6001,3486.594,35488.316999999995,32001.722999999994,90.17537518051363,1.0,3.1,2.1
6002,2553.999,39180.417,36626.418000000005,93.48143997548573,1.0,3.225,2.225
6003,3329.3109999999997,36178.589,32849.278,90.79756537768789,1.0,3.525,2.525
6004,3478.9089999999997,37467.070999999996,33988.162,90.71475589858625,1.0,3.1,2.1
6005,4171.308,33096.951,28925.643,87.39670007669287,1.0,3.65,2.65
6006,3516.8990000000003,35863.899000000005,32347.000000000004,90.19376281424393,1.0,3.45,2.45
6007,4465.927,40408.007,35942.08,88.9479156940356,1.0,4.025,3.0250000000000004
6008,3419.8,36941.755999999994,33521.95599999999,90.7427248450236,1.0,3.7,2.7
6009,4058.63,35839.808000000005,31781.178000000004,88.67563687841185,1.0,3.7,2.7
6010,3933.869,36257.528,32323.659,89.15020075279264,1.0,3.525,2.525
6011,5428.379,35628.083,30199.703999999998,84.76376346153678,1.0,3.325,2.325
6012,2284.714,38786.081000000006,36501.367000000006,94.10944869629907,1.0,3.3,2.3
6013,2676.188,34683.012,32006.824,92.28386508069137,1.0,3.35,2.35
6014,4372.813999999999,35913.181,31540.367,87.82393016090666,1.0,3.675,2.675
6015,3900.536,34277.838,30377.302000000003,88.62082258513504,1.0,3.25,2.25
6016,3463.4610000000002,39547.919,36084.458,91.24236853018738,1.0,3.275,2.275
6017,3641.5730000000003,32552.718,28911.145,88.81330585052837,1.0,3.6,2.6
6018,3806.758,38932.12,35125.362,90.22206342731913,1.0,2.95,1.9500000000000002
6019,3568.025,36112.196,32544.171000000002,90.11961222186542,1.0,3.375,2.375
6020,3881.636,32221.081,28339.445,87.95311678090502,1.0,3.25,2.25
6021,2834.3849999999998,38974.193,36139.808,92.72753383245164,1.0,3.65,2.65
6022,3537.4190000000003,40009.041000000005,36471.622,91.1584509111328,1.0,3.325,2.325
6023,2934.282,36365.123,33430.841,91.93105437866936,1.0,3.8,2.8
6024,3640.9139999999998,41514.356,37873.442,91.2297471265121,1.0,3.575,2.575
6025,3301.492,33036.831,29735.339,90.00663229472585,1.0,3.825,2.825
6026,4158.63,37514.546,33355.916000000005,88.9146199450208,1.0,2.8,1.7999999999999998
6027,4343.532,36686.085999999996,32342.553999999996,88.16027417043072,1.0,3.55,2.55
6028,3545.0679999999998,34073.257,30528.189,89.59574659974537,1.0,3.575,2.575
6029,3481.8480000000004,34060.069,30578.221,89.77733133776094,1.0,3.075,2.075
6030,4235.63,39311.39600000001,35075.76600000001,89.2254398699044,1.0,3.5,2.5
6031,3905.2520000000004,35841.615000000005,31936.363000000005,89.10414053607796,1.0,3.1,2.1
6032,3252.62,38508.12699999999,35255.50699999999,91.55341936002236,1.0,3.475,2.475
6033,3235.848,41558.301,38322.453,92.21371441532223,1.0,3.1,2.1
6034,2476.08,35407.570999999996,32931.490999999995,93.00691933936953,1.0,3.7,2.7
6035,3002.3630000000003,35301.782999999996,32299.419999999995,91.49515195875517,1.0,3.175,2.175
6036,3260.1720000000005,41859.638999999996,38599.467,92.21165763039667,1.0,3.55,2.55
6037,2794.116,34882.963,32088.847,91.99002676464151,1.0,3.5,2.5
6038,3019.596,33964.019,30944.423,91.10942671419421,1.0,4.05,3.05
6039,4172.4259999999995,36361.59299999999,32189.166999999994,88.52518370138513,1.0,3.675,2.675
6040,3132.909,32932.93,29800.021,90.48700191571172,1.0,3.45,2.45
6041,5111.871999999999,36662.702,31550.829999999998,86.05702329304589,1.0,3.9,2.9
6042,4599.925,35682.702000000005,31082.777000000006,87.10880975325243,1.0,3.65,2.65
6043,4118.361000000001,38482.936,34364.575,89.29821518815507,1.0,4.075,3.075
6044,3283.0690000000004,37425.869,34142.799999999996,91.2278082307187,1.0,3.95,2.95
6045,2624.397,35114.312999999995,32489.915999999994,92.52613314690224,1.0,3.175,2.175
6046,3922.6240000000003,36984.600999999995,33061.97699999999,89.39389936909147,1.0,3.675,2.675
6047,2530.9990000000003,32117.887,29586.888,92.11965905478154,1.0,3.075,2.075
6048,3719.8300000000004,36130.243,32410.413,89.7043869868243,1.0,3.575,2.575
6049,3594.4170000000004,39064.742,35470.325,90.79882058353283,1.0,3.4,2.4
6050,5487.335999999999,38682.887,33195.55100000001,85.81456446102382,1.0,3.2,2.2
6051,2401.294,37666.086,35264.792,93.62478490597616,1.0,3.425,2.425
6052,4114.866,36799.954,32685.087999999996,88.81828493589964,1.0,3.7,2.7
6053,3605.7490000000003,37511.016,33905.267,90.38749310335929,1.0,2.875,1.875
6054,3894.8050000000003,34224.862,30330.057,88.61995411405896,1.0,3.425,2.425
6055,2860.4629999999997,34186.418,31325.954999999998,91.63275017581543,1.0,3.425,2.425
6056,3942.026,35235.39,31293.364,88.8123105775188,1.0,3.875,2.875
6057,3346.477,35179.83500000001,31833.358000000007,90.48751365661607,1.0,3.975,2.975
6058,2723.8410000000003,34094.834,31370.993000000002,92.01098618048705,1.0,3.15,2.15
6059,4560.158,33605.384000000005,29045.226000000006,86.43027557727059,1.0,3.575,2.575
6060,3721.862,39803.58900000001,36081.727000000006,90.64943113546872,1.0,3.675,2.675
6061,3482.301,36959.574,33477.273,90.57808133827517,1.0,3.275,2.275
6062,4870.534,35300.683000000005,30430.149000000005,86.20272021365706,1.0,3.575,2.575
6063,3266.956,36548.127,33281.171,91.06122182403493,1.0,3.2,2.2
6064,4591.757,34834.617,30242.86,86.81840825176864,1.0,3.325,2.325
6065,2905.9669999999996,34670.531,31764.564000000002,91.61833719823905,1.0,3.525,2.525
6066,2742.638,39378.725000000006,36636.08700000001,93.03522904817258,1.0,3.025,2.025
6067,4843.936,32824.399000000005,27980.463000000003,85.24287984678713,1.0,4.1,3.0999999999999996
6068,3995.361,38491.016,34495.655000000006,89.62001678521555,1.0,3.5,2.5
6069,3903.475,36752.315,32848.840000000004,89.37896837246852,1.0,3.15,2.15
6070,3326.125,38519.737,35193.612,91.36514094060404,1.0,3.3,2.3
6071,3634.233,36655.558,33021.325,90.08545170694168,1.0,4.05,3.05
6072,4083.861,35457.789000000004,31373.928000000004,88.48247136898468,1.0,4.275,3.2750000000000004
6073,2318.634,37393.534,35074.9,93.79937183792258,1.0,3.4,2.4
6074,3298.911,38004.16,34705.249,91.31960553792005,1.0,3.125,2.125
6075,4599.659,37648.268,33048.609,87.7825481905303,1.0,3.575,2.575
6076,4947.987,37818.562,32870.575,86.91651205564082,1.0,3.425,2.425
6077,2788.282,35845.145000000004,33056.863000000005,92.22131197962793,1.0,3.9,2.9
6078,5565.256,37594.356,32029.1,85.19656514398065,1.0,3.775,2.775
6079,4279.972,35832.435,31552.462999999996,88.05559264950874,1.0,3.575,2.575
6080,2788.342,38090.242999999995,35301.901,92.67964239556046,1.0,3.05,2.05
6081,3296.7400000000002,40492.21799999999,37195.477999999996,91.85833682906677,1.0,3.775,2.775
6082,2694.5099999999998,37244.672,34550.162,92.76538131413803,1.0,3.35,2.35
6083,4131.579000000001,34804.253,30672.673999999995,88.12909732612275,1.0,2.875,1.875
6084,4118.464,33527.381,29408.917,87.71611776058499,1.0,3.75,2.75
6085,4253.206,34120.025,29866.819000000003,87.53457537032871,1.0,3.775,2.775
6086,3527.5280000000002,38521.38,34993.852,90.84267489897819,1.0,3.3,2.3
6087,3749.578,37987.049,34237.471,90.12932539192502,1.0,3.225,2.225
6088,3872.4260000000004,34875.819,31003.393000000004,88.89653028650024,1.0,3.55,2.55
6089,3411.686,35204.861999999994,31793.175999999992,90.30904878990862,1.0,3.5,2.5
6090,3366.291,35554.71,32188.418999999998,90.53208140356087,1.0,3.2,2.2
6091,2641.688,38544.928,35903.24,93.1464705291446,1.0,3.425,2.425
6092,3458.286,37981.712,34523.426,90.89486540259165,1.0,3.8,2.8
6093,3021.0700000000006,39099.671,36078.601,92.27341324687873,1.0,3.825,2.825
6094,2886.4450000000006,38858.518,35972.073,92.57191177491639,1.0,3.575,2.575
6095,3891.068,33831.233,29940.165,88.49859241015542,1.0,3.7,2.7
6096,3493.6490000000003,35552.903,32059.253999999997,90.17337909087199,1.0,3.45,2.45
6097,2473.19,37616.804,35143.613999999994,93.42530535023656,1.0,3.225,2.225
6098,3649.6809999999996,44400.509000000005,40750.82800000001,91.78009198047707,1.0,3.7,2.7
6099,3046.295,36920.966,33874.671,91.74914600013444,1.0,3.8,2.8
6100,3839.855,35014.878000000004,31175.023000000005,89.0336473541333,1.0,3.825,2.825
6101,3692.0779999999995,35143.97,31451.892,89.4944196685804,1.0,3.5,2.5
6102,3385.191,34350.504,30965.313000000002,90.1451489620065,1.0,3.05,2.05
6103,2665.638,38094.644,35429.006,93.0025911254086,1.0,3.075,2.075
6104,2889.3999999999996,38481.129,35591.729,92.49138454331732,1.0,3.45,2.45
6105,4732.539000000001,36987.359,32254.819999999996,87.20498265366824,1.0,3.1,2.1
6106,4372.917,37386.325,33013.407999999996,88.30343180293863,1.0,3.9,2.9
6107,4628.634,36753.41500000001,32124.78100000001,87.40624782758283,1.0,3.1,2.1
6108,3721.965,38847.844,35125.879,90.4191208140148,1.0,3.9,2.9
6109,3167.803,38161.973000000005,34994.170000000006,91.6990586414387,1.0,3.15,2.15
6110,3930.152,39252.147,35321.994999999995,89.98742157976733,1.0,3.525,2.525
6111,3700.639,36505.825,32805.185999999994,89.86288078683332,1.0,3.825,2.825
6112,3840.2490000000003,32438.85,28598.601,88.16157477839073,1.0,3.425,2.425
6113,3542.135,34786.977999999996,31244.842999999993,89.81764095748701,1.0,3.55,2.55
6114,2892.339,35567.027,32674.688000000002,91.86792025096729,1.0,3.25,2.25
6115,4111.371,35324.066999999995,31212.695999999996,88.36099195486182,1.0,3.15,2.15
6116,2726.277,36589.165,33862.888,92.54894994187487,1.0,3.125,2.125
6117,2943.9620000000004,36535.417,33591.455,91.94216942973445,1.0,2.85,1.85
6118,2048.442,40281.429000000004,38232.987,94.91467395558384,1.0,3.375,2.375
6119,3754.5360000000005,38645.922,34891.386,90.2847808883949,1.0,3.3,2.3
6120,4185.535,35004.911,30819.376,88.04300630845769,1.0,3.4,2.4
6121,3382.464,39238.729999999996,35856.265999999996,91.37978216930058,1.0,3.15,2.15
6122,2275.179,39438.681000000004,37163.50200000001,94.23109763736775,1.0,3.55,2.55
6123,2287.526,35846.016,33558.490000000005,93.61846515941967,1.0,2.975,1.975
6124,2613.665,39500.444,36886.779,93.38320095844999,1.0,3.475,2.475
6125,4375.255999999999,35875.672999999995,31500.416999999994,87.80439324441383,1.0,3.75,2.75
6126,4275.812,35100.025,30824.213000000003,87.81820810668938,1.0,3.15,2.15
6127,3997.8900000000003,33211.755,29213.864999999998,87.96242474991159,1.0,3.475,2.475
6128,3703.578,36220.727,32517.148999999998,89.77497607930398,1.0,3.325,2.325
6129,2942.3900000000003,38810.172,35867.782,92.41850821995841,1.0,3.175,2.175
6130,4088.868,33867.098,29778.23,87.92672463403862,1.0,3.35,2.35
6131,2997.4049999999997,36422.485,33425.08,91.77045443220034,1.0,3.4,2.4
6132,2539.0040000000004,38114.333999999995,35575.329999999994,93.33845371665159,1.0,3.575,2.575
6133,3329.4139999999998,38421.880000000005,35092.46600000001,91.33458852091569,1.0,3.6,2.6
6134,2921.5609999999997,34383.626000000004,31462.065000000002,91.50304566481732,1.0,3.775,2.775
6135,3710.918,37777.36,34066.442,90.17687313247936,1.0,3.425,2.425
6136,2976.7819999999997,35490.123999999996,32513.341999999997,91.61236517516816,1.0,3.55,2.55
6137,2962.905,34665.901,31702.996,91.45296987953667,1.0,3.35,2.35
6138,2799.576,35547.337,32747.761,92.12437207321605,1.0,3.8,2.8
6139,3043.853,38690.031,35646.178,92.13272018313967,1.0,3.325,2.325
6140,4487.041,37616.804000000004,33129.763000000006,88.07171124904711,1.0,3.95,2.95
6141,3719.232,32654.976,28935.744,88.61051987911429,1.0,3.8,2.8
6142,3859.96,39662.887,35802.927,90.26808109051669,1.0,3.4,2.4
6143,3169.7920000000004,36771.233,33601.441,91.37969618805005,1.0,3.3,2.3
6144,4655.933,36383.877,31727.944,87.20330711320291,1.0,3.425,2.425
6145,3126.1739999999995,38985.096000000005,35858.922000000006,91.98110477911867,1.0,3.725,2.725
6146,2966.4,35240.727,32274.326999999997,91.5824665024646,1.0,3.675,2.675
6147,3462.1310000000003,38398.725000000006,34936.594000000005,90.98373448597576,1.0,3.35,2.35
6148,2312.612,34939.618,32627.006,93.3811182480587,1.0,3.8,2.8
6149,3899.4179999999997,37733.415,33833.997,89.66587572314883,1.0,3.325,2.325
6150,3519.2380000000003,36497.745,32978.507000000005,90.35765634287817,1.0,3.075,2.075
6151,4704.871999999999,36378.54,31673.668,87.06690262995711,1.0,3.3,2.3
6152,2878.4919999999997,37291.211,34412.719000000005,92.28104445307503,1.0,3.775,2.775
6153,3426.7299999999996,34591.657,31164.927,90.09376740755727,1.0,3.65,2.65
6154,4260.5160000000005,34409.524,30149.007999999998,87.61820709870906,1.0,3.6,2.6
6155,3982.143,34629.329,30647.185999999998,88.50066370041418,1.0,3.35,2.35
6156,3966.036,38599.547000000006,34633.511000000006,89.72517475399387,1.0,4.1,3.0999999999999996
6157,3952.365,37285.873999999996,33333.509,89.3998327624022,1.0,3.15,2.15
6158,4625.139,33788.388000000006,29163.249000000007,86.31145410074018,1.0,2.975,1.975
6159,4765.818,36661.995,31896.177000000003,87.00065831114755,1.0,3.375,2.375
6160,2548.165,40293.203,37745.038,93.6759433098431,1.0,3.35,2.35
6161,4535.030000000001,34072.55,29537.520000000004,86.69007749640106,1.0,3.4,2.4
6162,4418.3550000000005,37878.518,33460.16299999999,88.33545969248321,1.0,3.775,2.775
6163,3827.237,37576.538,33749.301,89.81482274923783,1.0,2.925,1.9249999999999998
6164,3204.346,37484.182,34279.836,91.45147145001057,1.0,3.125,2.125
6165,5896.956,39995.624,34098.668000000005,85.25599700607248,1.0,3.4,2.4
6166,5523.964,35462.19,29938.226000000002,84.42294737014268,1.0,3.425,2.425
6167,3840.702,35821.761,31981.058999999997,89.27829929969104,1.0,3.525,2.525
6168,3768.63,32349.237,28580.607,88.35017345231357,1.0,3.0,2.0
6169,3702.422,40480.672999999995,36778.251,90.85385265210388,1.0,3.1,2.1
6170,2982.972,35773.41499999999,32790.44299999999,91.66148381416758,1.0,3.425,2.425
6171,4361.979,37371.02099999999,33009.041999999994,88.32791054865747,1.0,3.475,2.475
6172,5109.145,38761.761,33652.615999999995,86.81911020502912,1.0,3.1,2.1
6173,4317.696,39148.246,34830.55,88.97090817299964,1.0,3.2,2.2
6174,3192.2299999999996,37382.795,34190.565,91.46069736091162,1.0,3.875,2.875
6175,3706.9700000000003,38736.56999999999,35029.59999999999,90.43030913681825,1.0,3.675,2.675
6176,2919.7999999999997,38646.086,35726.286,92.44477176809056,1.0,3.175,2.175
6177,3273.6369999999997,38187.0,34913.363,91.4273522402912,1.0,3.25,2.25
6178,3591.31,37297.484,33706.174,90.37117356227033,1.0,3.625,2.625
6179,3594.5690000000004,40884.91099999999,37290.34199999999,91.20807918598624,1.0,3.875,2.875
6180,3117.255,35004.911,31887.656,91.09480666869857,1.0,3.275,2.275
6181,4195.258,34416.897000000004,30221.639000000003,87.81046995608,1.0,3.575,2.575
6182,3022.8849999999998,36292.457,33269.572,91.6707623294835,1.0,3.275,2.275
6183,3449.416,36785.585999999996,33336.17,90.62291409466742,1.0,3.725,2.725
6184,5142.715,37825.706,32682.990999999998,86.40417973956652,1.0,3.15,2.15
6185,4304.587,35650.530999999995,31345.943999999996,87.92560200575976,1.0,3.6,2.6
6186,4273.582,38059.715,33786.132999999994,88.77137676937411,1.0,2.8,1.7999999999999998
6187,4071.411,33661.81,29590.398999999998,87.9049551999729,1.0,2.975,1.975
6188,3944.2569999999996,40328.197,36383.94,90.2196049081986,1.0,3.275,2.275
6189,3021.5610000000006,35077.577000000005,32056.016000000003,91.3860612436258,1.0,3.35,2.35
6190,4812.266,34459.906,29647.640000000003,86.03517374655635,1.0,3.875,2.875
6191,3171.8109999999997,35695.412,32523.600999999995,91.11423339223539,1.0,3.675,2.675
6192,2527.5040000000004,39777.691,37250.187,93.64592580298338,1.0,3.325,2.325
6193,4742.817999999999,36263.029,31520.211000000003,86.92106497777668,1.0,3.175,2.175
6194,4835.822,35628.083,30792.261,86.42693742461529,1.0,3.3,2.3
6195,4367.251,35589.475,31222.224,87.72881308308145,1.0,2.95,1.9500000000000002
6196,2709.505,36872.619999999995,34163.115,92.65171555479378,1.0,3.925,2.925
6197,3249.687,38356.587,35106.9,91.5276950996709,1.0,3.125,2.125
6198,4502.290999999999,36298.73,31796.439000000006,87.59656054082335,1.0,3.05,2.05
6199,3887.8149999999996,36577.55499999999,32689.739999999994,89.37103641837187,1.0,3.75,2.75
6200,4893.081,37656.348,32763.267,87.00595979195859,1.0,3.05,2.05
6201,3424.6980000000003,41340.53200000001,37915.834,91.71588309506998,1.0,3.025,2.025
6202,2910.574,36365.123,33454.549,91.99624871336198,1.0,3.2,2.2
6203,3310.924,33582.0,30271.076,90.1407777976297,1.0,3.15,2.15
6204,3380.13,37071.635,33691.505000000005,90.88216637868818,1.0,3.175,2.175
6205,4121.856,33926.347,29804.491,87.85057524760919,1.0,3.275,2.275
6206,3487.508,40823.148,37335.64,91.45703315187745,1.0,3.625,2.625
6207,4391.098,38672.213,34281.115000000005,88.64534077736901,1.0,3.85,2.85
6208,3870.904,35566.091,31695.187,89.1163074401401,1.0,3.325,2.325
6209,4039.79,36498.845,32459.055,88.93173194932606,1.0,3.825,2.825
6210,3923.0770000000007,36002.958,32079.880999999998,89.10345922132286,1.0,3.15,2.15
6211,4634.571,38284.857,33650.28600000001,87.89450617511775,1.0,3.225,2.225
6212,4354.983,37903.545,33548.562,88.51035437450507,1.0,3.1,2.1
6213,3356.677,35369.111999999994,32012.434999999994,90.50958078902292,1.0,3.7,2.7
6214,3836.192,35741.951,31905.759000000002,89.26697650052735,1.0,3.7,2.7
6215,3052.808,36329.258,33276.450000000004,91.59683360447384,1.0,2.9,1.9
6216,4744.039,34368.322,29624.283,86.19647767499384,1.0,3.4,2.4
6217,3556.4219999999996,36957.76700000001,33401.34500000001,90.37706471822283,1.0,3.575,2.575
6218,3381.183,36221.663,32840.48,90.66530159037701,1.0,3.7,2.7
6219,3392.889,35935.629,32542.74,90.55842601224539,1.0,2.9,1.9
6220,3676.315,30762.305,27085.99,88.04928629372864,1.0,3.525,2.525
6221,3801.304,36160.771,32359.467,89.4877683885667,1.0,3.675,2.675
6222,4550.823,38059.715,33508.89199999999,88.04293989064288,1.0,3.425,2.425
6223,3621.9649999999997,36789.28,33167.315,90.15483586523032,1.0,3.15,2.15
6224,3435.8480000000004,36636.804000000004,33200.956000000006,90.62186756246533,1.0,3.075,2.075
6225,4078.7569999999996,36220.727,32141.97,88.73916307643411,1.0,3.2,2.2
6226,3594.0069999999996,35797.67,32203.663,89.96022087471056,1.0,3.55,2.55
6227,2785.9049999999997,39051.489,36265.584,92.86607227703917,1.0,3.625,2.625
6228,3341.017,35741.015,32399.998,90.65214851900541,1.0,3.5,2.5
6229,3207.635,38954.568,35746.933,91.76570254867157,1.0,2.95,1.9500000000000002
6230,3725.254,38332.267,34607.013,90.28167574852799,1.0,3.4,2.4
6231,2908.3,37823.899,34915.598999999995,92.31094605027366,1.0,3.375,2.375
6232,3253.079,36668.039000000004,33414.96000000001,91.12829840723144,1.0,3.725,2.725
6233,3803.366,36449.17,32645.803999999996,89.56528776924138,1.0,3.4,2.4
6234,2765.076,39506.880999999994,36741.80499999999,93.00102683378117,1.0,3.525,2.525
6235,3505.404,37817.626000000004,34312.222,90.73076665362336,1.0,3.925,2.925
6236,3622.4179999999997,37460.634,33838.216,90.33006755838676,1.0,3.125,2.125
6237,5023.8150000000005,36354.449,31330.634,86.18101734948588,1.0,3.7,2.7
6238,3260.522,36515.792,33255.270000000004,91.0709262447327,1.0,3.1,2.1
6239,4621.753000000001,35464.933000000005,30843.180000000004,86.96810452172573,1.0,3.775,2.775
6240,3722.557,35081.27100000001,31358.714000000007,89.38876245390311,1.0,3.125,2.125
6241,3737.619,37001.712,33264.093,89.89879441253962,1.0,3.075,2.075
6242,4068.2069999999994,34993.30099999999,30925.093999999994,88.3743262746204,1.0,3.175,2.175
6243,4568.757,36298.729999999996,31729.972999999998,87.41345220617912,1.0,3.675,2.675
6244,4766.98,36721.244000000006,31954.264000000006,87.01846811072087,1.0,3.6,2.6
6245,3428.852,33753.229999999996,30324.377999999997,89.84141073313576,1.0,3.125,2.125
6246,3712.036,35415.651,31703.614999999998,89.51865659620375,1.0,3.5,2.5
6247,3228.09,36154.334,32926.244000000006,91.07136090516839,1.0,2.925,1.9249999999999998
6248,3679.962,38569.019,34889.057,90.45876173308946,1.0,3.125,2.125
6249,3333.677,41545.82000000001,38212.143000000004,91.97590275026464,1.0,3.675,2.675
6250,4018.3610000000003,39015.624,34997.263000000006,89.70063633994423,1.0,3.975,2.975
6251,3590.754,40159.481,36568.727,91.05876393173507,1.0,3.625,2.625
6252,4888.921,37653.604999999996,32764.683999999994,87.01606127753239,1.0,3.25,2.25
6253,4507.374,38054.378,33547.004,88.15543904041738,1.0,2.975,1.975
6254,3201.353,38973.322,35771.969,91.78578361885599,1.0,3.15,2.15
6255,3865.523,33389.422000000006,29523.899000000005,88.4229113040651,1.0,3.575,2.575
6256,3625.357,39023.704,35398.346999999994,90.70985932037614,1.0,3.275,2.275
6257,4835.974,35639.628,30803.653999999995,86.43090775246026,1.0,3.175,2.175
6258,3831.579,34603.431,30771.851999999995,88.92717025661415,1.0,3.325,2.325
6259,3995.8199999999997,37606.837,33611.017,89.37475119218348,1.0,2.975,1.975
6260,4161.314,38743.943,34582.629,89.25944630880755,1.0,3.325,2.325
6261,3358.08,37434.9,34076.82,91.02954729410256,1.0,3.25,2.25
6262,3227.5339999999997,36638.447,33410.913,91.19085478704925,1.0,3.55,2.55
6263,2796.952,40659.12700000001,37862.17500000001,93.12097379759285,1.0,3.025,2.025
6264,4829.709,35071.304000000004,30241.595000000005,86.22888672745103,1.0,3.85,2.85
6265,3786.352,38253.393,34467.041,90.10191854092525,1.0,3.65,2.65
6266,4078.092,38265.167,34187.075000000004,89.34254749234468,1.0,3.225,2.225
6267,3758.739,31319.084000000003,27560.345,87.99856662474546,1.0,3.9,2.9
6268,4666.483,39796.609,35130.126,88.27416928914722,1.0,3.3,2.3
6269,2737.118,37254.639,34517.521,92.65294719403937,1.0,3.3,2.3
6270,3864.924,38411.20599999999,34546.28199999999,89.9380300634143,1.0,3.2,2.2
6271,2988.076,37793.371,34805.295,92.09365049759653,1.0,3.575,2.575
6272,3500.126,35198.589,31698.463,90.05606162224286,1.0,3.325,2.325
6273,3164.411,37484.888999999996,34320.477999999996,91.55816894642533,1.0,3.5,2.5
6274,3145.0740000000005,40323.731,37178.657,92.20043899211609,1.0,3.675,2.675
6275,4404.5380000000005,34170.243,29765.705,87.11001850352659,1.0,3.3,2.3
6276,4171.642,35997.392,31825.75,88.41126601616028,1.0,3.5,2.5
6277,4344.813,36112.195999999996,31767.382999999994,87.9685716149746,1.0,3.725,2.725
6278,5182.034,36920.259000000005,31738.225000000006,85.96425339269696,1.0,3.4,2.4
6279,4038.072,35028.295,30990.222999999998,88.47197101657389,1.0,3.55,2.55
6280,4470.0869999999995,36481.734,32011.646999999997,87.74705445744438,1.0,3.525,2.525
6281,3395.579,37127.354,33731.775,90.85423916824237,1.0,3.425,2.425
6282,3646.574,36745.33500000001,33098.761000000006,90.07608993087149,1.0,3.4,2.4
6283,4819.473,36297.794,31478.321000000004,86.72240797884302,1.0,3.175,2.175
6284,2911.179,36400.988,33489.808999999994,92.00247257025,1.0,3.725,2.725
6285,3691.9750000000004,36996.375,33304.4,90.02071148862558,1.0,3.175,2.175
6286,2974.9449999999997,35074.834,32099.889000000003,91.51829200389088,1.0,3.7,2.7
6287,4696.473,37374.55099999999,32678.077999999994,87.43403499349063,1.0,3.425,2.425
6288,4563.091,42567.958,38004.867,89.28045597113208,1.0,3.05,2.05
6289,3687.156,33643.056,29955.899999999998,89.0403654174579,1.0,3.3,2.3
6290,2373.0510000000004,34228.556,31855.504999999997,93.06704320217307,1.0,3.425,2.425
6291,3940.6589999999997,37963.66499999999,34023.005999999994,89.61991946773315,1.0,3.4,2.4
6292,2510.376,37386.325,34875.94899999999,93.28530953497032,1.0,3.2,2.2
6293,4040.249,36668.268000000004,32628.019000000004,88.981620293601,1.0,3.375,2.375
6294,3015.9979999999996,35173.398,32157.4,91.42534366455013,1.0,3.55,2.55
6295,5023.378000000001,34972.740000000005,29949.362000000005,85.63630416146977,1.0,3.225,2.225
6296,3590.059,38144.155,34554.096,90.58818054823865,1.0,3.7,2.7
6297,4361.52,36835.819,32474.299000000003,88.15956827239269,1.0,3.55,2.55
6298,3739.9420000000005,35684.509,31944.567,89.51942424092202,1.0,3.15,2.15
6299,3031.4030000000002,37268.056,34236.653,91.86594814604764,1.0,3.5,2.5
6300,4298.540999999999,36869.09,32570.549,88.34107107064482,1.0,3.3,2.3
6301,3936.192,35777.816,31841.624,88.99823287145308,1.0,4.125,3.125
6302,3834.124,34435.651000000005,30601.527000000006,88.86582977623975,1.0,3.075,2.075
6303,4675.541,34264.421,29588.88,86.35453084118946,1.0,2.975,1.975
6304,3021.971,37576.309,34554.338,91.95777584222017,1.0,3.625,2.625
6305,4895.04,35288.365999999995,30393.325999999994,86.1284594475131,1.0,3.775,2.775
6306,4371.967,34836.424,30464.457,87.45001209079324,1.0,3.45,2.45
6307,4696.473,39132.235,34435.762,87.99845447110292,1.0,3.525,2.525
6308,2669.236,37112.05,34442.814000000006,92.80762986684918,1.0,3.75,2.75
6309,3279.574,38158.279,34878.705,91.40534089600844,1.0,3.775,2.775
6310,4011.4740000000006,35057.016,31045.542,88.5572862219648,1.0,3.25,2.25
6311,3078.456,38846.037,35767.581,92.07523794512167,1.0,3.15,2.15
6312,3335.08,39016.331000000006,35681.251000000004,91.4520922021089,1.0,3.15,2.15
6313,3510.617,33678.049999999996,30167.432999999997,89.57594932010613,1.0,3.5,2.5
6314,3586.968,39861.902,36274.934,91.00151317415812,1.0,3.45,2.45
6315,3133.164,35227.31,32094.145999999997,91.10586644282517,1.0,3.725,2.725
6316,3274.961,38641.685,35366.723999999995,91.52479763757712,1.0,3.375,2.375
6317,5265.921,35233.747,29967.826,85.05432589954171,1.0,3.2,2.2
6318,4331.1849999999995,34666.130000000005,30334.945000000007,87.50600369871111,1.0,3.125,2.125
6319,3326.1250000000005,39481.919,36155.794,91.57557412546234,1.0,3.4,2.4
6320,5431.209,34781.805,29350.596,84.38491331890337,1.0,3.225,2.225
6321,4148.387,33316.592,29168.204999999998,87.54858540153207,1.0,3.3,2.3
6322,4385.638,36279.976,31894.338000000003,87.91168439582209,1.0,3.425,2.425
6323,4779.036,37787.098,33008.062,87.35273081833381,1.0,3.4,2.4
6324,3955.0319999999997,35948.11,31993.078,88.99794175549147,1.0,3.175,2.175
6325,3537.625,33432.267,29894.642,89.41853090608542,1.0,2.975,1.975
6326,3182.798,31808.534,28625.736,89.99388654629604,1.0,3.9,2.9
6327,4666.477000000001,36263.028999999995,31596.551999999996,87.13158517453135,1.0,3.225,2.225
6328,3114.5280000000002,41188.763,38074.235,92.43840364907292,1.0,3.375,2.375
6329,5247.328,37655.412,32408.083999999995,86.0648769425229,1.0,3.55,2.55
6330,3678.8599999999997,34906.347,31227.487,89.46077055843168,1.0,3.575,2.575
6331,4444.148,37243.965000000004,32799.817,88.0674681119478,1.0,3.6,2.6
6332,2357.991,35264.111,32906.119999999995,93.3133405801723,1.0,3.15,2.15
6333,3253.285,38839.763999999996,35586.47899999999,91.6238291252233,1.0,3.25,2.25
6334,3168.419,35147.5,31979.081,90.98536453517319,1.0,3.95,2.95
6335,3301.747,37018.823000000004,33717.076,91.080896872383,1.0,3.775,2.775
6336,3996.691,42246.995,38250.304000000004,90.53970347476785,1.0,3.2,2.2
6337,3861.7729999999997,34846.391,30984.618000000002,88.91772465045233,1.0,3.525,2.525
6338,3828.646,37798.937000000005,33970.291000000005,89.87102203429689,1.0,3.7,2.7
6339,4517.799000000001,40420.488000000005,35902.689000000006,88.82299738686974,1.0,3.85,2.85
6340,4676.768,38307.305,33630.537,87.7914460440378,1.0,3.375,2.375
6341,3503.578,37854.427,34350.849,90.74460168159459,1.0,3.05,2.05
6342,3731.191,36231.401,32500.21,89.70177553995221,1.0,2.875,1.875
6343,3390.241,36401.924,33011.683,90.68664337632264,1.0,3.425,2.425
6344,3791.8720000000003,36910.292,33118.42,89.72678948191468,1.0,3.125,2.125
6345,2907.8900000000003,35844.438,32936.548,91.88747219303592,1.0,4.05,3.05
6346,4680.9220000000005,40050.243,35369.321,88.31237553290251,1.0,3.125,2.125
6347,4430.417,34750.341,30319.924,87.25072366915767,1.0,3.05,2.05
6348,3843.182,36897.811,33054.629,89.58425474074872,1.0,2.975,1.975
6349,3108.197,38435.461,35327.264,91.91320483966616,1.0,3.175,2.175
6350,4051.29,34284.111000000004,30232.821000000004,88.18318491618464,1.0,3.0,2.0
6351,4927.823,34309.302,29381.479000000003,85.63706425738418,1.0,3.45,2.45
6352,5573.364,37485.118,31911.754,85.13179550348488,1.0,3.425,2.425
6353,5158.925,35299.04,30140.115,85.38508412693376,1.0,3.05,2.05
6354,5027.054999999999,34841.761,29814.706,85.57175396501916,1.0,3.025,2.025
6355,3042.6920000000005,36191.299,33148.606999999996,91.5927527221391,1.0,3.2,2.2
6356,3608.294,36730.031,33121.737,90.17617491256678,1.0,3.7,2.7
6357,2991.009,37109.307,34118.298,91.94000308332355,1.0,3.425,2.425
6358,3789.036,35049.807,31260.771,89.1895667214373,1.0,3.5,2.5
6359,3971.2050000000004,36721.015,32749.809999999998,89.18547049965802,1.0,3.05,2.05
6360,3143.853,34936.875,31793.022,91.00133311866044,1.0,2.975,1.975
6361,3910.2529999999997,39826.037,35915.784,90.18166683268034,1.0,3.325,2.325
6362,3445.63,36833.225,33387.595,90.64532090252754,1.0,3.3,2.3
6363,3532.3469999999998,41491.907999999996,37959.560999999994,91.4866604832923,1.0,3.575,2.575
6364,3750.6310000000003,35037.326,31286.695,89.29532750301777,1.0,3.325,2.325
6365,2561.2960000000003,37405.079,34843.782999999996,93.15254487231532,1.0,3.7,2.7
6366,3220.7929999999997,36687.893,33467.1,91.22110119542707,1.0,3.575,2.575
6367,3287.12,36021.005,32733.885,90.87443562443636,1.0,3.275,2.275
6368,4562.987999999999,38499.883,33936.895000000004,88.14804709926001,1.0,3.55,2.55
6369,5524.528,34853.535,29329.007000000005,84.14930365026102,1.0,3.25,2.25
6370,3728.084,34914.426999999996,31186.342999999997,89.32222487855809,1.0,3.675,2.675
6371,3013.35,37883.855,34870.505000000005,92.04582004656073,1.0,3.375,2.375
6372,3035.848,36971.184,33935.336,91.78861028632463,1.0,3.475,2.475
6373,3346.851,35640.793000000005,32293.942000000006,90.60949345319,1.0,2.925,1.9249999999999998
6374,4872.662,35288.36600000001,30415.70400000001,86.19187411511204,1.0,3.375,2.375
6375,3857.9280000000003,36807.098,32949.17,89.51852167209705,1.0,3.25,2.25
6376,4116.897999999999,36098.778999999995,31981.880999999994,88.59546468316837,1.0,3.15,2.15
6377,3606.97,39057.762,35450.792,90.76503666543925,1.0,2.875,1.875
6378,3954.9889999999996,32940.074,28985.085,87.99338155706631,1.0,3.375,2.375
6379,3029.4630000000006,35094.524,32065.060999999998,91.36770454558666,1.0,3.575,2.575
6380,3888.371,36673.604999999996,32785.234,89.39735812718712,1.0,3.7,2.7
6381,3674.9120000000003,35190.509,31515.596999999998,89.55709336287235,1.0,3.3,2.3
6382,3461.7430000000004,38949.231,35487.488,91.11216598859166,1.0,4.05,3.05
6383,3932.5510000000004,39577.740000000005,35645.189000000006,90.06373026858027,1.0,3.425,2.425
6384,4373.370000000001,40038.469,35665.098999999995,89.07707984538568,1.0,3.425,2.425
6385,4089.139,37927.09299999999,33837.95399999999,89.21842230302227,1.0,3.85,2.85
6386,3923.9840000000004,36861.945999999996,32937.962,89.35491902679257,1.0,3.375,2.375
6387,3978.86,32999.323000000004,29020.463000000003,87.9426011254837,1.0,3.6,2.6
6388,3138.393,36947.799999999996,33809.40699999999,91.50587315076946,1.0,3.3,2.3
6389,2782.06,39960.695,37178.635,93.03800897356766,1.0,3.575,2.575
6390,3282.9660000000003,35773.415,32490.449,90.82288900849976,1.0,3.575,2.575
6391,4712.725,38779.644,34066.919,87.8474258299019,1.0,3.575,2.575
6392,2973.4309999999996,35312.686,32339.255,91.57970877661359,1.0,3.1,2.1
6393,3203.5780000000004,39549.019,36345.441,91.89972828403151,1.0,3.05,2.05
6394,3568.776,36825.145000000004,33256.369000000006,90.30886096986177,1.0,3.625,2.625
6395,3851.852,37759.542,33907.69,89.7989970323263,1.0,3.3,2.3
6396,3427.1400000000003,35905.101,32477.961000000003,90.45500526512932,1.0,3.775,2.775
6397,4100.742,35131.489,31030.747000000003,88.32744606982072,1.0,3.175,2.175
6398,3987.156,31649.784999999996,27662.628999999997,87.40226513387059,1.0,3.525,2.525
6399,5426.389999999999,36735.367999999995,31308.977999999996,85.228431630248,1.0,3.25,2.25
6400,3174.69,36818.708,33644.018,91.37750841229952,1.0,2.9,1.9
6401,4574.591,36511.326,31936.735,87.4707618123757,1.0,3.45,2.45
6402,4894.593,35359.932,30465.339,86.15779860662627,1.0,3.65,2.65
6403,4611.878,35263.175,30651.297000000002,86.92154634402603,1.0,3.025,2.025
6404,4130.629,39929.231,35798.602,89.65512508868503,1.0,3.25,2.25
6405,2883.384,36952.43,34069.046,92.1970381920756,1.0,3.65,2.65
6406,4252.305,35456.853,31204.548000000003,88.00709978406714,1.0,3.7,2.7
6407,4096.582,39403.916000000005,35307.334,89.60361706181689,1.0,3.4,2.4
6408,2412.612,34907.054000000004,32494.442000000003,93.08846859434199,1.0,3.05,2.05
6409,4707.0070000000005,35947.239,31240.232,86.90578989946904,1.0,3.2,2.2
6410,4019.9760000000006,33852.745,29832.769,88.12511068157102,1.0,3.45,2.45
6411,4422.412,37037.577,32615.164999999997,88.05966167819238,1.0,3.05,2.05
6412,4217.139999999999,36721.951,32504.811,88.5160241077605,1.0,2.9,1.9
6413,3354.791,35717.86,32363.069,90.6075251988781,1.0,3.75,2.75
6414,2429.675,39778.562000000005,37348.887,93.8919989113734,1.0,3.375,2.375
6415,4587.7,38136.78200000001,33549.08200000001,87.97040610295856,1.0,2.975,1.975
6416,3339.283,34011.494,30672.211,90.18189850760452,1.0,3.875,2.875
6417,3148.569,41254.285,38105.716,92.36789826802233,1.0,3.3,2.3
6418,5300.5599999999995,36757.816,31457.256,85.57977438050183,1.0,3.05,2.05
6419,4889.483,36002.022,31112.538999999997,86.41886558482743,1.0,3.8,2.8
6420,3611.173,33975.629,30364.456000000002,89.37128434031348,1.0,2.7,1.7000000000000002
6421,3469.58,38706.978,35237.398,91.03629324924306,1.0,3.35,2.35
6422,3885.294,36541.69,32656.396,89.36750325450191,1.0,3.5,2.5
6423,3347.801,36281.783,32933.982,90.77277707107173,1.0,3.475,2.475
6424,4376.865,33442.234,29065.369,86.9121632245023,1.0,3.625,2.625
6425,3580.065,36251.255000000005,32671.190000000006,90.12430052421634,1.0,3.4,2.4
6426,4912.030000000001,36522.936,31610.906000000003,86.55083479597589,1.0,3.3,2.3
6427,3300.8509999999997,37363.877,34063.026,91.16566249267976,1.0,3.375,2.375
6428,3886.032,37508.272999999994,33622.240999999995,89.63953365701481,1.0,3.875,2.875
6429,2772.386,39056.826,36284.44,92.90166077499488,1.0,3.7,2.7
6430,2382.212,35435.505000000005,33053.293000000005,93.27733018056325,1.0,3.05,2.05
6431,3554.682,35785.896,32231.214,90.06680732543346,1.0,3.2,2.2
6432,2592.2360000000003,33692.337999999996,31100.101999999995,92.30615577939412,1.0,3.225,2.225
6433,3453.6349999999998,34833.681000000004,31380.046000000006,90.08535732987852,1.0,3.925,2.925
6434,3597.399,37896.565,34299.166000000005,90.50732170580632,1.0,3.65,2.65
6435,3104.951,39769.611000000004,36664.66,92.1926543359954,1.0,3.05,2.05
6436,4238.108,34538.845,30300.737,87.7294449191917,1.0,3.275,2.275
6437,4372.814,40252.001000000004,35879.187000000005,89.13640591432959,1.0,3.0,2.0
6438,4564.296,38737.506,34173.21,88.21737258975836,1.0,3.65,2.65
6439,3638.078,34055.439,30417.360999999997,89.31718953909241,1.0,4.125,3.125
6440,3833.313,38713.415,34880.102,90.09823080707294,1.0,3.175,2.175
6441,3111.179,35069.497,31958.318000000003,91.12853258203276,1.0,3.55,2.55
6442,2938.83,37991.679000000004,35052.849,92.26454298058266,1.0,2.975,1.975
6443,3548.569,38858.518000000004,35309.949,90.86797648844971,1.0,3.05,2.05
6444,3451.2960000000003,37588.083,34136.787,90.81811115507007,1.0,3.575,2.575
6445,3069.895,35101.832,32031.937,91.2543168687036,1.0,3.925,2.925
6446,3430.079,33884.045,30453.965999999997,89.87700848585226,1.0,3.325,2.325
6447,4513.493,34371.065,29857.572,86.8683353279859,1.0,3.25,2.25
6448,3765.4800000000005,35113.441999999995,31347.961999999996,89.27624355367952,1.0,3.175,2.175
6449,2790.2039999999997,34958.372,32168.168000000005,92.01849559813598,1.0,2.875,1.875
6450,4067.965,39925.701,35857.736000000004,89.81116198811388,1.0,3.45,2.45
6451,4692.313,37095.89,32403.576999999997,87.35085477124285,1.0,2.9,1.9
6452,4046.422,36378.54,32332.118000000002,88.87689830323042,1.0,3.1,2.1
6453,4595.917,35185.172,30589.254999999997,86.93791521041875,1.0,3.0,2.0
6454,3301.559,37611.467000000004,34309.908,91.22193505507244,1.0,3.6,2.6
6455,3369.3329999999996,32710.530999999995,29341.197999999997,89.69954660778818,1.0,3.875,2.875
6456,5833.548000000001,39409.253000000004,33575.705,85.19751693847127,1.0,3.975,2.975
6457,4051.035,36777.505999999994,32726.470999999994,88.98501981075061,1.0,3.5,2.5
6458,4451.882,36494.215,32042.333,87.80112957629038,1.0,3.15,2.15
6459,3279.0119999999997,33020.82,29741.808,90.06986501243762,1.0,3.15,2.15
6460,3688.371,36982.958,33294.587,90.02683614436681,1.0,3.175,2.175
6461,3908.3730000000005,38469.519,34561.146,89.84033826885124,1.0,3.5,2.5
6462,3651.3990000000003,36760.559,33109.16,90.06707433366289,1.0,3.35,2.35
6463,3451.253,37436.543000000005,33985.29000000001,90.78105849677414,1.0,3.75,2.75
6464,3486.7030000000004,39428.007,35941.304,91.15678608862984,1.0,3.15,2.15
6465,2890.76,40201.619000000006,37310.859000000004,92.8093443201877,1.0,3.375,2.375
6466,3033.677,37152.381,34118.704,91.83450180487759,1.0,2.875,1.875
6467,3630.635,36433.323000000004,32802.688,90.0348507875606,1.0,3.35,2.35
6468,2784.7870000000003,37327.305,34542.518,92.53954444340408,1.0,3.35,2.35
6469,3649.4750000000004,34277.837999999996,30628.362999999998,89.35325209250362,1.0,3.35,2.35
6470,3165.583,37314.595,34149.012,91.51650178703534,1.0,2.9,1.9
6471,3246.683,35730.341,32483.658,90.9133724752305,1.0,2.875,1.875
6472,4143.592,34476.853,30333.261000000002,87.9815248798955,1.0,3.8,2.8
6473,5477.166,35935.629,30458.463,84.75839674324331,1.0,3.275,2.275
6474,3148.466,34847.262,31698.796000000002,90.9649544345837,1.0,3.4,2.4
6475,4568.304,39039.715,34471.41099999999,88.29831621465473,1.0,3.15,2.15
6476,3452.414,35542.936,32090.522,90.2866381100312,1.0,3.325,2.325
6477,2868.08,38073.132000000005,35205.052,92.46691866589804,1.0,3.05,2.05
6478,4905.385,33847.637,28942.252,85.50745211549035,1.0,3.4,2.4
6479,4074.041,35307.12,31233.079,88.46113475129096,1.0,3.625,2.625
6480,5371.646000000001,38628.975000000006,33257.329000000005,86.09425696643517,1.0,3.275,2.275
6481,3089.3999999999996,36148.061,33058.661,91.45348349390026,1.0,3.3,2.3
6482,4118.106,37574.666,33456.56,89.04020597282222,1.0,3.25,2.25
6483,4274.138,43256.423,38982.285,90.11906740416332,1.0,3.075,2.075
6484,3748.46,36952.43,33203.97,89.8559851138342,1.0,2.975,1.975
6485,5806.388,36529.208999999995,30722.820999999996,84.10480774439984,1.0,3.325,2.325
6486,2588.3469999999998,34532.407999999996,31944.060999999994,92.5045858371649,1.0,3.5,2.5
6487,3911.2920000000004,37715.368,33804.076,89.62944760342786,1.0,3.425,2.425
6488,3684.569,38659.503,34974.933999999994,90.4691764919999,1.0,3.275,2.275
6489,4134.868,33975.629,29840.761,87.82990007337318,1.0,3.625,2.625
6490,3486.206,36709.47,33223.264,90.50325161327581,1.0,2.925,1.9249999999999998
6491,3417.352,37837.087,34419.735,90.96824763491968,1.0,3.5,2.5
6492,4493.1900000000005,32679.296000000002,28186.106,86.25065240083507,1.0,3.25,2.25
6493,4440.859,36357.043,31916.183999999997,87.78542303344086,1.0,3.475,2.475
6494,3919.026,39282.675,35363.649000000005,90.02352563821074,1.0,3.85,2.85
6495,5054.215,36287.119999999995,31232.904999999995,86.07160061200779,1.0,3.475,2.475
6496,3469.2300000000005,37607.066000000006,34137.836,90.77505807020414,1.0,3.25,2.25
6497,2868.183,38912.43,36044.247,92.62913418668535,1.0,2.875,1.875
6498,5648.017,36590.265,30942.248,84.56415388082048,1.0,3.5,2.5
6499,4384.973,37061.668000000005,32676.695000000007,88.16844131246333,1.0,3.825,2.825
6500,4484.87,35783.153000000006,31298.283000000007,87.46653208564376,1.0,3.3,2.3
6501,2822.177,40201.619,37379.441999999995,92.97994192721441,1.0,3.325,2.325
6502,3069.689,37206.064,34136.375,91.74949277085585,1.0,3.375,2.375
6503,4540.091,36098.779,31558.688000000002,87.42314525374944,1.0,3.4,2.4
6504,3882.911,39983.85,36100.939,90.28880160364747,1.0,3.925,2.925
6505,3470.801,38599.547,35128.746,91.00818203902755,1.0,3.2,2.2
6506,3321.3060000000005,38230.009,34908.702999999994,91.31230651815957,1.0,3.05,2.05
6507,4553.762,35118.779,30565.017000000003,87.03325648081331,1.0,3.275,2.275
6508,3525.563,36548.67,33023.106999999996,90.35378578755396,1.0,2.825,1.8250000000000002
6509,3372.5190000000002,36838.562000000005,33466.043000000005,90.84513939496335,1.0,3.325,2.325
6510,3596.135,36123.97,32527.835,90.04501720049042,1.0,3.125,2.125
6511,3704.9020000000005,34476.853,30771.951,89.2539437981767,1.0,3.4,2.4
6512,3263.5640000000003,37367.571,34104.007000000005,91.26632020047543,1.0,2.9,1.9
6513,3610.3619999999996,40425.825,36815.462999999996,91.06916927483854,1.0,3.225,2.225
6514,2234.953,37577.409,35342.456,94.05240260178662,1.0,3.8,2.8
6515,3341.864,37763.714,34421.85,91.15059498649947,1.0,3.05,2.05
6516,4318.361,34270.465,29952.103999999996,87.39917593764777,1.0,2.975,1.975
6517,3854.433,33472.762,29618.329,88.48486718843219,1.0,3.9,2.9
6518,3882.9170000000004,37842.653,33959.736,89.73931082474581,1.0,3.075,2.075
6519,4171.702000000001,36874.426999999996,32702.724999999995,88.68673403386038,1.0,3.05,2.05
6520,4332.238,33532.718,29200.48,87.08056412247882,1.0,3.45,2.45
6521,4518.977000000001,34756.614,30237.637000000002,86.99822428042042,1.0,3.025,2.025
6522,3571.007,34405.12300000001,30834.116000000005,89.62071142719064,1.0,3.125,2.125
6523,3646.531,38963.519,35316.988,90.64116616366195,1.0,2.925,1.9249999999999998
6524,3040.4610000000002,37782.697,34742.236,91.95276875020329,1.0,3.525,2.525
6525,4116.432000000001,37068.104999999996,32951.672999999995,88.89494890553482,1.0,3.675,2.675
6526,4069.574,36851.043,32781.469,88.95669248764546,1.0,3.875,2.875
6527,5320.271,33174.083,27853.811999999998,83.96256800828526,1.0,3.775,2.775
6528,3181.183,38731.462,35550.279,91.78656617713011,1.0,3.025,2.025
6529,3256.048,35835.178,32579.13,90.91382216658725,1.0,3.425,2.425
6530,2622.739,38259.666,35636.926999999996,93.14489833758611,1.0,3.15,2.15
6531,5044.039000000001,36694.166,31650.126999999997,86.2538393705419,1.0,3.125,2.125
6532,3362.693,36957.767,33595.074,90.90125493783215,1.0,3.4,2.4
6533,1585.7730000000001,38500.983,36915.21,95.88121425367243,1.0,3.275,2.275
6534,3630.0730000000003,36794.617,33164.543999999994,90.13422805841408,1.0,3.425,2.425
6535,5046.210000000001,37449.024,32402.814,86.52512279091707,1.0,3.225,2.225
6536,3269.7920000000004,37648.268,34378.475999999995,91.31489395474979,1.0,3.6,2.6
6537,3186.716,39807.99,36621.274,91.9947829568888,1.0,3.475,2.475
6538,4931.421,38715.222,33783.801,87.26232023156163,1.0,3.575,2.575
6539,5228.935,36705.94,31477.005,85.75452637910921,1.0,3.275,2.275
6540,5075.535,34019.57399999999,28944.038999999993,85.0805451003002,1.0,3.1,2.1
6541,4380.819,34368.322,29987.503,87.25332298737192,1.0,3.25,2.25
6542,5358.2660000000005,35149.307,29791.041,84.75569945091664,1.0,3.075,2.075
6543,4814.255000000001,32891.727999999996,28077.472999999994,85.36332600099331,1.0,4.1,3.0999999999999996
6544,3047.348,34472.452000000005,31425.104000000007,91.16004860924892,1.0,4.05,3.05
6545,3586.643,33843.007,30256.363999999998,89.40211488890452,1.0,3.475,2.475
6546,3652.517,36171.445,32518.928,89.9022087726935,1.0,3.575,2.575
6547,4502.139,34630.265,30128.126,86.99940933169296,1.0,3.55,2.55
6548,3672.9230000000002,34048.295,30375.372,89.21260814968855,1.0,3.725,2.725
6549,2273.293,37623.077000000005,35349.78400000001,93.95771643026434,1.0,3.5,2.5
6550,2616.21,33468.132,30851.922,92.18298170928692,1.0,3.325,2.325
6551,3229.6690000000003,34068.149000000005,30838.480000000003,90.5199751239787,1.0,3.15,2.15
6552,3369.8509999999997,37346.93,33977.079,90.976899573807,1.0,3.525,2.525
6553,4436.639,34936.875,30500.236,87.30098499078696,1.0,3.875,2.875
6554,2154.393,36406.325,34251.932,94.08236618224993,1.0,2.9,1.9
6555,3439.0280000000002,37018.823000000004,33579.795000000006,90.71005580053153,1.0,3.65,2.65
6556,3945.521,35010.248,31064.727,88.73038260111726,1.0,3.45,2.45
6557,4143.182000000001,33551.472,29408.29,87.6512660905012,1.0,2.85,1.85
6558,3520.809,32746.396,29225.587,89.24825498354078,1.0,3.5,2.5
6559,4485.082,35652.174,31167.091999999997,87.4198919819027,1.0,3.4,2.4
6560,3083.3239999999996,34652.713,31569.389000000003,91.10221470971118,1.0,3.575,2.575
6561,3175.7290000000003,35602.185,32426.456,91.07996040130683,1.0,3.65,2.65
6562,4648.1990000000005,37702.887,33054.688,87.67150377635538,1.0,3.7,2.7
6563,3732.6969999999997,35750.195,32017.498,89.55894646169062,1.0,3.225,2.225
6564,4151.7,38447.071,34295.37100000001,89.20151810784235,1.0,2.95,1.9500000000000002
6565,3933.459,36903.148,32969.689,89.34112883811429,1.0,3.75,2.75
6566,2896.184,39263.921,36367.737,92.62380341484489,1.0,3.25,2.25
6567,4793.534000000001,35894.426999999996,31100.892999999996,86.64546448951532,1.0,3.375,2.375
6568,4209.859,37538.80100000001,33328.94200000001,88.78531309510926,1.0,3.725,2.725
6569,3571.0069999999996,32898.872,29327.865000000005,89.1455032257641,1.0,3.025,2.025
6570,4606.196,33450.314,28844.118,86.22973763415196,1.0,3.05,2.05
6571,4807.053,40558.611,35751.558,88.14788553779616,1.0,3.3,2.3
6572,4351.487999999999,36002.958,31651.47,87.91352643857763,1.0,3.775,2.775
6573,3779.0119999999997,36286.184,32507.172000000002,89.58553481402178,1.0,3.35,2.35
6574,5800.825000000001,33601.854,27801.029,82.73659245111892,1.0,3.525,2.525
6575,3957.2630000000004,34633.959,30676.696000000004,88.57403798393364,1.0,3.875,2.875
6576,3932.2439999999997,38010.433,34078.189,89.65482976739571,1.0,3.5,2.5
6577,4097.144,37937.767,33840.623,89.20035541364362,1.0,3.375,2.375
6578,3486.703,36654.851,33168.148,90.4877447189732,1.0,3.35,2.35
6579,4212.074,35390.46000000001,31178.386000000006,88.09827846261393,1.0,3.15,2.15
6580,4051.4580000000005,37177.572,33126.114,89.10241368102253,1.0,3.675,2.675
6581,3944.813,34351.375,30406.561999999998,88.51628792151696,1.0,3.375,2.375
6582,5552.987999999999,34133.441999999995,28580.453999999998,83.73153226094222,1.0,3.4,2.4
6583,4031.1850000000004,37769.28,33738.095,89.32681533775599,1.0,3.1,2.1
6584,4554.989,38699.998,34145.009,88.23000197571069,1.0,3.275,2.275
6585,3949.608,39172.337,35222.729,89.91735417777092,1.0,3.2,2.2
6586,3502.8700000000003,32891.728,29388.858000000004,89.35030108481988,1.0,3.35,2.35
6587,4531.741,38603.948000000004,34072.207,88.26093901069393,1.0,3.15,2.15
6588,4576.206,36354.449,31778.243000000002,87.41225317429512,1.0,2.975,1.975
6589,4306.202,39828.073000000004,35521.87100000001,89.18802323175416,1.0,3.575,2.575
6590,2957.3419999999996,38108.29,35150.948000000004,92.23963604769462,1.0,3.375,2.375
6591,3713.857,35143.97,31430.113,89.43244886676149,1.0,3.2,2.2
6592,3148.569,35314.493,32165.924000000003,91.08420160527294,1.0,3.2,2.2
6593,2622.08,34111.945,31489.864999999998,92.31330843198768,1.0,3.6,2.6
6594,3859.96,35967.093,32107.133,89.26807901878531,1.0,3.325,2.325
6595,2776.3340000000003,34887.593,32111.259000000002,92.04205919279099,1.0,3.25,2.25
6596,3206.4139999999998,37224.111000000004,34017.69700000001,91.38619052581271,1.0,2.975,1.975
6597,3528.852,34980.82000000001,31451.968000000008,89.91203751084166,1.0,3.625,2.625
6598,4015.121,34659.857,30644.736000000004,88.4156446461969,1.0,3.45,2.45
6599,3973.625,38205.047000000006,34231.422000000006,89.59921447027666,1.0,3.1,2.1
6600,2820.902,34688.578,31867.676,91.86792263436108,1.0,3.25,2.25
6601,2933.5739999999996,35796.57,32862.996,91.80487404240127,1.0,3.075,2.075
6602,3079.406,34230.363,31150.957,91.00387571116322,1.0,3.4,2.4
6603,4029.964,34991.494,30961.53,88.48301818722001,1.0,2.875,1.875
6604,3156.574,34847.098,31690.523999999998,90.94164455243877,1.0,3.65,2.65
6605,4099.3150000000005,39458.535,35359.22,89.611081607566,1.0,3.55,2.55
6606,4257.9220000000005,36897.811,32639.889000000003,88.46023142131656,1.0,3.45,2.45
6607,4277.427,37502.936,33225.509000000005,88.59442098080002,1.0,3.35,2.35
6608,5402.996,36965.846999999994,31562.850999999995,85.38381658074817,1.0,3.875,2.875
6609,2243.1639999999998,34803.153,32559.988999999998,93.5547104022443,1.0,3.15,2.15
6610,3779.8099999999995,34224.862,30445.052000000003,88.95595254701101,1.0,2.95,1.9500000000000002
6611,4314.407,38665.069,34350.662000000004,88.84158980810302,1.0,3.7,2.7
6612,3948.9130000000005,36316.547999999995,32367.634999999995,89.12640871043139,1.0,3.75,2.75
6613,4000.156,35247.871,31247.715,88.65135429030593,1.0,3.275,2.275
6614,3547.9040000000005,37939.41,34391.506,90.64849980534753,1.0,3.225,2.225
6615,4029.4080000000004,38194.144,34164.736,89.45019424967346,1.0,3.3,2.3
6616,3750.7340000000004,38448.878000000004,34698.144,90.24488048779992,1.0,3.425,2.425
6617,2128.913,39754.307,37625.394,94.64482427023567,1.0,3.1,2.1
6618,4566.030000000001,39306.059,34740.029,88.3833940207539,1.0,3.275,2.275
6619,3454.235,39783.899000000005,36329.664000000004,91.3175051042634,1.0,3.05,2.05
6620,3173.843,35203.219,32029.375999999997,90.98422505055575,1.0,3.5,2.5
6621,2308.81,37068.105,34759.295000000006,93.77143773602671,1.0,3.475,2.475
6622,3859.9600000000005,37151.44500000001,33291.48500000001,89.61020224112414,1.0,3.9,2.9
6623,5340.5380000000005,35724.133,30383.595,85.05061550409076,1.0,3.225,2.225
6624,3984.423,38047.234000000004,34062.811,89.52769339290208,1.0,3.125,2.125
6625,2407.34,37588.083,35180.743,93.59547013876714,1.0,3.45,2.45
6626,3584.678,34833.681,31249.002999999997,89.70916108464104,1.0,3.225,2.225
6627,4143.695,36261.929,32118.233999999997,88.57287763152368,1.0,3.4,2.4
6628,3481.696,32558.054999999993,29076.358999999993,89.30619166286192,1.0,3.25,2.25
6629,3604.134,38791.418,35187.284,90.70893979694169,1.0,3.275,2.275
6630,5650.773999999999,36775.863,31125.089,84.63455772608246,1.0,3.675,2.675
6631,4144.148,40946.03200000001,36801.884000000005,89.87899975265002,1.0,3.15,2.15
6632,3552.517,36444.933000000005,32892.416000000005,90.2523706107513,1.0,3.5,2.5
6633,2163.1230000000005,34556.663,32393.54,93.74035913132006,1.0,3.075,2.075
6634,5233.548000000001,37835.672999999995,32602.124999999993,86.16768888979455,1.0,3.55,2.55
6635,3553.285,35299.976,31746.691000000003,89.93402998347648,1.0,3.025,2.025
6636,2665.844,39172.337,36506.493,93.19457503901288,1.0,4.075,3.075
6637,4385.535,33121.271,28735.736,86.75915848760755,1.0,3.125,2.125
6638,3317.914,36003.665,32685.751,90.78451041025963,1.0,3.3,2.3
6639,3507.1220000000003,37616.804,34109.68199999999,90.67671458744873,1.0,3.3,2.3
6640,3375.5769999999998,33325.623,29950.046,89.87092604390321,1.0,2.975,1.975
6641,3196.7400000000002,33600.047,30403.306999999997,90.48590616554792,1.0,4.0,3.0
6642,4346.875,39983.850000000006,35636.975000000006,89.12842310082696,1.0,3.275,2.275
6643,3763.974,36039.53,32275.555999999997,89.5559847756061,1.0,3.575,2.575
6644,3648.357,38732.169,35083.812000000005,90.58055075614278,1.0,3.65,2.65
6645,3162.2400000000002,38260.537,35098.297,91.73498270554855,1.0,3.35,2.35
6646,3939.6870000000004,38538.491,34598.804000000004,89.77726709642056,1.0,3.45,2.45
6647,3464.3019999999997,35374.44899999999,31910.146999999994,90.20676760223176,1.0,3.025,2.025
6648,2439.954,34883.899000000005,32443.945000000003,93.00550090458638,1.0,3.6,2.6
6649,2622.3289999999997,37788.034,35165.705,93.0604248953518,1.0,3.55,2.55
6650,3743.7440000000006,37903.709,34159.965000000004,90.12301408286983,1.0,3.875,2.875
6651,5136.384,37322.675,32186.291000000005,86.23789961464445,1.0,3.05,2.05
6652,3722.0680000000007,34901.009999999995,31178.941999999995,89.33535734352674,1.0,3.875,2.875
6653,4650.063,36268.202000000005,31618.139000000003,87.17867789530895,1.0,3.55,2.55
6654,4319.056,37661.685,33342.629,88.53196292199885,1.0,3.625,2.625
6655,4287.706,35894.426999999996,31606.720999999998,88.05467489423916,1.0,3.45,2.45
6656,4273.478999999999,39178.774000000005,34905.295000000006,89.09236159355063,1.0,3.55,2.55
6657,3724.6920000000005,34127.168999999994,30402.476999999995,89.08584535681821,1.0,2.7,1.7000000000000002
6658,4536.596,33824.253,29287.657,86.58774223336138,1.0,3.275,2.275
6659,3741.5730000000003,39207.495,35465.922000000006,90.45699553108405,1.0,3.2,2.2
6660,3181.9939999999997,36715.907,33533.913,91.33347298216002,1.0,3.475,2.475
6661,3574.1440000000002,38397.789000000004,34823.645000000004,90.69179738447961,1.0,3.9,2.9
6662,3065.179,38526.881,35461.702000000005,92.04405100947571,1.0,3.35,2.35
6663,3031.1320000000005,41163.801,38132.669,92.63641372671101,1.0,2.8,1.7999999999999998
6664,3497.6900000000005,36679.812999999995,33182.12299999999,90.4642643625255,1.0,3.325,2.325
6665,2453.9990000000003,35548.273,33094.274,93.09671386849088,1.0,3.025,2.025
6666,5057.257,40529.019,35471.762,87.52188647842674,1.0,3.55,2.55
6667,4882.034,33860.825,28978.790999999997,85.58205832256007,1.0,3.6,2.6
6668,2639.6989999999996,33781.951,31142.252,92.18606705101195,1.0,2.725,1.725
6669,2529.778,37231.255,34701.477,93.20523039043405,1.0,3.125,2.125
6670,3334.027,37420.53200000001,34086.505000000005,91.09038054295966,1.0,3.475,2.475
6671,3865.474,34991.494,31126.019999999997,88.95310386004095,1.0,3.825,2.825
6672,3752.5170000000003,39433.344,35680.827,90.48389860114324,1.0,2.975,1.975
6673,2651.302,34670.531,32019.229000000003,92.3528658964006,1.0,3.125,2.125
6674,3786.594,34513.654,30727.06,89.02870730523055,1.0,3.4,2.4
6675,3398.8680000000004,35270.319,31871.451,90.36337607266891,1.0,3.675,2.675
6676,3223.192,36825.145000000004,33601.953,91.24730669763825,1.0,3.25,2.25
6677,3763.455,34241.973,30478.517999999996,89.00923436859202,1.0,3.475,2.475
6678,4447.13,37072.571,32625.441000000003,88.00425791888024,1.0,3.6,2.6
6679,5049.705,37298.584,32248.879,86.46140293154292,1.0,3.45,2.45
6680,4870.081,39354.405,34484.324,87.62506763855279,1.0,3.2,2.2
6681,4916.879,34231.299,29314.42,85.63630611856125,1.0,3.375,2.375
6682,4529.812,36952.43,32422.618000000002,87.74150441527121,1.0,3.35,2.35
6683,4264.253000000001,37745.896,33481.643,88.70273737838941,1.0,3.2,2.2
6684,2730.9990000000003,39404.623,36673.623999999996,93.06934366558968,1.0,3.975,2.975
6685,3384.5260000000003,35919.618,32535.092,90.57750001684316,1.0,3.325,2.325
6686,4001.54,35946.53200000001,31944.992000000006,88.86807773278379,1.0,4.0,3.0
6687,4270.898,36057.577000000005,31786.679000000004,88.15533833568462,1.0,3.525,2.525
6688,4044.71,30809.78,26765.07,86.87199324370378,1.0,3.25,2.25
6689,4396.625,37244.672,32848.047,88.19529139631032,1.0,3.025,2.025
6690,4481.025,36650.221000000005,32169.196000000004,87.77353893718676,1.0,3.65,2.65
6691,4144.856,36038.823,31893.966999999997,88.49891407385863,1.0,3.35,2.35
6692,4072.2580000000003,40869.835999999996,36797.577999999994,90.03603048468312,1.0,3.475,2.475
6693,3470.904,34604.138000000006,31133.234000000008,89.96968512840864,1.0,3.45,2.45
6694,2399.891,34792.479,32392.588,93.10227075225079,1.0,3.425,2.425
6695,3364.785,35899.763999999996,32534.978999999996,90.6272782183192,1.0,3.8,2.8
6696,2208.458,36062.914000000004,33854.456000000006,93.87609664598929,1.0,3.825,2.825
6697,3451.1929999999998,37346.059,33894.866,90.75888301895523,1.0,3.75,2.75
6698,3471.702,37174.829,33703.127,90.66114870360266,1.0,3.15,2.15
6699,2947.8070000000002,34887.593,31939.786,91.55055781578282,1.0,3.75,2.75
6700,4218.361,32547.381,28329.02,87.03932276455669,1.0,3.15,2.15
6701,4194.702000000001,37136.141,32941.439,88.70452910010223,1.0,3.275,2.275
6702,3467.862,34429.378,30961.515999999996,89.92760775405236,1.0,3.725,2.725
6703,4451.591,36068.251,31616.659999999996,87.65786841175081,1.0,3.475,2.475
6704,4659.493,35500.797999999995,30841.304999999993,86.87496264168485,1.0,2.975,1.975
6705,3407.532,36837.855,33430.323000000004,90.7499174422615,1.0,3.55,2.55
6706,2977.651,35881.01,32903.359000000004,91.70131777227007,1.0,3.2,2.2
6707,4082.96,37140.77100000001,33057.81100000001,89.00679794719395,1.0,3.475,2.475
6708,2607.7870000000003,35524.888999999996,32917.102,92.65926770383436,1.0,3.35,2.35
6709,3620.744,36530.08,32909.336,90.08832173376024,1.0,3.15,2.15
6710,3564.1200000000003,37956.521,34392.401,90.60999294429539,1.0,3.2,2.2
6711,3989.592,37054.688,33065.096000000005,89.23323278285329,1.0,2.975,1.975
6712,4031.536,37217.674,33186.138,89.16768414920287,1.0,3.45,2.45
6713,3311.13,38265.167,34954.037000000004,91.34688213957097,1.0,3.475,2.475
6714,2806.281,33931.683999999994,31125.402999999995,91.72961471644024,1.0,3.575,2.575
6715,3610.918,33335.346,29724.427999999996,89.16790004219544,1.0,3.05,2.05
6716,3450.7400000000002,36793.681000000004,33342.941000000006,90.62137870902343,1.0,3.625,2.625
6717,4377.427,35281.929000000004,30904.502000000004,87.5930054731418,1.0,3.175,2.175
6718,3555.304,34473.323000000004,30918.019000000004,89.68679636715034,1.0,3.35,2.35
6719,3179.121,39549.019,36369.898,91.96156799742619,1.0,2.85,1.85
6720,4410.912,34417.604,30006.692,87.18413983727629,1.0,3.05,2.05
6721,3807.526,39735.324,35927.798,90.4177804112029,1.0,3.225,2.225
6722,3766.036,37018.823000000004,33252.787000000004,89.82669978459337,1.0,3.6,2.6
6723,3096.74,34388.17600000001,31291.43600000001,90.99475354552101,1.0,3.375,2.375
6724,3605.355,38501.69,34896.335,90.63585260802837,1.0,3.2,2.2
6725,3701.45,35990.248,32288.798,89.71540846287027,1.0,3.275,2.275
6726,3419.879,37407.822,33987.943,90.85785053190212,1.0,3.125,2.125
6727,3273.7400000000002,34594.4,31320.66,90.53679208195545,1.0,3.15,2.15
6728,3121.1240000000003,37302.114,34180.99,91.63284954841968,1.0,3.6,2.6
6729,4143.079,34823.007,30679.928,88.10246628041054,1.0,3.175,2.175
6730,4250.376,39676.304000000004,35425.928,89.28736910575137,1.0,2.675,1.6749999999999998
6731,4425.864,34042.022,29616.157999999996,86.99882163286304,1.0,3.55,2.55
6732,3657.415,35022.022,31364.606999999996,89.55681370995656,1.0,3.2,2.2
6733,2194.6189999999997,36251.255000000005,34056.636000000006,93.9460882112909,1.0,3.45,2.45
6734,3835.636,35065.096000000005,31229.460000000006,89.06138457456385,1.0,3.55,2.55
6735,3221.306,40661.641,37440.33500000001,92.07777669376404,1.0,3.15,2.15
6736,3313.469,34888.3,31574.831000000002,90.5026355540396,1.0,3.5,2.5
6737,3595.573,35887.283,32291.710000000003,89.98092722706258,1.0,3.45,2.45
6738,4832.539,35517.744999999995,30685.205999999995,86.39401516059085,1.0,3.125,2.125
6739,3143.853,34222.11899999999,31078.265999999992,90.8133888494748,1.0,3.075,2.075
6740,3122.0740000000005,36189.492,33067.418,91.3729819694623,1.0,3.075,2.075
6741,4359.99,33605.384,29245.394,87.02591822786492,1.0,3.4,2.4
6742,4261.87,36959.574,32697.704,88.46883354229136,1.0,3.625,2.625
6743,4872.149,34549.519,29677.37,85.89806995576407,1.0,4.225,3.2249999999999996
6744,3674.2960000000003,38453.344,34779.047999999995,90.4447946061596,1.0,3.375,2.375
6745,3667.257,35959.013000000006,32291.756000000005,89.8015637970931,1.0,3.7,2.7
6746,3758.0739999999996,35753.725000000006,31995.651000000005,89.48900009719267,1.0,3.325,2.325
6747,3199.117,36845.706,33646.589,91.31753100347704,1.0,3.075,2.075
6748,4024.692,37810.482,33785.79,89.35561837058835,1.0,2.825,1.8250000000000002
6749,3433.8880000000004,38967.985,35534.097,91.18792516472176,1.0,3.55,2.55
6750,2263.7219999999998,37237.528000000006,34973.806000000004,93.92085854893483,1.0,3.3,2.3
6751,3682.054,35868.528999999995,32186.474999999995,89.73458320523821,1.0,3.325,2.325
6752,3790.754,37606.130000000005,33815.376000000004,89.91985083282965,1.0,3.45,2.45
6753,3724.136,36317.648,32593.512000000002,89.74565753817538,1.0,3.575,2.575
6754,3696.075,31691.216,27995.141,88.33722568424007,1.0,3.25,2.25
6755,3864.967,37761.907,33896.94,89.76490514634233,1.0,3.675,2.675
6756,3491.5650000000005,34854.471000000005,31362.906000000003,89.98244730209791,1.0,3.15,2.15
6757,3289.956,36565.074,33275.118,91.00246317018257,1.0,3.05,2.05
6758,3694.5200000000004,38439.927,34745.40700000001,90.38884751263967,1.0,3.225,2.225
6759,3336.9660000000003,36783.94300000001,33446.977000000006,90.9281992960896,1.0,3.575,2.575
6760,4552.256,36643.948,32091.691999999995,87.57705910946058,1.0,3.6,2.6
6761,2727.789,37867.844,35140.055,92.79655583243662,1.0,3.4,2.4
6762,5572.699,35719.503,30146.803999999996,84.39872189711039,1.0,3.925,2.925
6763,3378.068,36123.97,32745.902000000002,90.64868008693396,1.0,3.775,2.775
6764,4835.478,35105.362,30269.884000000002,86.22581359508557,1.0,3.4,2.4
6765,3181.2920000000004,39234.329,36053.037,91.89156006720542,1.0,3.05,2.05
6766,3089.956,36964.91100000001,33874.95500000001,91.64084014702483,1.0,3.4,2.4
6767,4407.314,35542.936,31135.622000000003,87.60002831504973,1.0,3.7,2.7
6768,4449.602,37854.263000000006,33404.66100000001,88.24544015029431,1.0,3.55,2.55
6769,3591.3100000000004,36382.941,32791.631,90.12913771869076,1.0,3.65,2.65
6770,4344.601000000001,39577.740000000005,35233.139,89.02261473242282,1.0,3.95,2.95
6771,3795.7170000000006,38211.484000000004,34415.76700000001,90.06655433743428,1.0,3.275,2.275
6772,3111.13,34962.773,31851.643,91.10159254244508,1.0,3.1,2.1
6773,4216.5779999999995,37546.880999999994,33330.30299999999,88.76983150744266,1.0,3.4,2.4
6774,3925.87,35051.679000000004,31125.809000000005,88.79976619664924,1.0,3.7,2.7
6775,4047.692,38209.448000000004,34161.756,89.40656771592198,1.0,3.3,2.3
6776,3488.583,40836.565,37347.982,91.45720752957553,1.0,3.075,2.075
6777,3370.855,40068.997,36698.142,91.58737364950763,1.0,3.7,2.7
6778,3556.465,35392.267,31835.802,89.95129359755339,1.0,3.2,2.2
6779,4096.479,38379.742,34283.263,89.3264550866444,1.0,3.575,2.575
6780,4552.812000000001,38574.356,34021.544,88.19730911385793,1.0,3.625,2.625
6781,2803.693,38276.777,35473.084,92.6752113951496,1.0,3.575,2.575
6782,3273.7340000000004,36057.577000000005,32783.84300000001,90.92081533931136,1.0,3.225,2.225
6783,4218.464,38090.243,33871.779,88.92507984262532,1.0,3.475,2.475
6784,2354.906,34150.553,31795.647,93.10434006734826,1.0,3.075,2.075
6785,3963.908,36238.545,32274.637,89.06162485276383,1.0,3.15,2.15
6786,4681.025000000001,41242.675,36561.65,88.65004512922597,1.0,2.875,1.875
6787,4565.921,34495.607,29929.686,86.76376096237414,1.0,3.4,2.4
6788,4760.92,37122.952999999994,32362.032999999996,87.17526593318155,1.0,3.225,2.225
6789,4659.9839999999995,31367.43,26707.446,85.14387694497127,1.0,3.075,2.075
6790,4071.308000000001,35149.307,31077.999,88.41710307403784,1.0,3.575,2.575
6791,3884.876,31935.983,28051.107,87.83542689135324,1.0,3.3,2.3
6792,3324.6980000000003,36835.819,33511.121,90.97427968141551,1.0,3.65,2.65
6793,3220.853,36261.929000000004,33041.076,91.11781118980183,1.0,3.425,2.425
6794,4257.9220000000005,36898.518,32640.595999999998,88.46045253091195,1.0,3.875,2.875
6795,3159.5130000000004,33685.194,30525.681000000004,90.62046963422566,1.0,3.15,2.15
6796,3467.409,36087.169,32619.760000000002,90.39157380286605,1.0,3.15,2.15
6797,3956.4649999999997,40213.393,36256.928,90.16132510877658,1.0,3.4,2.4
6798,2859.5560000000005,34526.134999999995,31666.578999999994,91.71770602182954,1.0,3.45,2.45
6799,2489.612,36764.089,34274.477,93.22814173363577,1.0,3.1,2.1
6800,3177.851,36444.933000000005,33267.082,91.28040378068468,1.0,3.275,2.275
6801,3766.139,37394.405,33628.265999999996,89.92860295544213,1.0,3.6,2.6
6802,4284.773,38829.09,34544.316999999995,88.96504399150224,1.0,3.425,2.425
6803,3856.465,37454.590000000004,33598.125,89.70362510976624,1.0,3.175,2.175
6804,2911.8440000000005,39210.009000000005,36298.16500000001,92.5737226941213,1.0,3.0,2.0
6805,2569.9010000000003,35022.958,32453.056999999997,92.66223886628879,1.0,3.65,2.65
6806,3600.126,36582.185000000005,32982.05900000001,90.15879997326569,1.0,3.05,2.05
6807,5039.323,38579.693,33540.369999999995,86.93788724549985,1.0,3.475,2.475
6808,3648.3570000000004,38290.194,34641.837,90.47182419603305,1.0,3.475,2.475
6809,4744.142,39226.249,34482.107,87.90569549487131,1.0,3.625,2.625
6810,4301.838000000001,36087.168999999994,31785.330999999995,88.07931428480855,1.0,3.0,2.0
6811,3185.7960000000003,35337.648,32151.852,90.98469711396751,1.0,3.8,2.8
6812,3759.857,37666.085999999996,33906.22899999999,90.01792487809855,1.0,2.725,1.725
6813,3627.5280000000002,34969.982,31342.454000000005,89.62673758310771,1.0,3.6,2.6
6814,3816.299,33305.918000000005,29489.619000000006,88.54167898930154,1.0,3.225,2.225
6815,3428.852,34394.449,30965.597,90.03079828375795,1.0,3.625,2.625
6816,3739.79,35565.384,31825.593999999997,89.48474730372656,1.0,3.425,2.425
6817,4655.436,33291.565,28636.129,86.01616956126874,1.0,2.85,1.85
6818,3630.526,35432.598,31802.072,89.75371210431705,1.0,3.0,2.0
6819,4020.247,35736.614,31716.367000000002,88.75034159643664,1.0,3.35,2.35
6820,4637.817000000001,36984.600999999995,32346.783999999992,87.46014050550389,1.0,3.9,2.9
6821,3850.6309999999994,39150.989,35300.358,90.16466480578562,1.0,3.875,2.875
6822,3690.7969999999996,38299.145000000004,34608.348000000005,90.36323917936028,1.0,3.675,2.675
6823,4158.937,34714.476,30555.539000000004,88.0195887156701,1.0,3.575,2.575
6824,4609.303,35578.801,30969.498,87.04480513550752,1.0,3.075,2.075
6825,3762.693,36020.069,32257.376000000004,89.55389841146612,1.0,3.475,2.475
6826,3518.4700000000003,36056.640999999996,32538.170999999995,90.24182535472453,1.0,3.4,2.4
6827,4206.861,38157.572,33950.711,88.97502964811284,1.0,3.45,2.45
6828,3714.4190000000003,37528.127,33813.708,90.10230646469512,1.0,3.5,2.5
6829,4098.650000000001,33914.737,29816.087,87.91484067825735,1.0,3.375,2.375
6830,3399.98,37135.205,33735.225,90.84432144645491,1.0,3.575,2.575
6831,4418.252,37671.422999999995,33253.170999999995,88.27160842848969,1.0,2.9,1.9
6832,4961.205,36300.537000000004,31339.332000000002,86.3329707767133,1.0,2.85,1.85
6833,3278.844,34072.549999999996,30793.705999999995,90.37687522653867,1.0,3.3,2.3
6834,2762.905,38073.132,35310.227,92.74316334153964,1.0,3.075,2.075
6835,2937.0150000000003,36806.391,33869.376000000004,92.0203667890177,1.0,2.9,1.9
6836,4255.298000000001,36243.175,31987.877,88.25903635650022,1.0,3.45,2.45
6837,2762.197,34179.981,31417.784,91.91867017129121,1.0,2.975,1.975
6838,4874.487999999999,35822.697,30948.209000000003,86.39273865951523,1.0,3.0,2.0
6839,4115.531,34126.462,30010.931,87.9403525627708,1.0,3.4,2.4
6840,3576.5699999999997,36468.316999999995,32891.746999999996,90.19266504675826,1.0,3.375,2.375
6841,3519.135,33817.816000000006,30298.681000000004,89.59384307963589,1.0,3.625,2.625
6842,3151.9610000000002,35664.177,32512.216000000004,91.16210925041113,1.0,3.075,2.075
6843,3684.985,36384.977,32699.992,89.87223490618119,1.0,3.5,2.5
6844,5044.245,37968.295,32924.049999999996,86.71458647273994,1.0,3.575,2.575
6845,4366.798000000001,34482.19,30115.392,87.33607697190926,1.0,3.275,2.275
6846,2761.442,37896.565,35135.123,92.71321292576252,1.0,3.6,2.6
6847,3666.139,36196.636,32530.497,89.8716029854266,1.0,3.475,2.475
6848,2841.8940000000002,41067.751000000004,38225.857,93.0799862889984,1.0,2.95,1.9500000000000002
6849,3106.7340000000004,37317.338,34210.60400000001,91.6748241795811,1.0,3.0,2.0
6850,3385.899,34507.381,31121.482,90.18789922074933,1.0,3.175,2.175
6851,5190.384,36336.402,31146.018000000004,85.71574587929757,1.0,3.075,2.075
6852,3882.2519999999995,33963.854999999996,30081.602999999996,88.56946009220684,1.0,3.45,2.45
6853,2285.0480000000002,38998.513,36713.465,94.14067915871561,1.0,3.3,2.3
6854,3068.8360000000002,33654.666,30585.829999999998,90.8813951682064,1.0,3.375,2.375
6855,4381.025,40473.3,36092.275,89.17551818112187,1.0,3.75,2.75
6856,3727.6310000000003,35175.434,31447.803,89.40274340325125,1.0,3.2,2.2
6857,4380.469,38023.85,33643.381,88.47968051630754,1.0,3.525,2.525
6858,3333.077,37563.992,34230.915,91.12693613607415,1.0,3.575,2.575
6859,3106.873,33799.062000000005,30692.189000000006,90.80781295054875,1.0,3.225,2.225
6860,3427.2430000000004,37048.251000000004,33621.008,90.74924481590237,1.0,3.725,2.725
6861,3372.4700000000003,38247.892,34875.422,91.18259903055572,1.0,3.3,2.3
6862,4415.108,38090.243,33675.135,88.40882165020581,1.0,3.4,2.4
6863,2631.797,37177.572,34545.775,92.92100893517198,1.0,3.2,2.2
6864,3147.245,35457.789000000004,32310.544000000005,91.12396714865667,1.0,3.6,2.6
6865,3354.791,37110.243,33755.452000000005,90.95993254476939,1.0,3.375,2.375
6866,2846.732,37550.411,34703.679000000004,92.41890588095029,1.0,3.775,2.775
6867,4324.854,35402.234,31077.379999999997,87.78366924527982,1.0,3.4,2.4
6868,3660.6679999999997,35783.153000000006,32122.485000000008,89.76985622256373,1.0,3.075,2.075
6869,4532.751,37431.206000000006,32898.455,87.89044894786451,1.0,3.55,2.55
6870,4975.945,35857.626000000004,30881.681000000004,86.1230495292689,1.0,2.9,1.9
6871,3145.177,33830.526,30685.349,90.70313893434586,1.0,3.55,2.55
6872,3262.8990000000003,36467.381,33204.482,91.05255461037908,1.0,3.075,2.075
6873,4004.6899999999996,37474.215,33469.524999999994,89.31347861456203,1.0,3.375,2.375
6874,5210.657000000001,39554.356,34343.699,86.82659123561511,1.0,3.375,2.375
6875,3983.8669999999997,37176.407,33192.54,89.28388372765555,1.0,3.75,2.75
6876,5013.946,36995.439,31981.493,86.44712392789825,1.0,3.775,2.775
6877,4769.3189999999995,35047.049,30277.73,86.39166738403567,1.0,3.1,2.1
6878,3430.738,36939.013,33508.275,90.71242645275878,1.0,3.275,2.275
6879,3718.5730000000003,36450.27,32731.696999999996,89.79822920378916,1.0,3.2,2.2
6880,4044.4030000000002,36989.231,32944.828,89.06599869567444,1.0,3.075,2.075
6881,4735.828,38749.28,34013.452,87.77828129967834,1.0,2.925,1.9249999999999998
6882,3811.3120000000004,38303.611000000004,34492.299000000006,90.04973186470592,1.0,3.4,2.4
6883,2516.851,33036.831,30519.98,92.38168152387256,1.0,3.175,2.175
6884,4558.937,38616.657999999996,34057.721,88.19437715195345,1.0,3.375,2.375
6885,5224.219,39657.320999999996,34433.102,86.82659627966297,1.0,3.075,2.075
6886,3643.847,36310.504,32666.657,89.96475785629414,1.0,3.1,2.1
6887,3407.635,37394.405,33986.77,90.88731322239248,1.0,3.025,2.025
6888,3444.4089999999997,38512.59300000001,35068.18400000001,91.0564084843625,1.0,3.5,2.5
6889,3611.0209999999997,32352.767,28741.746,88.8386022747297,1.0,3.45,2.45
6890,3365.735,36166.108,32800.373,90.69367652167604,1.0,3.075,2.075
6891,3487.6820000000002,34084.16,30596.478000000003,89.76744035939275,1.0,3.375,2.375
6892,3266.956,36957.767,33690.811,91.16029926808078,1.0,3.275,2.275
6893,3484.575,34598.801,31114.226,89.92862498327615,1.0,3.45,2.45
6894,4507.973,33121.977999999996,28614.004999999997,86.38978324301767,1.0,3.025,2.025
6895,3889.321,37690.176999999996,33800.856,89.68080993623353,1.0,3.45,2.45
6896,3944.3,34750.176999999996,30805.876999999997,88.6495542166591,1.0,3.675,2.675
6897,4558.375,37480.488,32922.113,87.83800520420118,1.0,3.35,2.35
6898,4274.035,33921.009999999995,29646.974999999995,87.40003614279173,1.0,3.1,2.1
6899,5405.379,37671.422999999995,32266.043999999994,85.65124816230063,1.0,3.725,2.725
6900,1982.913,34369.258,32386.345,94.23056209127354,1.0,3.55,2.55
6901,2983.837,34467.822,31483.985,91.34312286978853,1.0,3.25,2.25
6902,3944.3600000000006,34283.175,30338.815000000002,88.4947645601669,1.0,3.575,2.575
6903,4555.642,35422.795,30867.153,87.13923618957793,1.0,3.35,2.35
6904,4500.427,36378.54,31878.113,87.62889604695515,1.0,3.125,2.125
6905,3774.144,35307.119999999995,31532.975999999995,89.31053000074772,1.0,3.575,2.575
6906,3067.518,36378.53999999999,33311.022,91.56778144477487,1.0,3.325,2.325
6907,4298.644,38930.248,34631.604,88.95808729500003,1.0,3.075,2.075
6908,4599.719,35227.31,30627.590999999997,86.94274697670642,1.0,3.425,2.425
6909,3914.8230000000003,39020.960999999996,35106.13799999999,89.96738445267916,1.0,3.225,2.225
6910,4665.533,37877.811,33212.278,87.68267522112087,1.0,3.125,2.125
6911,4399.309,36545.384,32146.074999999997,87.96206656359118,1.0,3.5,2.5
6912,3564.0170000000003,36492.408,32928.391,90.23353843900901,1.0,3.25,2.25
6913,3899.0080000000003,37740.559,33841.551,89.66891825847094,1.0,3.275,2.275
6914,3759.2949999999996,37048.251,33288.956,89.85297578555058,1.0,3.075,2.075
6915,3111.282,34350.504,31239.222,90.94254337578278,1.0,3.375,2.375
6916,1714.585,35876.380000000005,34161.795000000006,95.22085282851837,1.0,3.0,2.0
6917,3936.851,34785.335,30848.484,88.68244045946373,1.0,3.275,2.275
6918,4728.488,40250.194,35521.706000000006,88.25226034935385,1.0,3.6,2.6
6919,3194.7080000000005,37624.884,34430.176,91.50905554951346,1.0,3.525,2.525
6920,3162.8019999999997,35022.958,31860.156,90.96934644983442,1.0,3.625,2.625
6921,3293.904,35862.963,32569.059000000005,90.81530435731148,1.0,3.55,2.55
6922,4533.809,35645.03,31111.220999999998,87.28066998400618,1.0,3.475,2.475
6923,3799.98,35803.007,32003.027,89.38642220749783,1.0,3.45,2.45
6924,5757.552,37043.850000000006,31286.298000000006,84.45746864864209,1.0,3.275,2.275
6925,2859.513,35033.632,32174.119,91.83780602593531,1.0,3.375,2.375
6926,2980.3419999999996,38387.115000000005,35406.77300000001,92.23608755177356,1.0,3.3,2.3
6927,3658.636,38403.126,34744.49,90.47307763435717,1.0,2.85,1.85
6928,4520.526,35754.66100000001,31234.13500000001,87.35682041566554,1.0,3.675,2.675
6929,3430.079,37901.902,34471.823000000004,90.95011379639999,1.0,3.05,2.05
6930,3263.5640000000003,34225.026000000005,30961.462000000007,90.46439292697688,1.0,3.375,2.375
6931,2873.849,41507.212,38633.363,93.0762658788068,1.0,3.3,2.3
6932,2672.24,37115.58,34443.340000000004,92.80022028485074,1.0,3.7,2.7
6933,6029.593999999999,33171.489,27141.895000000004,81.82296248443959,1.0,3.15,2.15
6934,5038.102,37145.172,32107.07,86.43672453582931,1.0,3.425,2.425
6935,3785.2340000000004,37418.66,33633.42600000001,89.88410060648886,1.0,3.375,2.375
6936,3409.147,36812.664000000004,33403.51700000001,90.73920050991148,1.0,3.625,2.625
6937,3662.0879999999997,38458.681,34796.59299999999,90.47786376241037,1.0,3.525,2.525
6938,4197.247,35493.653999999995,31296.406999999996,88.17465510876958,1.0,3.1,2.1
6939,3982.331,38339.476,34357.145000000004,89.61297488781538,1.0,3.875,2.875
6940,3163.4610000000002,34653.42,31489.959,90.87114345423915,1.0,3.3,2.3
6941,3403.432,39015.623999999996,35612.191999999995,91.27674595182688,1.0,3.325,2.325
6942,4892.21,37722.512,32830.302,87.03105986154898,1.0,3.325,2.325
6943,2821.4150000000004,37539.73700000001,34718.32200000001,92.4841908189181,1.0,3.725,2.725
6944,5028.482,32027.403000000002,26998.921000000002,84.29943882743163,1.0,3.15,2.15
6945,3037.7340000000004,38605.82,35568.085999999996,92.13140920203222,1.0,4.2,3.2
6946,4162.535,33183.97,29021.435,87.45618743025624,1.0,3.55,2.55
6947,3674.955,37448.316999999995,33773.361999999994,90.18659503443105,1.0,3.5,2.5
6948,3845.008,37767.473000000005,33922.465000000004,89.81926061084363,1.0,3.3,2.3
6949,4097.803,38307.30500000001,34209.50200000001,89.30281574232383,1.0,3.45,2.45
6950,3358.0800000000004,34399.786,31041.706,90.23807880665304,1.0,2.975,1.975
6951,2602.23,39929.231,37327.001,93.48289477450741,1.0,3.6,2.6
6952,4349.572,35780.559,31430.987,87.84375615819752,1.0,3.475,2.475
6953,4204.025,38464.182,34260.157,89.07028622108744,1.0,3.25,2.25
6954,4117.805,34023.104,29905.299,87.89703314547668,1.0,3.8,2.8
6955,5231.874,36094.378000000004,30862.504000000004,85.50501687548127,1.0,3.25,2.25
6956,4783.299000000001,35459.596,30676.297,86.51056543340201,1.0,3.4,2.4
6957,2750.184,38574.356,35824.172,92.87043444095346,1.0,3.025,2.025
6958,5091.648,39960.466,34868.818,87.2582867276873,1.0,3.625,2.625
6959,4976.156999999999,35335.841,30359.684,85.91753624881888,1.0,3.925,2.925
6960,3447.8010000000004,35125.216,31677.415,90.18425680286208,1.0,3.0,2.0
6961,3636.4040000000005,37441.88,33805.475999999995,90.28787016036587,1.0,3.325,2.325
6962,3126.687,37852.62,34725.933000000005,91.73983993710344,1.0,3.025,2.025
6963,4049.016,36238.774000000005,32189.758000000005,88.82684055481567,1.0,3.55,2.55
6964,5035.266,34954.922,29919.656,85.594972862477,1.0,3.225,2.225
6965,4572.814,37731.60800000001,33158.79400000001,87.88068083395757,1.0,3.025,2.025
6966,4631.215,40516.538,35885.323000000004,88.56956880175696,1.0,3.825,2.825
6967,3117.358,37242.865,34125.507,91.6296504041781,1.0,3.05,2.05
6968,3544.015,34319.976,30775.961000000003,89.67360874611335,1.0,3.7,2.7
6969,4480.922,33261.037,28780.114999999998,86.52801474590224,1.0,3.35,2.35
6970,2896.952,36601.81,33704.858,92.08522201497686,1.0,3.475,2.475
6971,3964.4049999999997,39820.7,35856.295,90.04436134975026,1.0,3.45,2.45
6972,4313.493,34590.721,30277.227999999996,87.5299130075953,1.0,3.625,2.625
6973,5042.817999999999,38598.611000000004,33555.793000000005,86.93523453473495,1.0,3.025,2.025
6974,5343.936,38876.565,33532.629,86.25409420816885,1.0,3.1,2.1
6975,3640.249,34726.085999999996,31085.836999999996,89.51724936694563,1.0,2.925,1.9249999999999998
6976,3968.25,39396.543000000005,35428.293000000005,89.92741571259184,1.0,3.575,2.575
6977,3668.31,33733.54,30065.23,89.12562986274195,1.0,3.075,2.075
6978,3598.862,33938.828,30339.966,89.39603335742767,1.0,3.275,2.275
6979,3131.235,40671.608,37540.373,92.30117727334508,1.0,4.0,3.0
6980,3596.691,36843.899000000005,33247.208000000006,90.23802828251158,1.0,3.525,2.525
6981,3834.124,39530.265,35696.141,90.30078852241442,1.0,3.625,2.625
6982,4209.697,39305.123,35095.426,89.28969895349266,1.0,3.75,2.75
6983,2971.672,33442.234000000004,30470.562000000005,91.11401469172186,1.0,3.15,2.15
6984,4054.324,37012.386,32958.062,89.04603448153814,1.0,4.325,3.325
6985,3838.0779999999995,37630.221000000005,33792.143000000004,89.80054355779627,1.0,2.9,1.9
6986,3494.775,33914.737,30419.962,89.69540881298887,1.0,3.675,2.675
6987,4037.5160000000005,36849.236000000004,32811.72,89.04314868291976,1.0,3.3,2.3
6988,4906.497,38699.99800000001,33793.501000000004,87.32171252308592,1.0,3.55,2.55
6989,3769.428,36654.850999999995,32885.422999999995,89.71642798384312,1.0,3.375,2.375
6990,5268.816,38556.309,33287.493,86.33475004051866,1.0,3.35,2.35
6991,4465.268,38562.746,34097.478,88.42077273231529,1.0,3.55,2.55
6992,3945.6240000000003,37158.818,33213.193999999996,89.3817289882579,1.0,3.45,2.45
6993,3332.244,36455.606999999996,33123.363,90.85944721754325,1.0,3.575,2.575
6994,3727.243,41042.724,37315.481,90.91862664866007,1.0,3.125,2.125
6995,3900.0830000000005,37303.921,33403.838,89.54511242933417,1.0,3.75,2.75
6996,5050.158,37068.812000000005,32018.654000000006,86.37626153220126,1.0,3.45,2.45
6997,2762.349,39073.773,36311.424,92.93042675965793,1.0,3.425,2.425
6998,3556.0119999999997,39706.832,36150.82,91.04433211896632,1.0,2.975,1.975
6999,4714.999,39815.363000000005,35100.364,88.15783997749813,1.0,3.975,2.975
7000,3876.0240000000003,37424.933000000005,33548.90900000001,89.64320390366498,1.0,3.25,2.25
7001,4574.326,35464.933,30890.606999999996,87.10183380298506,1.0,3.25,2.25
7002,4737.255,36052.24,31314.984999999997,86.86002589575571,1.0,3.275,2.275
7003,2788.844,34028.604999999996,31239.760999999995,91.80441278741812,1.0,3.0,2.0
7004,3769.6830000000004,40775.509,37005.826,90.75503140868211,1.0,3.5,2.5
7005,3399.4240000000004,39168.807,35769.383,91.32109384899061,1.0,3.825,2.825
7006,3885.747,35796.799,31911.052,89.14498751690061,1.0,3.4,2.4
7007,3081.745,34767.288,31685.543,91.13607883364386,1.0,3.6,2.6
7008,4988.365000000001,33218.028000000006,28229.663000000004,84.98295865124805,1.0,3.35,2.35
7009,5696.98,35113.442,29416.462000000003,83.77550113144704,1.0,3.325,2.325
7010,4272.258,39114.187999999995,34841.92999999999,89.07747234839695,1.0,3.45,2.45
7011,3575.5170000000003,37256.445999999996,33680.929,90.40295738353572,1.0,3.35,2.35
7012,3732.141,33757.86,30025.719,88.9443791756942,1.0,3.2,2.2
7013,3155.353,41055.270000000004,37899.917,92.31437766698404,1.0,3.65,2.65
7014,3532.347,33218.899,29686.551999999996,89.3664537166027,1.0,2.975,1.975
7015,3726.4750000000004,35574.4,31847.925000000003,89.52484089682468,1.0,2.65,1.65
7016,3015.0839999999994,33430.46000000001,30415.376000000007,90.9810274821226,1.0,3.35,2.35
7017,3923.471,32588.583,28665.111999999997,87.96059650706506,1.0,3.475,2.475
7018,2657.1800000000003,35549.373,32892.193,92.5253815306391,1.0,3.3,2.3
7019,2745.183,35445.079,32699.895999999997,92.25510824788964,1.0,3.725,2.725
7020,3301.4560000000006,36711.113,33409.657,91.00693024480081,1.0,3.65,2.65
7021,3228.8579999999997,37599.693,34370.835,91.41254158644327,1.0,3.425,2.425
7022,2797.902,35790.526,32992.623999999996,92.18256250271371,1.0,3.325,2.325
7023,3608.148,38411.206,34803.058,90.60652248200694,1.0,2.875,1.875
7024,3945.5209999999997,31427.615,27482.094,87.44568749489899,1.0,3.175,2.175
7025,4490.384,38161.809,33671.425,88.23330413922464,1.0,3.5,2.5
7026,2990.9120000000003,35180.771,32189.859,91.49844669407615,1.0,3.35,2.35
7027,3726.578,34445.388999999996,30718.810999999994,89.18119926008093,1.0,3.225,2.225
7028,2714.118,36487.071,33772.953,92.5614253881875,1.0,3.425,2.425
7029,3853.1760000000004,34138.778999999995,30285.602999999996,88.71319914517154,1.0,3.225,2.225
7030,4625.199,34356.712,29731.513,86.53771350413275,1.0,3.55,2.55
7031,3076.8469999999998,35828.034,32751.186999999998,91.41218019386717,1.0,3.35,2.35
7032,3369.786,34960.966,31591.18,90.36129036022632,1.0,3.425,2.425
7033,2875.7290000000003,34508.316999999995,31632.587999999996,91.66656258547758,1.0,3.3,2.3
7034,3398.517,36449.334,33050.817,90.67605185872533,1.0,3.775,2.775
7035,1906.6810000000003,32154.688000000002,30248.007,94.0702861119349,1.0,3.425,2.425
7036,2928.193,33739.813,30811.620000000003,91.32125302532056,1.0,3.575,2.575
7037,3347.8009999999995,38660.439,35312.638,91.34049926334255,1.0,3.125,2.125
7038,3465.632,38596.804000000004,35131.172000000006,91.02093530852969,1.0,3.3,2.3
7039,4553.368,35482.044,30928.676,87.16712036093523,1.0,3.1,2.1
7040,1822.7939999999999,33890.482,32067.688000000002,94.62151644818742,1.0,3.9,2.9
7041,4433.35,37823.899000000005,33390.549000000006,88.27897145135672,1.0,3.425,2.425
7042,3360.069,38985.096000000005,35625.027,91.38114473284867,1.0,3.35,2.35
7043,3802.357,35511.701,31709.344,89.29266440940128,1.0,3.0,2.0
7044,3718.017,32409.422000000002,28691.405000000002,88.52797498209009,1.0,4.05,3.05
7045,2629.7780000000002,36783.007,34153.229,92.85056276122286,1.0,3.675,2.675
7046,4655.539000000001,37007.049,32351.51,87.41985884905333,1.0,3.225,2.225
7047,2983.5660000000003,40133.583,37150.017,92.56591169544967,1.0,3.525,2.525
7048,5815.058000000001,38961.712,33146.653999999995,85.07494229206354,1.0,2.975,1.975
7049,4110.253000000001,35765.335,31655.082,88.50771843741991,1.0,3.55,2.55
7050,3251.961,38066.859000000004,34814.898,91.45723843409301,1.0,3.375,2.375
7051,3205.7549999999997,38053.442,34847.687000000005,91.57565037086528,1.0,3.525,2.525
7052,3625.357,35291.896,31666.539,89.72750854757138,1.0,3.65,2.65
7053,4044.2999999999997,35741.951,31697.651,88.68472512874297,1.0,4.0,3.0
7054,3484.6780000000003,34502.044,31017.366,89.90008244149246,1.0,3.15,2.15
7055,2894.86,38355.651000000005,35460.791000000005,92.45258540912263,1.0,3.4,2.4
7056,4868.363,34514.525,29646.162,85.89474141683827,1.0,3.375,2.375
7057,3040.116,34264.421,31224.305,91.12748468739629,1.0,3.15,2.15
7058,2924.5159999999996,36298.729999999996,33374.21399999999,91.94320021664669,1.0,3.05,2.05
7059,2267.7790000000005,38325.123,36057.344,94.08278741858179,1.0,3.775,2.775
7060,3089.2969999999996,32035.483,28946.186,90.3566398546262,1.0,3.35,2.35
7061,4371.593,35284.672,30913.078999999998,87.61050407383694,1.0,3.675,2.675
7062,3350.74,37702.887,34352.147000000004,91.11277605876708,1.0,3.425,2.425
7063,3246.7479999999996,39300.72200000001,36053.97400000001,91.73870647974356,1.0,3.55,2.55
7064,3205.0960000000005,36476.397,33271.301,91.21323303943643,1.0,3.65,2.65
7065,3855.244,40559.383,36704.139,90.49481595910865,1.0,2.85,1.85
7066,3851.809,38439.698,34587.888999999996,89.97960649950996,1.0,3.8,2.8
7067,3245.8179999999998,35162.01700000001,31916.199000000008,90.76896527295348,1.0,3.4,2.4
7068,3621.409,37508.273,33886.864,90.34503934638633,1.0,3.55,2.55
7069,3587.9670000000006,37175.536,33587.569,90.34858031367726,1.0,3.0,2.0
7070,3325.509,40462.626,37137.117,91.78128231222561,1.0,3.85,2.85
7071,3081.848,40014.378,36932.53,92.29814843054665,1.0,4.05,3.05
7072,5444.032999999999,39541.875,34097.842000000004,86.23223354987594,1.0,3.4,2.4
7073,2971.013,35764.399000000005,32793.386000000006,91.69282000237163,1.0,3.625,2.625
7074,4404.484,36341.032,31936.548,87.8801350495495,1.0,3.15,2.15
7075,4176.865,40715.553,36538.688,89.74135264723041,1.0,3.775,2.775
7076,2736.41,35105.361999999994,32368.951999999994,92.20515088264864,1.0,3.5,2.5
7077,2946.7920000000004,38998.513000000006,36051.721000000005,92.44383497391297,1.0,3.375,2.375
7078,4173.478999999999,36054.834,31881.355000000003,88.42463398943953,1.0,2.875,1.875
7079,3286.19,39252.147,35965.956999999995,91.62799935504165,1.0,3.575,2.575
7080,4866.585999999999,37068.104999999996,32201.518999999997,86.8712306712199,1.0,3.375,2.375
7081,3846.477,35415.651,31569.174,89.13904759226367,1.0,3.3,2.3
7082,4174.144,35295.346,31121.201999999997,88.17367026236263,1.0,3.0,2.0
7083,4698.812,36965.846999999994,32267.034999999996,87.28877496030323,1.0,3.7,2.7
7084,4232.436000000001,38443.377,34210.941,88.99046772087685,1.0,3.725,2.725
7085,3066.9559999999997,35058.823000000004,31991.867000000006,91.2519710088385,1.0,3.425,2.425
7086,4880.154,40038.469,35158.314999999995,87.8113371417873,1.0,3.425,2.425
7087,3836.857,36430.645000000004,32593.788000000004,89.46805086761435,1.0,3.6,2.6
7088,4483.619000000001,33613.464,29129.845,86.66124086467256,1.0,3.575,2.575
7089,4465.262000000001,40002.604,35537.342,88.83757167408402,1.0,3.525,2.525
7090,3111.179,36638.611000000004,33527.432,91.50846903011688,1.0,3.6,2.6
7091,4365.824,33853.909999999996,29488.085999999996,87.10392979717852,1.0,3.1,2.1
7092,4403.572,38628.975000000006,34225.403000000006,88.60033951198551,1.0,3.475,2.475
7093,4198.753000000001,32679.296,28480.542999999998,87.15164182239421,1.0,3.25,2.25
7094,4090.6450000000004,34687.478,30596.833000000002,88.20714207011532,1.0,3.325,2.325
7095,4476.974,37781.761,33304.787,88.15043586771935,1.0,2.975,1.975
7096,3347.8010000000004,37788.034,34440.233,91.14057905208828,1.0,3.325,2.325
7097,5132.532999999999,33377.648,28245.115,84.62284400626432,1.0,3.425,2.425
7098,3804.5280000000002,40280.493,36475.965000000004,90.55491202652361,1.0,2.95,1.9500000000000002
7099,4439.987999999999,36113.525,31673.537000000004,87.7054704573979,1.0,3.325,2.325
7100,3180.6270000000004,33186.564,30005.936999999998,90.41591952695073,1.0,3.625,2.625
7101,3895.923,36879.763999999996,32983.84099999999,89.43614986256418,1.0,2.95,1.9500000000000002
7102,4529.256,38452.408,33923.152,88.22113819243778,1.0,3.925,2.925
7103,3907.4230000000002,35796.57,31889.147,89.08436478690557,1.0,3.45,2.45
7104,4672.046,36341.032,31668.985999999997,87.14388187985415,1.0,2.9,1.9
7105,4120.641,35984.04,31863.399,88.54869825622693,1.0,3.75,2.75
7106,3915.525,36887.844,32972.318999999996,89.38532433611462,1.0,3.95,2.95
7107,4083.014,34191.755000000005,30108.741000000005,88.05848369000071,1.0,3.35,2.35
7108,2649.7960000000003,37128.997,34479.201,92.86327072072537,1.0,3.225,2.225
7109,3865.626,38681.951,34816.325,90.00664159881697,1.0,3.5,2.5
7110,3893.19,38363.024000000005,34469.834,89.85171241975085,1.0,3.15,2.15
7111,3573.178,34089.497,30516.319000000003,89.51824369834497,1.0,3.625,2.625
7112,3423.8940000000002,36872.619999999995,33448.725999999995,90.71426440540434,1.0,4.1,3.0999999999999996
7113,3157.13,37309.258,34152.128000000004,91.53794481787872,1.0,3.3,2.3
7114,4644.601000000001,35113.441999999995,30468.840999999993,86.77258412889285,1.0,3.875,2.875
7115,4189.424,36095.248999999996,31905.824999999997,88.39341986531247,1.0,3.2,2.2
7116,2691.432,38646.085999999996,35954.653999999995,93.035693187662,1.0,3.075,2.075
7117,3461.4719999999998,35299.04,31837.568,90.19386362915252,1.0,3.0,2.0
7118,4565.533,40511.907999999996,35946.37499999999,88.73039255519636,1.0,3.375,2.375
7119,2845.3289999999997,37146.108,34300.779,92.3401692581091,1.0,3.225,2.225
7120,3260.7340000000004,36007.359000000004,32746.625000000004,90.94425670041505,1.0,3.7,2.7
7121,3575.5110000000004,37987.049,34411.538,90.5875526156296,1.0,3.5,2.5
7122,3595.5730000000003,36686.086,33090.513000000006,90.19908256225536,1.0,3.925,2.925
7123,3897.144,36946.15700000001,33049.013000000006,89.45182850817204,1.0,3.375,2.375
7124,3872.361,36401.924,32529.563,89.36220788769297,1.0,3.125,2.125
7125,3670.2390000000005,34937.811,31267.572,89.49493716134647,1.0,3.675,2.675
7126,4139.125,37619.547000000006,33480.422000000006,88.99740871414534,1.0,3.2,2.2
7127,4150.479,32746.396,28595.917,87.32538689143074,1.0,3.375,2.375
7128,4976.653,36491.472,31514.819000000003,86.36214784648864,1.0,3.525,2.525
7129,3262.0339999999997,36057.577,32795.543,90.95326344307605,1.0,3.25,2.25
7130,4353.762000000001,34433.844,30080.081999999995,87.35615460185042,1.0,3.5,2.5
7131,4378.092000000001,39336.587,34958.494999999995,88.87017828974334,1.0,3.55,2.55
7132,4598.088,32681.81,28083.722,85.93074251395501,1.0,3.225,2.225
7133,3958.074,34870.482,30912.408000000003,88.64921339487076,1.0,3.425,2.425
7134,3965.976,37831.979,33866.003,89.51686878447464,1.0,3.175,2.175
7135,4133.15,35036.375,30903.225,88.20326018316678,1.0,3.3,2.3
7136,3544.4090000000006,32340.993,28796.584,89.04050657937435,1.0,3.0,2.0
7137,4620.38,39172.337,34551.957,88.20499272228768,1.0,3.725,2.725
7138,4018.464,40473.3,36454.836,90.07132109316512,1.0,3.35,2.35
7139,3951.7430000000004,35436.212,31484.468999999997,88.84829168535282,1.0,3.2,2.2
7140,4778.539,36681.456000000006,31902.917000000005,86.97287534060807,1.0,3.85,2.85
7141,4110.362,36098.072,31987.71,88.61334754942037,1.0,3.15,2.15
7142,3980.892,35808.344000000005,31827.452000000005,88.88278106354205,1.0,3.075,2.075
7143,4143.489,38289.258,34145.769,89.1784557433837,1.0,3.475,2.475
7144,3687.4049999999997,35881.01,32193.605000000003,89.72324078948726,1.0,3.45,2.45
7145,3955.757,34911.683999999994,30955.926999999992,88.66924608964723,1.0,3.5,2.5
7146,4363.346,33914.737,29551.391000000003,87.13436580681726,1.0,3.3,2.3
7147,4294.308000000001,36085.361999999994,31791.053999999993,88.09958453513643,1.0,2.75,1.75
7148,3689.036,34712.668999999994,31023.632999999994,89.37265238809496,1.0,3.35,2.35
7149,4476.103,37060.961,32584.858000000004,87.92232343894159,1.0,3.15,2.15
7150,4208.2880000000005,37504.743,33296.455,88.77931785854392,1.0,3.25,2.25
7151,3127.8050000000003,38447.070999999996,35319.265999999996,91.86464685437285,1.0,3.4,2.4
7152,4549.258,39450.455,34901.197,88.46842704349037,1.0,3.85,2.85
7153,3392.683,36487.070999999996,33094.388,90.70168444049675,1.0,3.625,2.625
7154,4551.035,35949.046,31398.011000000002,87.3403177374999,1.0,3.5,2.5
7155,3202.363,36831.418,33629.055,91.30534968813853,1.0,3.375,2.375
7156,4040.9080000000004,37921.756,33880.848,89.34409050045045,1.0,3.45,2.45
7157,4814.152,37671.423,32857.271,87.22067918697948,1.0,3.65,2.65
7158,4389.321,37236.592,32847.27099999999,88.21234499655607,1.0,2.875,1.875
7159,2643.962,38483.872,35839.91,93.12968819769488,1.0,3.2,2.2
7160,4331.741,36072.880999999994,31741.139999999992,87.99169658780511,1.0,3.675,2.675
7161,3173.8430000000003,35676.657999999996,32502.814999999995,91.10386684761784,1.0,3.175,2.175
7162,2199.891,38737.506,36537.615,94.32103088928852,1.0,3.025,2.025
7163,5203.813,37600.793000000005,32396.980000000003,86.16036369232957,1.0,3.475,2.475
7164,3684.526,39929.231,36244.705,90.77235922725384,1.0,3.125,2.125
7165,4934.213,36909.356,31975.143,86.63153862668317,1.0,3.425,2.425
7166,4158.5869999999995,38900.656,34742.069,89.30972526530144,1.0,3.475,2.475
7167,2897.259,36538.947,33641.688,92.07076492926849,1.0,3.625,2.625
7168,3430.1760000000004,34787.142,31356.966,90.13952913981839,1.0,3.2,2.2
7169,4507.4169999999995,39463.872,34956.455,88.57837112384715,1.0,3.85,2.85
7170,4936.034,35171.755000000005,30235.721000000005,85.96591497922125,1.0,3.25,2.25
7171,4805.531,36651.157,31845.626,86.88846030153972,1.0,3.0,2.0
7172,3391.0739999999996,38180.727,34789.653,91.11836188975657,1.0,3.225,2.225
7173,3600.126,38889.045999999995,35288.92,90.74257054287216,1.0,3.425,2.425
7174,3315.64,40407.070999999996,37091.431,91.79440647900464,1.0,3.25,2.25
7175,4567.148,32552.718,27985.57,85.9699948864485,1.0,3.6,2.6
7176,3684.2840000000006,37689.47,34005.186,90.2246330341074,1.0,3.15,2.15
7177,2470.047,35480.23700000001,33010.19000000001,93.03824548860821,1.0,4.05,3.05
7178,4483.196,36820.515,32337.319,87.82418985720325,1.0,3.75,2.75
7179,3178.353,36637.511,33459.157999999996,91.3248664735986,1.0,3.825,2.825
7180,4512.695000000001,39688.078,35175.383,88.62959551732386,1.0,3.6,2.6
7181,4346.4220000000005,35392.267,31045.845,87.71928907520957,1.0,3.575,2.575
7182,4353.52,37024.16,32670.640000000003,88.2414077726544,1.0,3.425,2.425
7183,4139.994000000001,38133.25199999999,33993.257999999994,89.14334922182876,1.0,3.325,2.325
7184,2865.3469999999998,34312.76699999999,31447.41999999999,91.64932691088421,1.0,3.775,2.775
7185,3621.197,37866.973,34245.776,90.43705711570873,1.0,3.2,2.2
7186,4349.572,37516.353,33166.781,88.40619715887628,1.0,3.5,2.5
7187,2639.56,35590.411,32950.851,92.58350795667968,1.0,3.375,2.375
7188,3316.0340000000006,34829.986999999994,31513.952999999994,90.47937054929133,1.0,3.3,2.3
7189,3218.4759999999997,34979.013000000006,31760.537000000008,90.79883700549242,1.0,2.925,1.9249999999999998
7190,3756.158,36329.258,32573.100000000002,89.66079075988836,1.0,3.6,2.6
7191,3578.407,36857.316000000006,33278.90900000001,90.29118940728077,1.0,4.075,3.075
7192,4518.209000000001,36273.703,31755.494,87.54411977183581,1.0,3.625,2.625
7193,3628.9550000000004,34418.53999999999,30789.584999999992,89.45639472214684,1.0,3.7,2.7
7194,3949.8140000000003,34303.029,30353.215000000004,88.48552412091657,1.0,3.325,2.325
7195,4408.469999999999,36057.577000000005,31649.107000000004,87.77380410225568,1.0,3.975,2.975
7196,4557.71,37642.931,33085.221,87.89225525504378,1.0,2.825,1.8250000000000002
7197,3831.1850000000004,40122.90900000001,36291.72400000001,90.45137779017968,1.0,4.05,3.05
7198,5654.063,32359.04,26704.977,82.52709907339649,1.0,3.125,2.125
7199,3182.6590000000006,35983.104,32800.445,91.15512936293656,1.0,2.925,1.9249999999999998
7200,3623.8509999999997,34882.963,31259.112000000005,89.61140141678905,1.0,3.05,2.05
7201,4093.3779999999997,33457.458,29364.079999999998,87.76542437862433,1.0,3.575,2.575
7202,2802.5150000000003,40037.762,37235.247,93.00032054738723,1.0,3.325,2.325
7203,3771.46,36571.511,32800.051,89.68743730604952,1.0,3.575,2.575
7204,3845.4179999999997,37268.056,33422.638,89.68173172220199,1.0,3.175,2.175
7205,2146.103,35597.55500000001,33451.452000000005,93.97120673034988,1.0,2.65,1.65
7206,3914.413,34906.346999999994,30991.933999999994,88.7859563190614,1.0,3.65,2.65
7207,2608.452,39428.007,36819.555,93.38426616389715,1.0,3.3,2.3
7208,4297.138,36976.521,32679.383,88.37873903821293,1.0,3.125,2.125
7209,3322.2850000000003,34797.816,31475.531,90.45260484163718,1.0,3.15,2.15
7210,5849.4439999999995,36220.727,30371.283,83.85056158591185,1.0,3.675,2.675
7211,4819.43,34507.381,29687.951,86.03362567561994,1.0,3.825,2.825
7212,2933.8289999999997,35402.941000000006,32469.11200000001,91.71303593111094,1.0,3.675,2.675
7213,3743.744,35136.826,31393.082000000002,89.34524137154563,1.0,3.325,2.325
7214,4096.582,38404.933000000005,34308.351,89.33318800478052,1.0,3.675,2.675
7215,4028.084,38706.978,34678.894,89.5933906284288,1.0,3.475,2.475
7216,3565.794,37702.887,34137.093,90.54238472507423,1.0,3.675,2.675
7217,4971.755,34908.153999999995,29936.398999999994,85.75761124463929,1.0,3.875,2.875
7218,3706.4080000000004,36687.893,32981.48499999999,89.8974629041793,1.0,3.475,2.475
7219,4086.4490000000005,34181.081,30094.631999999998,88.04470519817673,1.0,3.875,2.875
7220,3513.1980000000003,37877.811,34364.613,90.72491807934729,1.0,2.9,1.9
7221,2895.066,34767.288,31872.222,91.67301746400237,1.0,4.075,3.075
7222,3985.25,40953.176,36967.926,90.26876450314867,1.0,3.225,2.225
7223,3951.5970000000007,35440.678,31489.081,88.85010890593007,1.0,3.5,2.5
7224,2983.069,35828.034,32844.965,91.6739249493846,1.0,3.4,2.4
7225,3479.115,35595.912,32116.797,90.22608270298007,1.0,3.9,2.9
7226,3433.362,39202.865000000005,35769.503000000004,91.24206355836493,1.0,3.125,2.125
7227,3433.7200000000003,34188.061,30754.341,89.95637687671143,1.0,3.475,2.475
7228,2732.117,38095.58,35363.463,92.82825724139127,1.0,3.425,2.425
7229,3273.7400000000002,38128.850999999995,34855.111,91.41400825322536,1.0,2.75,1.75
7230,3951.2899999999995,39427.070999999996,35475.780999999995,89.9782309469552,1.0,3.65,2.65
7231,2753.9990000000007,36031.679000000004,33277.68,92.35672864425773,1.0,3.2,2.2
7232,3313.966,36359.78599999999,33045.81999999999,90.88562842476576,1.0,3.25,2.25
7233,3262.24,35930.292,32668.052000000003,90.92064155782536,1.0,3.4,2.4
7234,3398.0640000000003,39174.144,35776.08,91.3257479218946,1.0,3.65,2.65
7235,4433.204,32472.908000000003,28039.704000000005,86.34799199381837,1.0,3.25,2.25
7236,4007.4169999999995,39548.083,35540.666,89.86697534745235,1.0,3.575,2.575
7237,3809.141,36280.912,32471.770999999997,89.50097781444964,1.0,3.675,2.675
7238,3662.8990000000003,35591.511,31928.611999999997,89.70850380586539,1.0,2.975,1.975
7239,3287.023,36008.295,32721.271999999997,90.87148391780282,1.0,3.6,2.6
7240,2693.004,36643.948,33950.943999999996,92.65089012788688,1.0,3.7,2.7
7241,2983.523,34642.746,31659.222999999998,91.38774102953616,1.0,3.075,2.075
7242,4572.917,37268.763,32695.845999999998,87.72989326208653,1.0,3.475,2.475
7243,4115.072,38817.316000000006,34702.244000000006,89.3988754915461,1.0,3.4,2.4
7244,3858.2259999999997,36486.134999999995,32627.908999999996,89.42550094714062,1.0,3.25,2.25
7245,2947.245,35517.745,32570.500000000004,91.70204921511768,1.0,3.7,2.7
7246,3891.31,42446.01000000001,38554.70000000001,90.83233029441402,1.0,2.725,1.725
7247,3434.977,36056.641,32621.664000000004,90.47338602616922,1.0,3.6,2.6
7248,3151.193,38176.326,35025.133,91.74568815239057,1.0,3.725,2.725
7249,2714.88,37153.252,34438.372,92.69275270977626,1.0,3.575,2.575
7250,3616.9640000000004,38327.865999999995,34710.901999999995,90.56309579041003,1.0,3.35,2.35
7251,3653.133,34580.047000000006,30926.914000000004,89.43571996880166,1.0,3.5,2.5
7252,3187.223,34324.377,31137.154000000002,90.71440393513916,1.0,3.025,2.025
7253,3881.031,36118.633,32237.602000000003,89.2547677538073,1.0,3.35,2.35
7254,3111.692,34554.856,31443.164,90.99492123480417,1.0,3.7,2.7
7255,3545.63,38056.185,34510.555,90.68317016011984,1.0,3.025,2.025
7256,4448.205,34061.712,29613.506999999998,86.94074742925429,1.0,3.75,2.75
7257,3864.302,37525.384,33661.081999999995,89.70216533960051,1.0,3.5,2.5
7258,4495.252,37926.15700000001,33430.905000000006,88.14735698109355,1.0,3.575,2.575
7259,4102.248,34502.043999999994,30399.795999999995,88.11013051864406,1.0,3.575,2.575
7260,4483.3640000000005,37390.004,32906.64,88.00919090567628,1.0,3.025,2.025
7261,3693.958,34094.834,30400.876000000004,89.16563723407482,1.0,3.65,2.65
7262,3025.509,39523.828,36498.319,92.34510128927795,1.0,3.25,2.25
7263,4952.255999999999,41860.51,36908.254,88.1696233514594,1.0,3.9,2.9
7264,3163.4610000000002,34194.498,31031.037,90.74862569995909,1.0,3.5,2.5
7265,3231.3,37268.056,34036.755999999994,91.3295718993231,1.0,3.025,2.025
7266,3981.0310000000004,39088.061,35107.03,89.8152251655563,1.0,3.125,2.125
7267,2520.346,37266.02,34745.674,93.23687906570115,1.0,3.3,2.3
7268,2227.0510000000004,35477.643,33250.592,93.72266359408374,1.0,3.275,2.275
7269,4523.216,34386.369,29863.153,86.84590396851729,1.0,2.925,1.9249999999999998
7270,3082.616,37461.734000000004,34379.118,91.77129387550507,1.0,3.15,2.15
7271,3128.4640000000004,33854.617,30726.153,90.7591215697404,1.0,3.425,2.425
7272,4213.911,34283.175,30069.264000000003,87.70851591195972,1.0,2.95,1.9500000000000002
7273,3974.809,38090.243,34115.434,89.5647580930371,1.0,3.975,2.975
7274,3844.0150000000003,37472.408,33628.393000000004,89.74174544640952,1.0,3.55,2.55
7275,4261.876,34435.651,30173.774999999998,87.62365201110907,1.0,3.325,2.325
7276,3156.677,38276.777,35120.1,91.75302298832526,1.0,4.025,3.0250000000000004
7277,3229.5170000000003,32488.131999999998,29258.614999999998,90.05939461216175,1.0,3.2,2.2
7278,5142.715,38694.661,33551.945999999996,86.70949720944705,1.0,3.7,2.7
7279,4486.859,36121.227,31634.368,87.5783317106033,1.0,3.6,2.6
7280,2681.9570000000003,38416.543000000005,35734.586,93.01874455491739,1.0,3.125,2.125
7281,3343.9990000000003,37779.954000000005,34435.955,91.14874782536792,1.0,3.225,2.225
7282,4322.7029999999995,34006.157,29683.453999999998,87.28846955567488,1.0,3.775,2.775
7283,3447.2390000000005,38748.18,35300.941,91.10348150545393,1.0,3.025,2.025
7284,3064.785,38768.034,35703.248999999996,92.09455656172814,1.0,3.275,2.275
7285,4254.427000000001,38162.909,33908.481999999996,88.85193212079298,1.0,3.55,2.55
7286,2853.473,36957.767,34104.294,92.27909792277224,1.0,3.35,2.35
7287,3070.9040000000005,37652.668999999994,34581.76499999999,91.8441266407967,1.0,3.25,2.25
7288,4816.885,36818.708,32001.822999999997,86.91728943883636,1.0,3.95,2.95
7289,3762.541,37243.736000000004,33481.19500000001,89.89751994805249,1.0,3.325,2.325
7290,2988.076,32776.924,29788.847999999998,90.88359847312091,1.0,4.15,3.1500000000000004
7291,3531.023,36038.823000000004,32507.800000000003,90.20216892210937,1.0,2.725,1.725
7292,5031.874,36207.310000000005,31175.436000000005,86.10260193314555,1.0,3.025,2.025
7293,4394.696,33514.9,29120.204,86.88733667711973,1.0,3.25,2.25
7294,5102.695,36281.783,31179.088000000003,85.93593098773565,1.0,3.425,2.425
7295,4181.5869999999995,35512.407999999996,31330.820999999996,88.22499730235134,1.0,3.575,2.575
7296,3128.858,32304.421000000002,29175.563000000002,90.31445881664308,1.0,3.525,2.525
7297,5216.776,37316.402,32099.626000000004,86.02015274677339,1.0,3.2,2.2
7298,3876.3579999999997,33000.966,29124.608,88.25380444923945,1.0,3.725,2.725
7299,4740.646999999999,37292.147,32551.5,87.2878142414273,1.0,3.35,2.35
7300,3888.583,38356.587,34468.004,89.86202030957551,1.0,3.825,2.825
7301,3379.0119999999997,35308.056,31929.043999999998,90.42991208578574,1.0,3.3,2.3
7302,4282.808000000001,32249.802,27966.994,86.71989366012231,1.0,3.55,2.55
7303,3123.295,36256.592000000004,33133.297000000006,91.38558031047155,1.0,2.975,1.975
7304,3775.759,37648.975,33873.216,89.97115060901393,1.0,3.8,2.8
7305,3011.179,40891.184,37880.005000000005,92.63611687057045,1.0,3.3,2.3
7306,4752.994,35294.639,30541.645000000004,86.53338259105017,1.0,3.0,2.0
7307,2910.0609999999997,39665.630000000005,36755.569,92.66352002980918,1.0,3.2,2.2
7308,4147.027,38144.861999999994,33997.83499999999,89.12821600979969,1.0,3.225,2.225
7309,3092.1270000000004,41067.98,37975.853,92.47071075811374,1.0,2.8,1.7999999999999998
7310,2873.081,38271.44,35398.359000000004,92.49288503385293,1.0,3.4,2.4
7311,4083.861,35591.511,31507.649999999998,88.52574424277744,1.0,3.525,2.525
7312,3817.8050000000003,38338.54,34520.735,90.04186127066914,1.0,3.075,2.075
7313,3167.621,37061.668,33894.047,91.45310729133939,1.0,3.6,2.6
7314,4799.156999999999,38374.634000000005,33575.477000000006,87.49393414410154,1.0,3.325,2.325
7315,4101.298000000001,37901.901999999995,33800.60399999999,89.17917628513734,1.0,2.975,1.975
7316,4056.465,38315.156,34258.691000000006,89.41289707916106,1.0,3.275,2.275
7317,3656.012,38455.151,34799.138999999996,90.49278989958978,1.0,3.175,2.175
7318,2910.5200000000004,36661.766,33751.246,92.06115711938153,1.0,3.85,2.85
7319,4055.8,36783.943,32728.143,88.97399335356735,1.0,4.075,3.075
7320,3927.5220000000004,35276.592000000004,31349.070000000003,88.8664925455384,1.0,3.25,2.25
7321,4850.9259999999995,37927.09300000001,33076.16700000001,87.20986604483502,1.0,3.275,2.275
7322,3231.549,36172.381,32940.832,91.06625300667932,1.0,3.2,2.2
7323,3334.9770000000003,36595.602,33260.625,90.88694592317404,1.0,3.575,2.575
7324,3349.228,35257.838,31908.610000000004,90.50075617228714,1.0,2.95,1.9500000000000002
7325,4024.692,36184.862,32160.170000000002,88.87741509142691,1.0,3.225,2.225
7326,4043.635,32630.720999999998,28587.085999999996,87.60788951001113,1.0,3.775,2.775
7327,3224.6980000000003,40316.422999999995,37091.72499999999,92.00152751646642,1.0,2.9,1.9
7328,3976.871,37152.381,33175.51,89.29578429980033,1.0,3.8,2.8
7329,3204.395,40117.572,36913.177,92.01249018759162,1.0,3.2,2.2
7330,2874.405,37169.492000000006,34295.08700000001,92.26676275263596,1.0,3.3,2.3
7331,4336.143,34285.918,29949.774999999998,87.35299139430947,1.0,3.2,2.2
7332,5075.643999999999,38477.599,33401.955,86.80883388799805,1.0,3.75,2.75
7333,4172.711,38640.749,34468.038,89.20126781186359,1.0,3.275,2.275
7334,4757.813,38465.825000000004,33708.012,87.63106471783719,1.0,3.275,2.275
7335,3710.53,37968.295,34257.765,90.22729358797913,1.0,3.8,2.8
7336,3998.094,37314.595,33316.501000000004,89.28544179562984,1.0,3.275,2.275
7337,4831.318,34715.412,29884.093999999997,86.08307457218137,1.0,3.6,2.6
7338,3139.305,39912.119999999995,36772.814999999995,92.13445690181328,1.0,3.275,2.275
7339,4754.874,41176.28200000001,36421.40800000001,88.45239596911641,1.0,3.475,2.475
7340,4775.256,36148.061,31372.805,86.78973126663695,1.0,4.05,3.05
7341,3685.185,32461.298000000003,28776.113,88.64745026523585,1.0,2.9,1.9
7342,3814.4129999999996,36166.108,32351.695,89.45307302627089,1.0,3.45,2.45
7343,4002.9129999999996,39041.522,35038.609,89.74703650129213,1.0,3.625,2.625
7344,4216.1900000000005,33757.86,29541.67,87.51049385239466,1.0,3.55,2.55
7345,3257.445,40407.070999999996,37149.626,91.9384283013238,1.0,3.075,2.075
7346,4533.76,37399.742,32865.981999999996,87.87756343345897,1.0,3.8,2.8
7347,3952.4680000000003,38805.706000000006,34853.238000000005,89.81472466961431,1.0,3.15,2.15
7348,3531.023,35555.417,32024.394,90.06895911247504,1.0,3.75,2.75
7349,4410.809,31432.016000000003,27021.207000000002,85.96714572810093,1.0,3.925,2.925
7350,3689.986,38361.924,34671.938,90.38112374134312,1.0,3.075,2.075
7351,3774.955,36045.096000000005,32270.141000000003,89.52713290040897,1.0,3.575,2.575
7352,3437.625,39620.748999999996,36183.123999999996,91.32367487550526,1.0,3.275,2.275
7353,3873.631,36220.727,32347.095999999998,89.3054852267322,1.0,3.1,2.1
7354,4395.252,40342.485,35947.233,89.10515304151441,1.0,3.425,2.425
7355,3805.355,37849.090000000004,34043.735,89.94598020718595,1.0,3.325,2.325
7356,4994.484,35699.812999999995,30705.328999999994,86.00977545736724,1.0,3.025,2.025
7357,3103.898,34731.422999999995,31627.524999999994,91.06314187011571,1.0,3.55,2.55
7358,4420.423,37495.792,33075.369,88.21088243715454,1.0,3.425,2.425
7359,4005.084,40022.458,36017.373999999996,89.99290848153304,1.0,3.525,2.525
7360,3548.751,35912.474,32363.723,90.11833325657264,1.0,3.45,2.45
7361,3015.339,37243.80100000001,34228.46200000001,91.90378286040138,1.0,3.55,2.55
7362,3914.763,37974.503,34059.74,89.69107508793466,1.0,3.45,2.45
7363,4289.030000000001,34969.046,30680.016000000003,87.73478121193241,1.0,3.625,2.625
7364,3358.745,36353.513000000006,32994.768000000004,90.76087914804822,1.0,3.475,2.475
7365,3389.291,38470.455,35081.164000000004,91.18988584876368,1.0,3.275,2.275
7366,3856.012,34514.361000000004,30658.349000000006,88.82780417113908,1.0,3.525,2.525
7367,4618.977000000001,35581.544,30962.567000000003,87.01861560588827,1.0,3.1,2.1
7368,2580.554,33732.669,31152.115,92.34998570673433,1.0,3.475,2.475
7369,3153.0789999999997,40123.615999999995,36970.537,92.14158813602444,1.0,3.675,2.675
7370,3283.734,38375.341,35091.607,91.44311447291115,1.0,3.55,2.55
7371,4802.549000000001,32528.627,27726.078,85.23593080027632,1.0,3.8,2.8
7372,3457.892,37624.884,34166.992,90.80956103412838,1.0,3.5,2.5
7373,5062.377,35071.304000000004,30008.927000000003,85.56547255841984,1.0,3.5,2.5
7374,3566.291,37317.338,33751.047000000006,90.44334030471306,1.0,3.725,2.725
7375,2711.947,39972.240000000005,37260.293000000005,93.21542400425895,1.0,3.45,2.45
7376,3528.8520000000003,34011.494,30482.642,89.62453104823916,1.0,3.725,2.725
7377,2577.8030000000003,37102.163,34524.36,93.05214900813196,1.0,3.225,2.225
7378,4356.869000000001,37201.663,32844.794,88.28851011310974,1.0,3.15,2.15
7379,4515.525,36650.221,32134.695999999996,87.67940580767575,1.0,2.9,1.9
7380,3098.5609999999997,36929.982,33831.421,91.60963306183035,1.0,3.5,2.5
7381,4008.747,34847.098,30838.351,88.49618123150455,1.0,3.225,2.225
7382,4145.266,38174.454,34029.187999999995,89.14125661103101,1.0,3.5,2.5
7383,4231.1849999999995,37982.418999999994,33751.234,88.86014869142484,1.0,3.05,2.05
7384,3957.021,34048.459,30091.438000000002,88.378266987061,1.0,2.825,1.8250000000000002
7385,3500.791,35746.581000000006,32245.790000000005,90.2066410211371,1.0,3.1,2.1
7386,3064.023,37147.044,34083.021,91.75163708853927,1.0,2.95,1.9500000000000002
7387,4768.654,37322.675,32554.021,87.22317197253412,1.0,2.85,1.85
7388,3641.011,36783.943,33142.932,90.10162939845792,1.0,3.3,2.3
7389,3836.089,40364.062000000005,36527.973000000005,90.49627611809733,1.0,3.325,2.325
7390,3944.9590000000003,37236.592000000004,33291.633,89.40569265844736,1.0,3.325,2.325
7391,3995.9170000000004,35770.672,31774.754999999997,88.82906924421212,1.0,3.25,2.25
7392,2673.849,37684.840000000004,35010.991,92.90470916156205,1.0,4.125,3.125
7393,3198.1000000000004,39711.23299999999,36513.132999999994,91.94661117674185,1.0,3.45,2.45
7394,3523.2889999999998,38555.602,35032.313,90.86179746331027,1.0,3.2,2.2
7395,4384.87,31888.344,27503.474000000002,86.24930162569747,1.0,3.6,2.6
7396,5040.272999999999,35913.181,30872.907999999996,85.96539526810504,1.0,3.425,2.425
7397,4367.959,33472.762,29104.803000000004,86.95070636836004,1.0,3.35,2.35
7398,4365.927,34748.534,30382.607,87.43565124215024,1.0,3.4,2.4
7399,4954.983,36735.368,31780.385000000002,86.51168269227628,1.0,3.75,2.75
7400,3738.181,38658.796,34920.615000000005,90.33032223766101,1.0,3.325,2.325
7401,4381.5869999999995,39052.425,34670.838,88.78024348039847,1.0,3.1,2.1
7402,4746.216,38949.938,34203.722,87.81457367146514,1.0,3.075,2.075
7403,3268.0740000000005,35972.43,32704.356,90.9150591161064,1.0,3.425,2.425
7404,4004.0310000000004,36569.475000000006,32565.444000000007,89.05089285531172,1.0,3.25,2.25
7405,3519.2380000000003,37704.694,34185.456000000006,90.66631332427735,1.0,3.75,2.75
7406,4217.139999999999,33707.478,29490.338000000003,87.489007632075,1.0,3.65,2.65
7407,2116.5660000000003,32914.883,30798.317000000003,93.56957762845458,1.0,3.55,2.55
7408,4216.746,34629.329,30412.583,87.82319461055685,1.0,3.025,2.025
7409,4010.362,38282.114,34271.752,89.5241887634523,1.0,3.15,2.15
7410,3651.912,34538.845,30886.933,89.42665280208415,1.0,3.6,2.6
7411,4617.544,35645.03,31027.485999999997,87.04575644907578,1.0,3.425,2.425
7412,3495.4700000000003,34707.332,31211.862,89.92872745159437,1.0,2.95,1.9500000000000002
7413,2816.0339999999997,36269.073000000004,33453.039000000004,92.23571553648476,1.0,3.35,2.35
7414,4776.471,34007.093,29230.622000000003,85.95448602443027,1.0,3.4,2.4
7415,3362.7960000000003,37484.888999999996,34122.09299999999,91.02892901723678,1.0,3.725,2.725
7416,4794.5869999999995,37140.771,32346.184,87.090771486677,1.0,3.1,2.1
7417,3400.083,37285.167,33885.084,90.88086959621235,1.0,3.225,2.225
7418,3937.4130000000005,39070.243,35132.83,89.92222034554533,1.0,3.225,2.225
7419,5205.276,37068.104999999996,31862.828999999998,85.95753411187327,1.0,3.7,2.7
7420,4158.5869999999995,38754.617,34596.03,89.26944110942962,1.0,4.75,3.75
7421,4224.589,39635.102,35410.513,89.34129398733475,1.0,3.325,2.325
7422,3817.8050000000003,36819.644,33001.839,89.63106487395696,1.0,3.075,2.075
7423,2629.7780000000002,39022.604,36392.826,93.26088540887739,1.0,3.05,2.05
7424,2981.908,36940.82,33958.912,91.92787815755037,1.0,3.45,2.45
7425,4046.677,36467.217,32420.539999999997,88.90324699030366,1.0,3.575,2.575
7426,5607.053,34666.130000000005,29059.077000000005,83.82555826104617,1.0,3.1,2.1
7427,4624.48,32439.079000000005,27814.599000000006,85.74410820973061,1.0,3.725,2.725
7428,5040.091,39905.846999999994,34865.755999999994,87.37004379333185,1.0,3.675,2.675
7429,4502.036,38174.454,33672.418,88.20667873861406,1.0,3.725,2.725
7430,3697.538,40493.154,36795.616,90.86873302089533,1.0,3.15,2.15
7431,4745.156999999999,37603.387,32858.23,87.38103830912891,1.0,3.725,2.725
7432,1645.444,34615.912,32970.46799999999,95.24656753229554,1.0,3.5,2.5
7433,3754.023,39688.077999999994,35934.05499999999,90.54118216558635,1.0,3.525,2.525
7434,2344.114,37309.258,34965.144,93.71707151077622,1.0,3.025,2.025
7435,3084.684,38212.191,35127.507,91.92748722521563,1.0,3.125,2.125
7436,4735.521000000001,37570.971999999994,32835.450999999994,87.39579854362032,1.0,3.6,2.6
7437,4200.742,39210.009,35009.267,89.28655690948708,1.0,3.45,2.45
7438,5010.657,35536.663,30526.006,85.9000351271024,1.0,3.2,2.2
7439,4390.645,33239.689,28849.043999999998,86.79095643764899,1.0,2.925,1.9249999999999998
7440,2221.0110000000004,35615.602,33394.591,93.76393806287481,1.0,3.325,2.325
7441,2974.4049999999997,39035.085,36060.68,92.38017542423694,1.0,3.225,2.225
7442,4159.911,38053.441999999995,33893.530999999995,89.06823987170463,1.0,3.15,2.15
7443,4643.477,39851.935,35208.458,88.34817682002142,1.0,3.2,2.2
7444,4743.089,39233.393000000004,34490.304000000004,87.91058168229294,1.0,3.625,2.625
7445,2356.376,37890.292,35533.916,93.7810561079867,1.0,3.075,2.075
7446,4908.668,34132.505999999994,29223.837999999996,85.6187881428923,1.0,3.8,2.8
7447,3106.0040000000004,39106.814999999995,36000.810999999994,92.0576400814027,1.0,3.1,2.1
7448,3836.192,38702.741,34866.549,90.08806120476066,1.0,3.4,2.4
7449,4953.805,35767.142,30813.337,86.14984389862629,1.0,3.575,2.575
7450,3674.641,35591.282,31916.641,89.6754463635224,1.0,3.45,2.45
7451,4256.495000000001,36421.549,32165.053999999996,88.3132510371813,1.0,3.9,2.9
7452,3868.3100000000004,40048.436,36180.126000000004,90.3409211785449,1.0,3.4,2.4
7453,3403.5780000000004,37309.258,33905.68,90.87739027133695,1.0,2.7,1.7000000000000002
7454,3707.5319999999997,36274.638999999996,32567.106999999996,89.77927251047213,1.0,3.175,2.175
7455,4656.101000000001,34187.354,29531.252999999997,86.380633610896,1.0,3.65,2.65
7456,3841.011,35299.04,31458.029000000002,89.11865308518306,1.0,3.55,2.55
7457,3235.745,36739.998,33504.253,91.19285471926264,1.0,3.9,2.9
7458,4439.6810000000005,35556.353,31116.672000000002,87.51367723230781,1.0,3.15,2.15
7459,4542.8240000000005,40372.142,35829.318,88.74762701468751,1.0,3.45,2.45
7460,2755.5209999999997,38852.31,36096.789,92.90770355739465,1.0,2.975,1.975
7461,4710.657,37733.415,33022.758,87.5159536978034,1.0,3.375,2.375
7462,4657.257,34513.654,29856.397000000004,86.5060448250423,1.0,3.2,2.2
7463,4717.799,36502.375,31784.576,87.07536427424243,1.0,3.4,2.4
7464,4186.588,38336.73300000001,34150.145000000004,89.07943459866546,1.0,3.55,2.55
7465,4210.657,39432.407999999996,35221.751,89.3218364955039,1.0,2.875,1.875
7466,3948.254,35681.995,31733.741,88.93488438636909,1.0,3.025,2.025
7467,4498.256,37666.085999999996,33167.829999999994,88.05754332956177,1.0,2.975,1.975
7468,3197.8959999999997,32984.955,29787.059,90.30498601559408,1.0,2.925,1.9249999999999998
7469,4149.966,33383.921,29233.955,87.56896770753801,1.0,3.6,2.6
7470,3638.925,39065.613,35426.687999999995,90.6850943309145,1.0,3.0,2.0
7471,3179.683,34856.129,31676.446,90.87769327454578,1.0,2.95,1.9500000000000002
7472,4199.309,37484.888999999996,33285.579999999994,88.79732843813409,1.0,3.0,2.0
7473,2892.792,34145.216,31252.424,91.52797276198224,1.0,3.1,2.1
7474,5592.826,36462.98,30870.154000000002,84.66163215403678,1.0,3.575,2.575
7475,2702.4720000000007,37545.781,34843.309,92.80219527195345,1.0,3.5,2.5
7476,4017.001,33308.511999999995,29291.510999999995,87.94001665400123,1.0,2.725,1.725
7477,4467.148,37859.764,33392.616,88.2008033647542,1.0,3.575,2.575
7478,4773.9259999999995,36940.656,32166.730000000003,87.07676983321574,1.0,3.0,2.0
7479,3602.6710000000003,35845.145,32242.473999999995,89.94934739418684,1.0,3.9,2.9
7480,3700.639,36988.295,33287.655999999995,89.99510791184076,1.0,3.075,2.075
7481,3734.233,38873.035,35138.802,90.39377038607867,1.0,3.35,2.35
7482,3655.2440000000006,37169.492,33514.248,90.16601033987767,1.0,3.425,2.425
7483,3503.869,33951.538,30447.669,89.67979300378086,1.0,3.425,2.425
7484,3884.5260000000003,35409.214,31524.688,89.0296181101337,1.0,3.875,2.875
7485,4736.222,35561.689999999995,30825.467999999993,86.68167345252714,1.0,2.925,1.9249999999999998
7486,3848.563,38525.074,34676.511,90.01023852673197,1.0,3.125,2.125
7487,3474.6900000000005,34950.292,31475.602,90.0581946497042,1.0,3.575,2.575
7488,3582.4040000000005,34676.804000000004,31094.4,89.66916328275235,1.0,4.025,3.0250000000000004
7489,5334.213,35130.553,29796.34,84.81602894210063,1.0,3.95,2.95
7490,3659.814,34707.332,31047.518000000004,89.45521367070221,1.0,3.15,2.15
7491,4202.701,39384.933000000005,35182.232,89.32916554663176,1.0,3.9,2.9
7492,5401.219,37515.417,32114.198,85.60266836431539,1.0,3.6,2.6
7493,3724.136,37215.244000000006,33491.10800000001,89.99298244558064,1.0,3.825,2.825
7494,2798.9170000000004,35235.39,32436.472999999998,92.05651760914239,1.0,3.225,2.225
7495,3736.295,32663.992,28927.697,88.56142568244569,1.0,3.25,2.25
7496,3480.475,36655.558000000005,33175.083000000006,90.50491879021457,1.0,3.45,2.45
7497,2440.014,34133.441999999995,31693.427999999996,92.85154424215408,1.0,4.2,3.2
7498,2935.189,34169.307,31234.118000000002,91.40986675556518,1.0,3.225,2.225
7499,3789.036,39034.378000000004,35245.342000000004,90.2930796028055,1.0,3.15,2.15
7500,5858.004999999999,34701.994999999995,28843.989999999998,83.11911173982938,1.0,3.05,2.05
7501,4415.482,36032.386,31616.904,87.74579624008247,1.0,3.35,2.35
7502,3758.177,37696.614,33938.437,90.03046533569301,1.0,3.325,2.325
7503,3607.0730000000003,35420.988,31813.914999999997,89.81656581685412,1.0,3.55,2.55
7504,4372.814,35021.085999999996,30648.271999999997,87.51376813386085,1.0,3.4,2.4
7505,2598.464,33904.063,31305.599000000002,92.3358330239063,1.0,3.325,2.325
7506,2802.472,35808.344,33005.871999999996,92.17369002040418,1.0,3.575,2.575
7507,2052.9900000000002,38998.513,36945.523,94.73572235946534,1.0,3.325,2.325
7508,3065.179,36535.417,33470.238,91.61038999500127,1.0,3.55,2.55
7509,3219.5289999999995,36471.06,33251.530999999995,91.1723733831701,1.0,3.35,2.35
7510,2788.741,36826.788,34038.047,92.4274118068619,1.0,3.15,2.15
7511,4254.530000000001,36238.545,31984.015,88.259655568401,1.0,3.525,2.525
7512,3705.084,35894.426999999996,32189.342999999997,89.67782937445972,1.0,3.9,2.9
7513,3578.201,35514.215,31936.013999999996,89.92459498260062,1.0,3.35,2.35
7514,4611.425,34223.219,29611.793999999998,86.52544928634562,1.0,3.675,2.675
7515,4050.0690000000004,36510.455,32460.386000000002,88.90709798056474,1.0,3.125,2.125
7516,4190.748,35113.441999999995,30922.693999999996,88.06511762646339,1.0,3.125,2.125
7517,3816.342,35263.175,31446.833000000002,89.17754286163967,1.0,3.425,2.425
7518,1758.1650000000002,35889.09,34130.924999999996,95.10111568724645,1.0,3.525,2.525
7519,3105.858,38295.531,35189.673,91.88976384737948,1.0,3.125,2.125
7520,4388.927,33401.739,29012.812,86.8601841359218,1.0,2.9,1.9
7521,3444.9710000000005,32480.987999999998,29036.016999999996,89.39388481655791,1.0,3.575,2.575
7522,2510.338,35403.87700000001,32893.539000000004,92.90942627554602,1.0,3.5,2.5
7523,4450.9259999999995,35610.265,31159.339,87.50100287094185,1.0,3.975,2.975
7524,4160.245,34381.739,30221.494000000002,87.89984125003102,1.0,3.1,2.1
7525,3600.477,38853.181,35252.704,90.73312169729424,1.0,3.375,2.375
7526,4149.675,37630.221000000005,33480.546,88.97249367735576,1.0,3.275,2.275
7527,3320.3559999999998,30349.758,27029.402000000002,89.05969530300702,1.0,3.7,2.7
7528,3972.9230000000002,33672.713,29699.790000000005,88.20135757994909,1.0,2.85,1.85
7529,3706.5170000000007,34671.467000000004,30964.950000000004,89.30960434988229,1.0,3.25,2.25
7530,4113.089,41002.458,36889.369,89.96867699980328,1.0,3.45,2.45
7531,5222.151,37728.785,32506.634000000005,86.15870879488963,1.0,3.075,2.075
7532,3433.465,34197.092000000004,30763.627000000004,89.95977494226702,1.0,3.925,2.925
7533,3553.1760000000004,42899.595,39346.419,91.71746026972983,1.0,3.95,2.95
7534,3825.1020000000003,37164.862,33339.76,89.7077459886707,1.0,3.775,2.775
7535,4634.468000000001,38259.666,33625.198,87.88680486651398,1.0,3.65,2.65
7536,5451.3730000000005,35493.654,30042.281000000003,84.64127418383016,1.0,3.325,2.325
7537,3274.1929999999998,37455.297000000006,34181.10400000001,91.25839797772795,1.0,3.475,2.475
7538,5592.264,39947.049,34354.784999999996,86.00080821990129,1.0,3.425,2.425
7539,4412.98,33594.71,29181.73,86.86406282417678,1.0,3.625,2.625
7540,4052.5110000000004,38054.378000000004,34001.867000000006,89.3507364645403,1.0,3.2,2.2
7541,3866.182,37727.14200000001,33860.96000000001,89.75225316563868,1.0,3.525,2.525
7542,2910.4710000000005,33727.332,30816.861,91.37058632446823,1.0,3.225,2.225
7543,3518.4700000000003,38941.85799999999,35423.38799999999,90.96481220798452,1.0,3.65,2.65
7544,3051.858,39150.053,36098.195,92.20471553384616,1.0,3.15,2.15
7545,5188.921,38107.354,32918.433,86.38341302836193,1.0,3.2,2.2
7546,4214.969,35152.130000000005,30937.161000000004,88.00934964680661,1.0,3.55,2.55
7547,4639.987999999999,30514.714999999997,25874.727,84.7942607361727,1.0,3.0,2.0
7548,3407.0190000000002,36366.93,32959.911,90.63154629769409,1.0,3.55,2.55
7549,4996.926,34804.96,29808.034,85.64306351738374,1.0,3.25,2.25
7550,4356.459000000001,38654.166000000005,34297.707,88.72965206389397,1.0,3.8,2.8
7551,3592.822,35785.896,32193.074,89.96022902430612,1.0,3.325,2.325
7552,3921.8619999999996,35772.47900000001,31850.617000000006,89.03665021370199,1.0,3.7,2.7
7553,4072.4040000000005,35542.936,31470.532,88.542297124807,1.0,3.275,2.275
7554,2814.862,37713.561,34898.699,92.5362073340144,1.0,3.3,2.3
7555,4074.1440000000002,39662.887,35588.743,89.72806997130593,1.0,3.825,2.825
7556,3155.4560000000006,36142.723999999995,32987.268,91.26945716653788,1.0,3.725,2.725
7557,5136.384,38054.378000000004,32917.994000000006,86.50251490117643,1.0,3.5,2.5
7558,1821.947,35549.209,33727.262,94.87485924089056,1.0,3.35,2.35
7559,3605.749,35997.621,32391.872,89.9833686231654,1.0,3.275,2.275
7560,3525.3570000000004,39882.692,36357.335,91.160684439255,1.0,3.55,2.55
7561,3549.4100000000003,33612.528,30063.118,89.4402170524038,1.0,2.925,1.9249999999999998
7562,4218.524,35005.846999999994,30787.322999999993,87.94908747672923,1.0,3.375,2.375
7563,3896.6910000000003,34979.013000000006,31082.322000000007,88.85991723094074,1.0,3.275,2.275
7564,4533.912,39088.997,34555.08500000001,88.40105311476783,1.0,2.85,1.85
7565,2716.2509999999997,33515.606999999996,30799.355999999996,91.89556375929578,1.0,3.4,2.4
7566,4117.346,39124.155,35006.809,89.47620466180038,1.0,3.35,2.35
7567,3409.1470000000004,33464.682,30055.535,89.81270164168899,1.0,3.375,2.375
7568,2793.3540000000003,33829.59,31036.235999999997,91.74286770841739,1.0,3.25,2.25
7569,4772.252,36225.357,31453.105000000003,86.82621126411534,1.0,3.575,2.575
7570,4611.576999999999,38168.953,33557.376000000004,87.9179892621105,1.0,3.325,2.325
7571,3597.955,35053.486000000004,31455.531000000003,89.7358140072003,1.0,3.1,2.1
7572,3429.517,34331.75,30902.233,90.01065486029695,1.0,3.275,2.275
7573,3374.9610000000002,36288.056,32913.094999999994,90.69952658803216,1.0,3.5,2.5
7574,4434.819,35979.574,31544.755,87.6740647346186,1.0,3.575,2.575
7575,2710.623,38107.19,35396.567,92.8868462880627,1.0,3.325,2.325
7576,4098.753,33376.712,29277.959,87.71972206249676,1.0,3.175,2.175
7577,4510.766,34277.837999999996,29767.071999999996,86.84057611801538,1.0,3.175,2.175
7578,5000.808999999999,35778.752,30777.943,86.02296413245493,1.0,3.45,2.45
7579,3986.8650000000002,36135.58,32148.715,88.96692677964488,1.0,3.525,2.525
7580,4114.559,38998.513,34883.954,89.44944644427852,1.0,2.925,1.9249999999999998
7581,3740.352,39487.963,35747.611000000004,90.52786794801241,1.0,3.425,2.425
7582,2404.4010000000003,36305.873999999996,33901.473,93.37737744586455,1.0,3.775,2.775
7583,4657.366,34342.424,29685.057999999997,86.4384470938918,1.0,3.35,2.35
7584,3577.639,38107.35400000001,34529.715000000004,90.6116835086477,1.0,3.55,2.55
7585,4502.036,31390.814,26888.778,85.65811004454997,1.0,3.425,2.425
7586,3876.9799999999996,35100.025,31223.045000000002,88.95448080165184,1.0,3.525,2.525
7587,4263.097,36292.457,32029.36,88.25349025005389,1.0,3.975,2.975
7588,3816.3419999999996,33840.263999999996,30023.921999999995,88.7224815976613,1.0,3.35,2.35
7589,5113.487,39256.777,34143.29,86.97425669967761,1.0,3.575,2.575
7590,2612.794,39255.841,36643.047,93.3441904862005,1.0,3.35,2.35
7591,4361.314,41776.299000000006,37414.98500000001,89.56031504849197,1.0,3.675,2.675
7592,3800.639,35689.139,31888.500000000004,89.35071255151323,1.0,3.875,2.875
7593,4126.469,36156.140999999996,32029.671999999995,88.58708676902216,1.0,3.425,2.425
7594,3543.95,35778.752,32234.802,90.09481940566289,1.0,3.25,2.25
7595,4439.022000000001,36765.896,32326.874,87.92625100174357,1.0,3.45,2.45
7596,4503.311,34823.71399999999,30320.40299999999,87.06826331045562,1.0,3.025,2.025
7597,3497.641,40092.381,36594.74,91.27604569057647,1.0,3.225,2.225
7598,4028.187,32728.578,28700.391000000003,87.69214171174808,1.0,3.1,2.1
7599,3113.9059999999995,38005.803,34891.897,91.80676172004574,1.0,3.4,2.4
7600,4580.819,35439.035,30858.216000000004,87.07408652634024,1.0,3.525,2.525
7601,4478.751,34652.484,30173.732999999997,87.07523824266104,1.0,3.125,2.125
7602,3445.074,37563.827999999994,34118.75399999999,90.82874620765487,1.0,3.7,2.7
7603,3523.748,38881.902,35358.154,90.93730548469568,1.0,3.4,2.4
7604,2654.1380000000004,37188.246,34534.108,92.86296535738738,1.0,2.925,1.9249999999999998
7605,3172.79,40111.135,36938.345,92.09000194085758,1.0,3.9,2.9
7606,3504.577,36037.723,32533.145999999997,90.27525407196231,1.0,3.25,2.25
7607,4086.7560000000003,34029.541,29942.784999999996,87.99056384568924,1.0,3.65,2.65
7608,4059.252,33589.37300000001,29530.121000000006,87.91507063856179,1.0,3.55,2.55
7609,3936.705,36735.368,32798.663,89.28361082431515,1.0,3.625,2.625
7610,3869.634,36124.906,32255.272000000004,89.28818250765829,1.0,3.85,2.85
7611,3445.733,34536.102,31090.369,90.02280859605986,1.0,3.325,2.325
7612,4299.418,38917.76700000001,34618.34900000001,88.95255732426787,1.0,3.1,2.1
7613,3479.4,35602.89199999999,32123.49199999999,90.2271983972538,1.0,3.625,2.625
7614,4209.092,38987.83899999999,34778.746999999996,89.20409002407136,1.0,3.775,2.775
7615,3970.2390000000005,35123.409,31153.17,88.69631646518138,1.0,3.15,2.15
7616,2924.85,35407.571,32482.721000000005,91.73947854259758,1.0,3.575,2.575
7617,2946.689,39300.722,36354.033,92.50220135904883,1.0,2.9,1.9
7618,5046.21,38581.5,33535.29,86.9206484973368,1.0,3.375,2.375
7619,3501.546,36293.393,32791.846999999994,90.3521117466201,1.0,3.6,2.6
7620,3524.0389999999998,34877.626000000004,31353.587000000003,89.89598948047669,1.0,3.825,2.825
7621,3429.4139999999998,35749.095,32319.681,90.40699072242249,1.0,3.375,2.375
7622,3028.3019999999997,36512.262,33483.96000000001,91.70606849830341,1.0,3.525,2.525
7623,3722.418,35451.516,31729.098,89.4999751209511,1.0,3.45,2.45
7624,3670.904,35226.603,31555.699000000004,89.5791711735588,1.0,3.575,2.575
7625,4865.715,36142.724,31277.009000000002,86.53749783773907,1.0,2.975,1.975
7626,2401.777,35501.734,33099.956999999995,93.23476143446965,1.0,3.5,2.5
7627,2868.177,36378.54,33510.363,92.11574461207074,1.0,3.475,2.475
7628,3445.068,35906.037000000004,32460.969000000005,90.40532376212947,1.0,3.525,2.525
7629,3284.0190000000002,38959.905,35675.886,91.57077256733557,1.0,3.175,2.175
7630,2171.068,38439.927,36268.859000000004,94.35204962798187,1.0,3.5,2.5
7631,5224.219,33062.022,27837.802999999996,84.19873109999139,1.0,3.175,2.175
7632,4288.365,35603.056,31314.691,87.95506486858882,1.0,4.05,3.05
7633,3301.201,36193.893,32892.691999999995,90.87912151367635,1.0,2.925,1.9249999999999998
7634,2833.018,39518.491,36685.473,92.83115845693601,1.0,3.275,2.275
7635,4170.649,37630.221000000005,33459.57200000001,88.91675656116928,1.0,2.95,1.9500000000000002
7636,5709.883000000001,35979.57399999999,30269.69099999999,84.13020954611635,1.0,3.225,2.225
7637,3597.3990000000003,37243.965,33646.566,90.34098813056022,1.0,3.6,2.6
7638,4653.762,37891.228,33237.466,87.71810193113825,1.0,3.3,2.3
7639,2774.696,36287.119999999995,33512.424,92.35349622676036,1.0,3.85,2.85
7640,4588.365,38089.143,33500.778,87.9536144984937,1.0,3.375,2.375
7641,3473.178,39002.914,35529.736,91.09508074191585,1.0,3.325,2.325
7642,3494.957,34622.185000000005,31127.228000000006,89.90544068781332,1.0,3.35,2.35
7643,3228.858,37068.105,33839.247,91.28939016440144,1.0,2.825,1.8250000000000002
7644,3286.008,38107.19,34821.182,91.37693437905024,1.0,3.675,2.675
7645,3282.901,34827.407999999996,31544.506999999998,90.57380038158453,1.0,3.5,2.5
7646,3989.036,38877.272,34888.236,89.73941381483762,1.0,3.075,2.075
7647,4295.710999999999,34179.981,29884.27,87.43208488032805,1.0,3.4,2.4
7648,4588.927,34398.686,29809.759000000002,86.65958635745564,1.0,3.9,2.9
7649,3954.4330000000004,36451.206000000006,32496.773000000005,89.1514343860118,1.0,3.125,2.125
7650,4544.601000000001,33690.531,29145.93,86.51074689205699,1.0,3.1,2.1
7651,3464.12,35108.105,31643.985000000004,90.13299065842489,1.0,3.9,2.9
7652,3174.961,36903.148,33728.187,91.3965036261947,1.0,3.325,2.325
7653,3063.4610000000002,36558.80100000001,33495.340000000004,91.62045549579155,1.0,3.8,2.8
7654,3358.08,37128.061,33769.981,90.9554124035726,1.0,3.85,2.85
7655,3942.1290000000004,37606.13,33664.001,89.5173233725459,1.0,3.175,2.175
7656,4859.59,37792.664000000004,32933.07400000001,87.14144628703605,1.0,3.075,2.075
7657,1381.274,36419.035,35037.761000000006,96.20727457495786,1.0,3.5,2.5
7658,3928.743,37508.273,33579.53,89.5256627784489,1.0,3.0,2.0
7659,3661.423,39150.053,35488.63,90.64771891879685,1.0,3.15,2.15
7660,4138.072,37575.602,33437.53,88.98734343630743,1.0,3.35,2.35
7661,3392.7430000000004,37292.147000000004,33899.404,90.90225885894958,1.0,3.375,2.375
7662,4314.201,33806.206000000006,29492.005000000005,87.23843486015555,1.0,3.475,2.475
7663,3725.357,38289.258,34563.901,90.27049048586943,1.0,3.425,2.425
7664,3702.707,38744.65,35041.943,90.44330765667002,1.0,3.3,2.3
7665,3371.4660000000003,36675.412,33303.945999999996,90.80728527330517,1.0,3.925,2.925
7666,5006.1900000000005,38460.488,33454.297999999995,86.9835504947311,1.0,3.35,2.35
7667,3634.415,38798.562000000005,35164.147000000004,90.632603857844,1.0,3.25,2.25
7668,2341.235,32007.549,29666.314,92.68536619283158,1.0,3.675,2.675
7669,3496.843,35784.96,32288.117,90.22817686536466,1.0,3.375,2.375
7670,3334.13,37738.752,34404.622,91.1652351407911,1.0,3.025,2.025
7671,4369.59,35979.574,31609.984,87.85535926578785,1.0,3.1,2.1
7672,4516.323,39971.369000000006,35455.046,88.70110503345532,1.0,3.825,2.825
7673,2796.5420000000004,36099.715,33303.172999999995,92.25328510211229,1.0,3.325,2.325
7674,3843.0789999999997,36553.464,32710.385000000002,89.48641638997607,1.0,3.325,2.325
7675,4193.897999999999,35318.729999999996,31124.831999999995,88.1255696340157,1.0,3.375,2.375
7676,3102.406,34635.602,31533.196,91.04272534370847,1.0,3.325,2.325
7677,3603.621,31269.802,27666.181,88.47571532432474,1.0,3.8,2.8
7678,4417.037,40873.366,36456.329,89.19336127100468,1.0,3.325,2.325
7679,2575.173,33695.868,31120.695000000003,92.35760004757853,1.0,3.7,2.7
7680,3454.536,37951.184,34496.648,90.89742233074995,1.0,3.5,2.5
7681,3350.3460000000005,35420.988,32070.641999999996,90.54135361780422,1.0,3.45,2.45
7682,5143.936,36033.486000000004,30889.550000000003,85.72456742042665,1.0,4.175,3.175
7683,3975.8559999999998,34611.282,30635.426,88.51283231866418,1.0,3.825,2.825
7684,4498.498,36086.298,31587.800000000003,87.53405516963807,1.0,3.525,2.525
7685,2697.6600000000003,37357.604,34659.943999999996,92.77881954099625,1.0,3.325,2.325
7686,3857.5829999999996,37799.808000000005,33942.225000000006,89.79470213182036,1.0,3.475,2.475
7687,4090.8129999999996,33703.948,29613.135,87.86251094382177,1.0,3.475,2.475
7688,3454.6450000000004,37072.735,33618.09,90.6814401473212,1.0,3.55,2.55
7689,3576.467,37798.708,34222.241,90.53812368401587,1.0,3.6,2.6
7690,5288.255999999999,38447.070999999996,33158.814999999995,86.24536053734757,1.0,3.575,2.575
7691,4016.687,40916.375,36899.688,90.18317971716702,1.0,3.075,2.075
7692,5073.370000000001,36426.886,31353.515999999996,86.07245757982167,1.0,2.975,1.975
7693,3417.4170000000004,34588.127,31170.71,90.11968182029631,1.0,3.6,2.6
7694,2849.1310000000003,35487.381,32638.25,91.97142499752235,1.0,3.375,2.375
7695,3619.0260000000003,36042.273,32423.247,89.95894071386674,1.0,3.025,2.025
7696,3044.518,36152.691,33108.172999999995,91.57872369722075,1.0,2.825,1.8250000000000002
7697,4205.252,36439.596000000005,32234.344000000005,88.45966349352501,1.0,3.7,2.7
7698,3799.418,33375.841,29576.423,88.61626288308359,1.0,3.025,2.025
7699,3292.024,34719.813,31427.789,90.51831298745762,1.0,3.425,2.425
7700,3803.4750000000004,37490.455,33686.98,89.85481771293522,1.0,3.775,2.775
7701,4178.648,39864.645000000004,35685.997,89.51790991742182,1.0,3.275,2.275
7702,2769.236,37273.393,34504.157,92.57047513758675,1.0,3.575,2.575
7703,5731.106,39760.515,34029.409,85.58593619826101,1.0,2.775,1.775
7704,3300.791,35199.525,31898.734,90.62262629964466,1.0,3.8,2.8
7705,3243.291,36639.547000000006,33396.25600000001,91.14811381265167,1.0,3.7,2.7
7706,4077.6330000000003,37429.399000000005,33351.766,89.10580156523486,1.0,3.525,2.525
7707,3369.295,34040.215,30670.92,90.10201610066211,1.0,2.9,1.9
7708,3744.9650000000006,34667.001,30922.035999999996,89.19732052968759,1.0,3.0,2.0
7709,4033.9179999999997,38333.203,34299.285,89.47669987295349,1.0,3.225,2.225
7710,3154.1320000000005,37449.96000000001,34295.82800000001,91.57774267315641,1.0,3.75,2.75
7711,3268.6360000000004,39881.756,36613.12,91.8041823434254,1.0,3.725,2.725
7712,4210.253000000001,36100.585999999996,31890.332999999995,88.33743862218746,1.0,3.05,2.05
7713,3873.0260000000003,36133.937000000005,32260.911000000004,89.28147242853719,1.0,3.7,2.7
7714,4230.629000000001,35819.954,31589.324999999997,88.18918360420005,1.0,3.625,2.625
7715,3309.25,30808.844,27499.594,89.2587660867769,1.0,4.15,3.1500000000000004
7716,3314.522,34627.522,31312.999999999996,90.42807048104684,1.0,3.25,2.25
7717,2986.673,38706.27099999999,35719.59799999999,92.28374905968079,1.0,3.15,2.15
7718,3452.62,35773.415,32320.795000000002,90.34864297970994,1.0,3.425,2.425
7719,4035.074,36940.656,32905.582,89.07687508310627,1.0,2.975,1.975
7720,4495.917,36515.792,32019.875,87.6877461674664,1.0,3.625,2.625
7721,4851.591,38221.929000000004,33370.338,87.30678663549398,1.0,3.6,2.6
7722,3081.8480000000004,36652.028,33570.18,91.59160306218254,1.0,3.05,2.05
7723,3107.29,33406.369,30299.078999999998,90.69851021522273,1.0,3.375,2.375
7724,2958.3520000000003,33751.422999999995,30793.070999999996,91.23488215593161,1.0,3.75,2.75
7725,2981.395,37311.065,34329.670000000006,92.00935432960706,1.0,3.625,2.625
7726,3127.6369999999997,33272.647,30145.01,90.5999754092303,1.0,3.225,2.225
7727,4263.346,33848.344,29584.998,87.40456549366196,1.0,3.2,2.2
7728,2626.5249999999996,37068.104999999996,34441.579999999994,92.91432621117265,1.0,3.5,2.5
7729,4760.648999999999,34078.823,29318.174,86.03047705021972,1.0,3.475,2.475
7730,2734.844,35389.753,32654.908999999996,92.27221506745187,1.0,3.425,2.425
7731,4250.932,37001.005000000005,32750.073000000004,88.51130665234633,1.0,3.675,2.675
7732,3791.4190000000003,39434.215,35642.795999999995,90.38545841472944,1.0,4.05,3.05
7733,3211.1360000000004,36227.164000000004,33016.028000000006,91.13610990912787,1.0,3.425,2.425
7734,3961.919,35662.141,31700.222,88.89040621537558,1.0,3.275,2.275
7735,4702.701,36941.527,32238.826,87.26987923374148,1.0,3.45,2.45
7736,3565.626,35996.685,32431.058999999997,90.0945712084321,1.0,3.6,2.6
7737,4599.309,38942.958,34343.649,88.18962596523869,1.0,3.125,2.125
7738,4036.186,39579.547,35543.361,89.80234412485822,1.0,3.225,2.225
7739,4634.71,38569.019,33934.309,87.98333449964076,1.0,4.0,3.0
7740,3715.634,36874.426999999996,33158.793,89.92354782896017,1.0,3.7,2.7
7741,2865.741,39627.022,36761.280999999995,92.7682150831319,1.0,3.4,2.4
7742,4024.6920000000005,35186.108,31161.416,88.56170168067466,1.0,3.4,2.4
7743,3069.1270000000004,38205.918000000005,35136.791000000005,91.96688062828382,1.0,3.275,2.275
7744,3871.3080000000004,37402.485,33531.177,89.64959681154876,1.0,2.975,1.975
7745,4049.9660000000003,39489.063,35439.097,89.74408179804114,1.0,2.925,1.9249999999999998
7746,4738.102,35989.541,31251.439,86.83478069364654,1.0,3.325,2.325
7747,2979.018,35219.229999999996,32240.211999999996,91.54150161715631,1.0,3.55,2.55
7748,5052.147,35446.179000000004,30394.032000000003,85.74699123423149,1.0,3.125,2.125
7749,2823.192,37357.833,34534.640999999996,92.44283789158754,1.0,3.225,2.225
7750,3973.734,34960.966,30987.232,88.63379804779994,1.0,3.4,2.4
7751,2762.349,35971.494,33209.145,92.32072762949461,1.0,3.675,2.675
7752,3479.3030000000003,37170.199,33690.896,90.63953625860329,1.0,3.075,2.075
7753,3728.1870000000004,39434.215,35706.028,90.54580647795322,1.0,3.875,2.875
7754,2962.9049999999997,39742.697,36779.792,92.54478124622494,1.0,3.65,2.65
7755,3588.027,36789.28,33201.253,90.24708556405561,1.0,3.025,2.025
7756,4071.8049999999994,36619.693,32547.888,88.88083250725232,1.0,3.375,2.375
7757,3733.9180000000006,35367.076,31633.158,89.44238986564793,1.0,3.0,2.0
7758,4014.31,38537.555,34523.245,89.58338171687332,1.0,3.0,2.0
7759,3544.965,34622.892,31077.927,89.76121058864753,1.0,3.7,2.7
7760,4468.201,35247.164000000004,30778.963000000003,87.32323258688274,1.0,3.575,2.575
7761,5185.3769999999995,38400.53200000001,33215.155000000006,86.49660114083837,1.0,3.325,2.325
7762,4503.469,38170.053,33666.584,88.20156471881242,1.0,3.575,2.575
7763,3076.182,38471.162,35394.979999999996,92.00392751328904,1.0,3.325,2.325
7764,3892.634,37109.307,33216.673,89.51035652592489,1.0,3.775,2.775
7765,4071.205,37674.166,33602.960999999996,89.19364266749793,1.0,3.7,2.7
7766,3027.6369999999997,35313.393,32285.755999999998,91.42637752197871,1.0,3.175,2.175
7767,4595.814,37410.645,32814.831,87.71522383535488,1.0,3.1,2.1
7768,3815.078,38030.994,34215.916,89.96850305832133,1.0,3.175,2.175
7769,3844.094,36928.33900000001,33084.24500000001,89.59039560376654,1.0,2.925,1.9249999999999998
7770,3851.5670000000005,38501.69,34650.123,89.996368990556,1.0,3.9,2.9
7771,3740.8050000000003,39478.159999999996,35737.354999999996,90.52436841028052,1.0,2.975,1.975
7772,3144.518,36335.695,33191.176999999996,91.34592581757414,1.0,3.075,2.075
7773,4464.144,37769.28,33305.136,88.18048954070609,1.0,3.075,2.075
7774,5348.543,38333.203,32984.66,86.04723169102255,1.0,3.85,2.85
7775,3776.1760000000004,39530.972,35754.796,90.44755084696628,1.0,3.825,2.825
7776,3510.077,41595.102,38085.025,91.56132133057397,1.0,3.625,2.625
7777,3438.472,35173.398,31734.926,90.2242257060293,1.0,3.85,2.85
7778,4111.021000000001,37380.988,33269.967,89.00237468308757,1.0,3.3,2.3
7779,4234.021000000001,38731.233,34497.212,89.0681998169281,1.0,3.05,2.05
7780,3197.9610000000002,37484.888999999996,34286.92799999999,91.46866621373748,1.0,3.175,2.175
7781,2688.741,34857.065,32168.324,92.28638154130303,1.0,3.3,2.3
7782,3973.0260000000003,32819.062,28846.035999999996,87.89415127099001,1.0,3.15,2.15
7783,4479.701,35216.636,30736.934999999998,87.2795885444595,1.0,3.4,2.4
7784,3052.107,35723.197,32671.09,91.4562322067647,1.0,3.05,2.05
7785,3278.456,37191.94,33913.484000000004,91.1850363277635,1.0,3.225,2.225
7786,3674.2529999999997,37140.771,33466.518000000004,90.10722475308873,1.0,3.875,2.875
7787,3323.3379999999997,37170.199,33846.861000000004,91.05913315126455,1.0,3.275,2.275
7788,4268.472,36331.065,32062.593,88.25117843366276,1.0,3.675,2.675
7789,3306.669,33861.761,30555.091999999997,90.23479907025508,1.0,2.95,1.9500000000000002
7790,3771.87,33026.15700000001,29254.287000000008,88.57914349526045,1.0,3.65,2.65
7791,2805.573,38095.58,35290.007000000005,92.63543697195318,1.0,2.65,1.65
7792,3821.3,35270.318999999996,31449.018999999997,89.16567780404822,1.0,3.1,2.1
7793,3836.089,34471.516,30635.427000000003,88.87171367804073,1.0,3.2,2.2
7794,4972.317,37231.255000000005,32258.938000000006,86.644777351717,1.0,3.825,2.825
7795,3926.469,32772.523,28846.054,88.01902130025205,1.0,3.225,2.225
7796,2298.67,37218.774,34920.104,93.82389650986354,1.0,3.5,2.5
7797,5004.025,39952.386,34948.361,87.475028400056,1.0,3.125,2.125
7798,4518.807999999999,35307.119999999995,30788.311999999998,87.20142566145299,1.0,3.6,2.6
7799,2796.849,38387.822,35590.973,92.71422848631526,1.0,3.3,2.3
7800,4036.192,37956.52099999999,33920.32899999999,89.3662751652081,1.0,3.5,2.5
7801,4421.4619999999995,32741.058999999997,28319.596999999998,86.49566588545594,1.0,3.6,2.6
7802,4322.266,36158.028,31835.762,88.04617884581538,1.0,2.975,1.975
7803,3854.12,36148.061,32293.941000000003,89.3379620002301,1.0,3.15,2.15
7804,3246.477,37497.599,34251.122,91.3421736682394,1.0,3.925,2.925
7805,3479.0120000000006,37981.712,34502.7,90.84029703558384,1.0,3.525,2.525
7806,4092.634,36130.242999999995,32037.608999999997,88.67255335094204,1.0,3.75,2.75
7807,3279.574,37331.706,34052.132,91.21504385575092,1.0,2.9,1.9
7808,4858.478,38134.188,33275.71,87.25952156107269,1.0,3.45,2.45
7809,3340.4609999999993,34683.241,31342.780000000002,90.36865960709957,1.0,3.7,2.7
7810,3807.526,39319.475999999995,35511.95,90.31643758426486,1.0,3.6,2.6
7811,3849.125,36155.433999999994,32306.308999999994,89.3539516079381,1.0,3.025,2.025
7812,2976.424,35553.61,32577.186,91.62834941374449,1.0,3.55,2.55
7813,2808.446,37326.369000000006,34517.92300000001,92.47597321882556,1.0,3.175,2.175
7814,3351.3990000000003,36715.907,33364.508,90.87207896021744,1.0,3.225,2.225
7815,3587.12,40861.592000000004,37274.472,91.22129162270525,1.0,3.35,2.35
7816,3127.908,40800.7,37672.791999999994,92.33369035335177,1.0,3.225,2.225
7817,2922.6360000000004,34532.407999999996,31609.771999999997,91.53654155829504,1.0,3.375,2.375
7818,4323.077,37630.221,33307.144,88.51168851758804,1.0,3.3,2.3
7819,3717.9139999999998,33431.56,29713.645999999997,88.87902927652792,1.0,3.35,2.35
7820,3546.683,36412.598,32865.915,90.25973647911638,1.0,2.9,1.9
7821,4220.277,37074.378,32854.100999999995,88.61672878234127,1.0,3.25,2.25
7822,3534.1730000000002,37691.113,34156.939999999995,90.62332545075014,1.0,3.475,2.475
7823,2882.6590000000006,34611.282,31728.623,91.67133133063375,1.0,3.05,2.05
7824,3755.244,35699.649,31944.405,89.48100582165388,1.0,3.4,2.4
7825,4140.091,38690.031,34549.94,89.29933398089032,1.0,3.6,2.6
7826,3962.0820000000003,36668.268000000004,32706.186,89.1947937110092,1.0,3.675,2.675
7827,4305.537,34942.212,30636.675,87.67812123628579,1.0,3.1,2.1
7828,2414.498,36130.013999999996,33715.515999999996,93.31719605754927,1.0,3.6,2.6
7829,3237.069,37086.859,33849.78999999999,91.27165500858403,1.0,3.775,2.775
7830,4553.914000000001,35790.526,31236.611999999997,87.27620264647689,1.0,3.5,2.5
7831,4418.917,39228.056,34809.138999999996,88.7353148471084,1.0,3.625,2.625
7832,4543.4890000000005,36026.113000000005,31482.624000000003,87.38834522614194,1.0,3.5,2.5
7833,5575.945,39098.964,33523.019,85.7388932351251,1.0,3.325,2.325
7834,4100.427,36254.785,32154.358000000004,88.68997016531749,1.0,3.9,2.9
7835,4230.358,35137.697,30907.339,87.96062815385994,1.0,3.525,2.525
7836,4140.908,36971.183999999994,32830.27599999999,88.79963379046772,1.0,3.525,2.525
7837,3154.132,37095.89,33941.758,91.49735455868561,1.0,3.1,2.1
7838,3658.248,35100.025,31441.777000000002,89.57764844896833,1.0,3.4,2.4
7839,4400.772,34870.482,30469.710000000003,87.37966398055525,1.0,3.375,2.375
7840,2860.1780000000003,36291.75,33431.572,92.11893061095152,1.0,3.325,2.325
7841,4612.828,34841.054000000004,30228.226000000002,86.76036608995813,1.0,3.75,2.75
7842,3691.975,36657.365000000005,32965.39000000001,89.92842229658352,1.0,3.375,2.375
7843,4565.97,37683.197,33117.227,87.88327327959992,1.0,3.625,2.625
7844,3214.734,33630.575,30415.840999999997,90.44103765695353,1.0,3.3,2.3
7845,4419.582,37773.681,33354.098999999995,88.29983765680659,1.0,3.2,2.2
7846,3278.353,37848.219000000005,34569.866,91.33815781397799,1.0,3.5,2.5
7847,4635.133,35293.703,30658.57,86.86696887543933,1.0,3.975,2.975
7848,3245.256,34585.384000000005,31340.128000000004,90.61668362566105,1.0,2.85,1.85
7849,3386.6240000000007,34732.523,31345.899,90.24941551179568,1.0,3.45,2.45
7850,4055.8,36057.577000000005,32001.777000000006,88.7518786966745,1.0,3.675,2.675
7851,3409.7030000000004,34520.797999999995,31111.094999999994,90.12275730126517,1.0,3.4,2.4
7852,4744.704000000001,33925.411,29180.707,86.01430650316955,1.0,3.35,2.35
7853,2860.6310000000003,37188.246,34327.615,92.30770120214865,1.0,3.25,2.25
7854,3979.707,33145.362,29165.655000000002,87.99317080923721,1.0,3.225,2.225
7855,4119.268,39740.89,35621.622,89.63468608780529,1.0,2.925,1.9249999999999998
7856,3268.074,36237.838,32969.764,90.98159774322077,1.0,3.2,2.2
7857,3388.735,37600.793000000005,34212.058000000005,90.98759699030816,1.0,3.375,2.375
7858,3633.465,33967.549,30334.084,89.30312870086682,1.0,3.15,2.15
7859,3957.9710000000005,34932.244999999995,30974.273999999994,88.6695773489508,1.0,3.9,2.9
7860,4355.648,37598.986000000004,33243.338,88.41551737592073,1.0,3.175,2.175
7861,3401.8009999999995,37128.061,33726.26,90.83765510943327,1.0,3.3,2.3
7862,5438.609,38430.123999999996,32991.515,85.84805763312136,1.0,4.15,3.1500000000000004
7863,3821.3,34440.988000000005,30619.688000000006,88.90478983936234,1.0,2.925,1.9249999999999998
7864,2236.277,34277.837999999996,32041.560999999994,93.47602669689961,1.0,3.15,2.15
7865,4297.985,35716.759999999995,31418.774999999994,87.9664756825647,1.0,3.525,2.525
7866,3936.7050000000004,33643.992,29707.286999999997,88.29893610722533,1.0,3.825,2.825
7867,4097.906000000001,34508.316999999995,30410.410999999993,88.12487435999849,1.0,2.9,1.9
7868,4466.483,37792.664000000004,33326.181000000004,88.18161376504182,1.0,3.7,2.7
7869,4453.865,35954.383,31500.518000000004,87.61245603908709,1.0,3.1,2.1
7870,2056.3819999999996,39450.455,37394.073000000004,94.78743147575865,1.0,3.075,2.075
7871,3066.4,34774.432,31708.032,91.18202707092384,1.0,3.65,2.65
7872,3996.582,41429.209,37432.627,90.35322639155385,1.0,3.275,2.275
7873,4425.096,34642.746,30217.65,87.22648602971601,1.0,3.075,2.075
7874,4246.319,34249.117,30002.798,87.6016686795166,1.0,3.225,2.225
7875,3423.7480000000005,35566.091,32142.343,90.3735611540779,1.0,3.325,2.325
7876,3314.316,37236.592000000004,33922.276000000005,91.0993036097396,1.0,3.15,2.15
7877,4017.2430000000004,33508.627,29491.384,88.01131720496933,1.0,3.1,2.1
7878,2785.349,34338.894,31553.545,91.88864673393383,1.0,3.1,2.1
7879,3371.811,39053.132,35681.320999999996,91.36609324957598,1.0,3.7,2.7
7880,3610.4650000000006,39566.130000000005,35955.665,90.87485938099076,1.0,3.3,2.3
7881,2518.731,34695.722,32176.991,92.74051423400267,1.0,3.425,2.425
7882,3109.667,42663.779,39554.112,92.71122466671319,1.0,3.725,2.725
7883,4907.3679999999995,36185.733,31278.365,86.43838995882714,1.0,3.65,2.65
7884,2943.2970000000005,35910.437999999995,32967.140999999996,91.8037841810785,1.0,3.4,2.4
7885,4198.191000000001,35855.819,31657.628000000004,88.2914653267298,1.0,3.525,2.525
7886,3946.574,36716.614,32770.04,89.25125829958067,1.0,3.125,2.125
7887,4361.4169999999995,35415.651,31054.233999999997,87.68505765995943,1.0,3.225,2.225
7888,4585.432000000001,35616.473,31031.040999999997,87.12553036905142,1.0,3.025,2.025
7889,3832.697,37340.721999999994,33508.024999999994,89.73587870100637,1.0,2.975,1.975
7890,4102.102,32911.353,28809.251000000004,87.53590592279814,1.0,2.875,1.875
7891,4071.308,41188.992,37117.684,90.11554349278566,1.0,3.85,2.85
7892,2637.783,33878.872,31241.089000000004,92.21407666701536,1.0,3.375,2.375
7893,3992.1370000000006,32583.246,28591.108999999997,87.74788429611954,1.0,3.575,2.575
7894,2592.236,37394.405,34802.169,93.06785065840732,1.0,3.3,2.3
7895,4816.987999999999,35020.215,30203.227,86.24512156764314,1.0,3.275,2.275
7896,3746.4709999999995,31033.986000000004,27287.515000000007,87.92784465392232,1.0,3.25,2.25
7897,2051.834,37147.044,35095.21,94.47645416954306,1.0,3.625,2.625
7898,2967.6639999999998,38949.231,35981.567,92.38068654038382,1.0,2.975,1.975
7899,4611.365,34331.52099999999,29720.155999999995,86.56813078569982,1.0,3.625,2.625
7900,4421.395,35968.9,31547.505,87.70772806507844,1.0,3.2,2.2
7901,3936.2949999999996,37266.248999999996,33329.954,89.43737267466871,1.0,3.175,2.175
7902,3375.517,36294.329,32918.812,90.69960213343523,1.0,3.175,2.175
7903,2276.129,33122.914,30846.784999999996,93.12823443009876,1.0,3.125,2.125
7904,4125.096,36739.998,32614.902000000002,88.7721931830263,1.0,3.325,2.325
7905,3858.08,38222.865,34364.784999999996,89.9063557899179,1.0,3.6,2.6
7906,3447.494,33660.71,30213.216,89.75810670660245,1.0,3.275,2.275
7907,3395.476,37032.24,33636.763999999996,90.83102723464742,1.0,2.75,1.75
7908,6090.934,37546.881,31455.947,83.77778969177227,1.0,3.9,2.9
7909,5152.25,36636.804000000004,31484.554000000004,85.93695563619578,1.0,3.225,2.225
7910,3567.409,32982.212,29414.803,89.18383945867548,1.0,2.775,1.775
7911,4408.221,33691.467000000004,29283.246000000006,86.91591256622931,1.0,3.325,2.325
7912,1888.6460000000002,33685.194,31796.548000000003,94.39324588719899,1.0,3.05,2.05
7913,3398.6200000000003,37237.528,33838.907999999996,90.87313207256936,1.0,3.175,2.175
7914,3524.8010000000004,36311.210999999996,32786.409999999996,90.29280240749888,1.0,3.1,2.1
7915,3470.2450000000003,36783.943,33313.698,90.56587000474636,1.0,3.5,2.5
7916,3013.966,39905.847,36891.881,92.44730728306556,1.0,4.0,3.0
7917,4844.698,34120.025,29275.327,85.8010127483787,1.0,3.5,2.5
7918,4174.138000000001,36686.085999999996,32511.947999999997,88.62201326137654,1.0,2.95,1.9500000000000002
7919,3500.748,35172.691,31671.943,90.04697138470299,1.0,3.5,2.5
7920,3839.59,38453.344,34613.754,90.01493862276322,1.0,3.175,2.175
7921,3596.281,34291.255000000005,30694.974000000006,89.51254190026,1.0,3.65,2.65
7922,3789.188,36395.651,32606.462999999996,89.5888989593839,1.0,3.8,2.8
7923,4125.804,35265.918,31140.113999999998,88.30087451572932,1.0,3.35,2.35
7924,3723.471,40817.647,37094.176,90.87779116713907,1.0,3.4,2.4
7925,3349.022,35512.407999999996,32163.385999999995,90.56943139423268,1.0,3.5,2.5
7926,3812.527,37667.022,33854.494999999995,89.87834238661075,1.0,3.425,2.425
7927,4727.823,36771.233,32043.41,87.14260411120834,1.0,2.975,1.975
7928,4386.588,36783.943,32397.355,88.07472053770853,1.0,3.875,2.875
7929,3394.9139999999998,37697.55,34302.636000000006,90.99433782832041,1.0,3.45,2.45
7930,2486.57,37509.209,35022.639,93.37077462763878,1.0,4.1,3.0999999999999996
7931,3113.3500000000004,36213.747,33100.397000000004,91.40285041478862,1.0,3.325,2.325
7932,3750.528,38218.235,34467.707,90.18654838456041,1.0,3.775,2.775
7933,2872.2340000000004,37589.019,34716.785,92.35884820511012,1.0,3.55,2.55
7934,5201.3279999999995,34797.109,29595.780999999995,85.05241340595278,1.0,3.25,2.25
7935,5314.043,37394.405,32080.362,85.78920295696642,1.0,2.925,1.9249999999999998
7936,4888.921,36449.563,31560.642,86.58716155252671,1.0,3.375,2.375
7937,3772.0220000000004,30599.155,26827.132999999998,87.67279031071283,1.0,3.825,2.825
7938,4449.045999999999,37479.781,33030.735,88.12947706391347,1.0,3.35,2.35
7939,4499.018,35809.28,31310.262,87.4361673845439,1.0,3.675,2.675
7940,2258.159,39192.191000000006,36934.03200000001,94.23824251111657,1.0,3.35,2.35
7941,3745.733,36473.653999999995,32727.920999999995,89.73030505800159,1.0,3.1,2.1
7942,3163.4610000000002,38865.890999999996,35702.42999999999,91.86057255190676,1.0,3.675,2.675
7943,3255.638,41151.091,37895.453,92.08857427376591,1.0,3.3,2.3
7944,3480.7889999999998,35871.043,32390.253999999997,90.2963819591195,1.0,2.9,1.9
7945,3182.513,35542.936,32360.423000000003,91.04600419053733,1.0,2.975,1.975
7946,4959.034000000001,37412.452,32453.417999999998,86.74496394943587,1.0,3.625,2.625
7947,3723.186,35863.899,32140.712999999996,89.61856880089918,1.0,3.725,2.725
7948,3391.112,42967.795,39576.683,92.10778211914295,1.0,3.7,2.7
7949,3984.423,34236.636,30252.213,88.36210718833475,1.0,3.275,2.275
7950,3192.6890000000003,32454.154000000002,29261.465000000004,90.16246425650165,1.0,3.25,2.25
7951,4094.2050000000004,34223.219000000005,30129.014000000003,88.03676240975462,1.0,3.3,2.3
7952,4260.655,34692.97899999999,30432.323999999993,87.71897045797076,1.0,3.9,2.9
7953,5242.218,35239.791,29997.572999999997,85.12415127547153,1.0,2.9,1.9
7954,4292.634,37673.229999999996,33380.596,88.60561199557353,1.0,3.225,2.225
7955,3206.3109999999997,38513.464,35307.153,91.67483091108086,1.0,3.2,2.2
7956,4181.733,37479.388,33297.655,88.84257928651344,1.0,3.825,2.825
7957,3528.852,35029.002,31500.15,89.92591339028158,1.0,3.325,2.325
7958,4075.094,38041.668,33966.574,89.28781461422776,1.0,3.4,2.4
7959,4621.045,34792.479,30171.434,86.71826459965672,1.0,3.575,2.575
7960,3331.585,32134.834,28803.249,89.63248106400674,1.0,3.5,2.5
7961,4294.951,36921.902,32626.951,88.36747088489645,1.0,3.125,2.125
7962,3693.299,37176.636,33483.337,90.06553739827348,1.0,3.325,2.325
7963,3492.786,35874.737,32381.951,90.2639397746665,1.0,3.375,2.375
7964,2829.7290000000003,37272.457,34442.728,92.40798909500386,1.0,3.625,2.625
7965,3408.191,33442.234,30034.042999999998,89.80872210869644,1.0,3.3,2.3
7966,4078.092,36600.939,32522.846999999998,88.85795798845488,1.0,3.425,2.425
7967,3931.4759999999997,33685.194,29753.718000000004,88.32877138840287,1.0,3.275,2.275
7968,3439.131,34168.371,30729.239999999998,89.93475281569613,1.0,3.4,2.4
7969,3587.514,35379.78600000001,31792.272000000008,89.85998954318153,1.0,3.15,2.15
7970,5617.991,38229.301999999996,32611.310999999994,85.30448973407884,1.0,3.0,2.0
7971,2285.29,34301.929000000004,32016.639000000003,93.33772161909611,1.0,3.275,2.275
7972,2587.3379999999997,35858.562000000005,33271.224,92.78460190344498,1.0,3.475,2.475
7973,5243.271000000001,35899.764,30656.493000000002,85.39469228822786,1.0,3.275,2.275
7974,3149.234,37061.897000000004,33912.66300000001,91.50277170108158,1.0,3.65,2.65
7975,4136.463,38175.39,34038.926999999996,89.16458220859039,1.0,3.2,2.2
7976,4708.923000000001,34818.606,30109.682999999997,86.47584282954924,1.0,3.225,2.225
7977,5141.203,37728.07800000001,32586.875000000007,86.37300580220386,1.0,3.8,2.8
7978,3305.652,36753.415,33447.763,91.00586435301318,1.0,3.05,2.05
7979,4162.432000000001,37079.715000000004,32917.283,88.77436895078617,1.0,3.6,2.6
7980,3929.3049999999994,35389.753,31460.447999999997,88.89705446658527,1.0,3.275,2.275
7981,5291.708,37170.19899999999,31878.490999999995,85.763573662869,1.0,3.8,2.8
7982,3488.795,35849.546,32360.751000000004,90.26823101190739,1.0,3.525,2.525
7983,3358.08,35929.356,32571.275999999998,90.65365936422573,1.0,3.425,2.425
7984,4440.756,40557.74,36116.984,89.05078044289449,1.0,3.575,2.575
7985,4973.986000000001,36584.928,31610.942,86.40427555303648,1.0,4.15,3.1500000000000004
7986,4481.478,38370.004,33888.526,88.32036087356154,1.0,3.65,2.65
7987,4014.975,39142.909,35127.934,89.74277818748729,1.0,3.2,2.2
7988,3549.307,35532.098,31982.790999999997,90.01098387154059,1.0,3.65,2.65
7989,4087.815,37980.776,33892.960999999996,89.23714723469578,1.0,3.0,2.0
7990,3154.688,36316.547999999995,33161.85999999999,91.31335940849884,1.0,3.65,2.65
7991,4814.049,39819.764,35005.715000000004,87.91040298480925,1.0,2.85,1.85
7992,5539.274,33703.012,28163.738,83.56445412059908,1.0,3.45,2.45
7993,3204.2920000000004,33861.761,30657.468999999997,90.53713715597956,1.0,3.35,2.35
7994,3307.0190000000002,39729.986999999994,36422.96799999999,91.67626458070575,1.0,3.375,2.375
7995,3637.625,32578.845,28941.22,88.83439544894854,1.0,3.425,2.425
7996,3910.918,37823.899,33912.981,89.66019341369329,1.0,3.075,2.075
7997,3476.285,35899.763999999996,32423.478999999996,90.3166912183601,1.0,3.75,2.75
7998,2488.288,36691.422999999995,34203.134999999995,93.21833879269278,1.0,3.65,2.65
7999,3044.415,34562.0,31517.585,91.19143857415658,1.0,3.1,2.1
8000,3005.9069999999997,37981.712,34975.805,92.0859096609442,1.0,3.325,2.325
8001,3416.693,37315.531,33898.838,90.84377762170931,1.0,3.925,2.925
8002,4458.478,37182.909,32724.431,88.00933514911381,1.0,3.575,2.575
8003,4090.5420000000004,34023.268000000004,29932.726000000002,87.97722194117273,1.0,3.45,2.45
8004,3414.4190000000003,39179.481,35765.062,91.28518573280743,1.0,3.375,2.375
8005,3014.777,36952.43000000001,33937.653000000006,91.8414648238289,1.0,3.275,2.275
8006,3576.315,39238.729999999996,35662.41499999999,90.88575241859255,1.0,3.15,2.15
8007,3211.282,34907.054000000004,31695.772000000004,90.80047832165957,1.0,3.675,2.675
8008,4475.540999999999,33926.347,29450.806000000004,86.80806689856708,1.0,3.25,2.25
8009,4734.257,37387.261000000006,32653.004000000008,87.33724569981204,1.0,4.075,3.075
8010,2539.004,37733.415,35194.411,93.27120537592477,1.0,3.775,2.775
8011,3496.9460000000004,41824.645000000004,38327.699,91.63903005034472,1.0,3.675,2.675
8012,3977.53,39095.433999999994,35117.903999999995,89.8261009201228,1.0,3.55,2.55
8013,3498.862,37050.058000000005,33551.196,90.55639265126116,1.0,3.45,2.45
8014,4345.369000000001,34495.607,30150.238000000005,87.40312353396187,1.0,3.6,2.6
8015,3405.5070000000005,34489.562999999995,31084.055999999993,90.12597811111726,1.0,4.35,3.3499999999999996
8016,4436.04,36871.684,32435.644,87.96897912229883,1.0,3.075,2.075
8017,2995.066,39238.729999999996,36243.664,92.3670669259683,1.0,3.775,2.775
8018,3834.021,35284.672,31450.650999999998,89.13403247733179,1.0,3.5,2.5
8019,4466.689,34246.373999999996,29779.684999999998,86.9571914387199,1.0,3.35,2.35
8020,4275.153,34852.435,30577.282,87.73356007980505,1.0,3.025,2.025
8021,3291.668,39075.58,35783.912000000004,91.57615062911415,1.0,3.825,2.825
8022,2948.824,33476.292,30527.468,91.19130637288025,1.0,3.625,2.625
8023,3982.2520000000004,37660.749,33678.497,89.42598831478364,1.0,3.125,2.125
8024,3680.475,32984.955,29304.480000000003,88.84195840194417,1.0,3.65,2.65
8025,4561.205,36038.823,31477.617999999995,87.34363494612462,1.0,3.775,2.775
8026,3749.125,38804.83500000001,35055.71000000001,90.33851065208755,1.0,3.5,2.5
8027,3885.796,38058.779,34172.983,89.79001402015551,1.0,3.8,2.8
8028,2379.127,40148.807,37769.68,94.07422741104114,1.0,3.575,2.575
8029,2299.5460000000003,33532.718,31233.172,93.14238112162573,1.0,3.125,2.125
8030,3034.795,34900.07400000001,31865.27900000001,91.30433075872561,1.0,3.5,2.5
8031,3013.0159999999996,37594.356,34581.34,91.98545654033812,1.0,3.275,2.275
8032,4603.214000000001,35681.995,31078.781000000003,87.09933679436926,1.0,3.4,2.4
8033,3522.5270000000005,35778.752,32256.225,90.15469572555241,1.0,3.175,2.175
8034,4254.427,39246.81,34992.383,89.1598145174092,1.0,3.45,2.45
8035,2902.6180000000004,37670.716,34768.098,92.29476286036082,1.0,3.375,2.375
8036,4262.535,39676.304000000004,35413.769,89.25672361014271,1.0,3.125,2.125
8037,2222.335,35586.881,33364.546,93.75518467044077,1.0,3.35,2.35
8038,4686.194,38678.257,33992.062999999995,87.88416448031771,1.0,3.275,2.275
8039,4889.03,35778.75200000001,30889.72200000001,86.33538140178842,1.0,3.675,2.675
8040,3295.373,34484.933000000005,31189.560000000005,90.44402087137591,1.0,3.3,2.3
8041,3880.9280000000003,38222.865000000005,34341.937000000005,89.84658005097211,1.0,3.425,2.425
8042,3356.962,34562.0,31205.038,90.28713037439962,1.0,3.1,2.1
8043,4507.417,33189.307,28681.89,86.41906864762196,1.0,4.0,3.0
8044,3383.916,34985.993,31602.077,90.32779775609056,1.0,3.6,2.6
8045,4083.758,38416.543,34332.784999999996,89.3697931123058,1.0,3.625,2.625
8046,2676.788,36098.778999999995,33421.990999999995,92.5848239908613,1.0,3.05,2.05
8047,2781.3520000000003,34435.651,31654.299,91.92304510229819,1.0,3.2,2.2
8048,4178.092000000001,33934.426999999996,29756.334999999995,87.68774849211391,1.0,3.225,2.225
8049,3718.4700000000003,37981.005,34262.534999999996,90.20965874915632,1.0,3.4,2.4
8050,4697.1320000000005,32932.93,28235.798,85.73727876626829,1.0,3.775,2.775
8051,3715.181,34133.442,30418.261000000002,89.11571531520319,1.0,3.425,2.425
8052,2325.727,37096.826,34771.099,93.73065771179454,1.0,3.275,2.275
8053,3179.406,35889.090000000004,32709.684000000005,91.1410236369883,1.0,3.75,2.75
8054,4367.856,32400.242,28032.386,86.51906365390728,1.0,3.525,2.525
8055,2835.395,36129.307,33293.912000000004,92.15209137556943,1.0,2.7,1.7000000000000002
8056,5626.414,35250.694,29624.280000000002,84.03885608606741,1.0,3.925,2.925
8057,3491.565,38604.884,35113.318999999996,90.95563918803641,1.0,3.45,2.45
8058,5635.719,35595.912,29960.192999999996,84.16751058379963,1.0,3.825,2.825
8059,5659.728999999999,37528.67,31868.941,84.9189193222142,1.0,3.075,2.075
8060,2793.4570000000003,34815.863,32022.405999999995,91.9764820995533,1.0,3.55,2.55
8061,3555.1409999999996,36427.115000000005,32871.974,90.2403992190982,1.0,2.875,1.875
8062,3759.1980000000003,38283.921,34524.723,90.18073932395795,1.0,3.6,2.6
8063,2805.616,36739.769,33934.153,92.36354480073078,1.0,3.275,2.275
8064,3197.9610000000002,35420.988000000005,32223.027000000006,90.97156465539584,1.0,3.75,2.75
8065,4225.804,36256.592,32030.787999999997,88.3447291460819,1.0,3.3,2.3
8066,3829.408,33357.087,29527.679,88.51995679358933,1.0,3.45,2.45
8067,3543.7440000000006,33225.172,29681.428,89.33415905266044,1.0,3.35,2.35
8068,3936.6450000000004,34277.838,30341.193000000003,88.51548046875068,1.0,3.125,2.125
8069,3897.2470000000003,35307.12,31409.873000000003,88.9618666150057,1.0,3.525,2.525
8070,4028.084,36711.984,32683.899999999998,89.02787710955637,1.0,3.55,2.55
8071,4168.304,36020.776,31852.471999999998,88.42805607519394,1.0,3.225,2.225
8072,3032.008,37999.759000000005,34967.751000000004,92.02098097516881,1.0,3.45,2.45
8073,3561.64,37419.596,33857.956,90.48188548053805,1.0,3.125,2.125
8074,4025.205,37466.134999999995,33440.92999999999,89.25641782906082,1.0,3.475,2.475
8075,3942.1290000000004,33920.074,29977.945,88.37818278344558,1.0,3.225,2.225
8076,4314.304,36171.445,31857.141,88.07262469055355,1.0,3.65,2.65
8077,4099.871,36130.243,32030.372000000003,88.6525230400471,1.0,3.2,2.2
8078,2775.626,39095.434,36319.808000000005,92.90038320075946,1.0,3.5,2.5
8079,3654.397,37520.983,33866.586,90.26039109902851,1.0,3.25,2.25
8080,3143.853,33920.07399999999,30776.220999999994,90.73158566812089,1.0,3.925,2.925
8081,2750.892,34930.438,32179.546000000002,92.12465643860521,1.0,3.225,2.225
8082,4472.814,34593.464,30120.65,87.07034947410875,1.0,3.1,2.1
8083,4344.251,38780.515,34436.263999999996,88.79785118892825,1.0,3.5,2.5
8084,2986.855,38526.881,35540.026,92.24734802695292,1.0,3.55,2.55
8085,4072.155,36318.584,32246.429000000004,88.78768236118458,1.0,3.175,2.175
8086,3821.965,35997.621,32175.656,89.38272893089241,1.0,3.0,2.0
8087,3565.583,33685.194,30119.611000000004,89.4149845181239,1.0,3.45,2.45
8088,3295.519,34216.782,30921.263,90.36870562521045,1.0,3.65,2.65
8089,3870.2390000000005,34968.339,31098.1,88.93216231974873,1.0,3.075,2.075
8090,5096.473,38918.702999999994,33822.229999999996,86.90482311293879,1.0,3.45,2.45
8091,3230.182,43167.746,39937.564,92.51713999614434,1.0,3.55,2.55
8092,3513.857,35912.474,32398.617000000002,90.21549726704988,1.0,3.425,2.425
8093,3502.7309999999998,35566.31999999999,32063.588999999993,90.15155068053147,1.0,3.4,2.4
8094,4531.367,39577.740000000005,35046.37300000001,88.5507181562161,1.0,3.35,2.35
8095,2673.849,36504.182,33830.333,92.6752255399121,1.0,3.5,2.5
8096,2866.568,37592.713,34726.145000000004,92.37467112309771,1.0,2.925,1.9249999999999998
8097,3061.684,32389.568,29327.884,90.54731449335786,1.0,3.3,2.3
8098,3867.4030000000002,38187.0,34319.597,89.87246183256083,1.0,3.125,2.125
8099,4594.864,37340.721999999994,32745.857999999993,87.69476390949269,1.0,3.45,2.45
8100,2939.24,34756.614,31817.374000000003,91.54336495494067,1.0,3.075,2.075
8101,3503.5780000000004,38640.748999999996,35137.170999999995,90.93294490746025,1.0,3.475,2.475
8102,3607.176,33048.604999999996,29441.428999999996,89.08523975520298,1.0,2.825,1.8250000000000002
8103,2998.0699999999997,34076.08,31078.010000000002,91.20183424854032,1.0,3.55,2.55
8104,4688.262,37098.633,32410.371000000003,87.36270956398852,1.0,3.225,2.225
8105,3714.413,35463.997,31749.584000000003,89.52624262854523,1.0,3.125,2.125
8106,4502.804,34955.629,30452.825,87.11851530407306,1.0,3.5,2.5
8107,3738.3630000000003,38894.383,35156.020000000004,90.38842446735819,1.0,3.35,2.35
8108,3399.527,36021.712,32622.184999999998,90.56256126860377,1.0,3.45,2.45
8109,4329.964,36939.949,32609.985,88.27837038973713,1.0,3.525,2.525
8110,2658.189,35355.695,32697.506,92.48158182154246,1.0,2.85,1.85
8111,3979.707,38416.543,34436.835999999996,89.640642574216,1.0,3.15,2.15
8112,4617.696,35462.19,30844.494000000002,86.97853685855273,1.0,3.225,2.225
8113,5764.439,38435.526000000005,32671.087000000007,85.00231530589694,1.0,3.45,2.45
8114,3416.18,36214.454000000005,32798.274000000005,90.56680517673965,1.0,3.175,2.175
8115,4755.086,35280.286,30525.2,86.52197434000394,1.0,3.3,2.3
8116,4762.4259999999995,39881.592000000004,35119.166000000005,88.05858602635523,1.0,3.025,2.025
8117,3307.122,40221.473000000005,36914.351,91.7777203236689,1.0,3.575,2.575
8118,2733.121,36918.372,34185.251000000004,92.59685394578071,1.0,3.475,2.475
8119,5014.605,36425.079,31410.474,86.23309780604731,1.0,3.1,2.1
8120,4693.988,35421.924,30727.935999999998,86.74835392905253,1.0,3.5,2.5
8121,3029.626,38542.185,35512.558999999994,92.13945447047176,1.0,2.9,1.9
8122,3904.522,36685.149999999994,32780.628,89.35666884284241,1.0,3.775,2.775
8123,3287.411,36232.501000000004,32945.090000000004,90.9269001331153,1.0,3.625,2.625
8124,3761.3199999999997,33709.285,29947.965000000004,88.84188733163579,1.0,3.925,2.925
8125,4389.418,33527.381,29137.963000000003,86.90796039213441,1.0,3.825,2.825
8126,4258.477999999999,34756.614,30498.136000000002,87.7477190384541,1.0,3.275,2.275
8127,2131.247,38313.349,36182.102,94.43732522573268,1.0,3.325,2.325
8128,3470.245,42616.304000000004,39146.059,91.85700148938302,1.0,4.025,3.0250000000000004
8129,3931.1910000000003,37156.782,33225.591,89.4199906762647,1.0,3.7,2.7
8130,2943.853,33629.475,30685.622,91.24621184243881,1.0,3.5,2.5
8131,3812.139,38647.893,34835.75399999999,90.13623071249964,1.0,3.225,2.225
8132,2588.844,37752.169,35163.325000000004,93.14252910872486,1.0,3.525,2.525
8133,3085.3430000000003,37218.545,34133.202,91.71019984795214,1.0,3.275,2.275
8134,3268.462,36667.331999999995,33398.869999999995,91.08617447268867,1.0,3.55,2.55
8135,4784.973,37515.417,32730.444000000003,87.24531570580703,1.0,3.4,2.4
8136,3103.071,30120.379,27017.308,89.69776907521648,1.0,3.3,2.3
8137,3580.4750000000004,33527.380999999994,29946.905999999995,89.32074354391118,1.0,3.625,2.625
8138,2757.6330000000003,34005.221,31247.587999999996,91.890559981951,1.0,3.6,2.6
8139,4522.865,36879.763999999996,32356.898999999998,87.7361877912234,1.0,3.025,2.025
8140,4206.861,34482.19,30275.329,87.79990192038267,1.0,3.175,2.175
8141,3621.3060000000005,36085.361999999994,32464.055999999993,89.9646122436017,1.0,3.925,2.925
8142,3680.366,38533.153999999995,34852.78799999999,90.44883271169549,1.0,4.05,3.05
8143,3216.845,34000.81999999999,30783.97499999999,90.53891935547436,1.0,3.2,2.2
8144,3315.0840000000003,32966.201,29651.117000000002,89.94399142321555,1.0,3.65,2.65
8145,2760.734,33696.804000000004,30936.070000000003,91.80713399407256,1.0,3.25,2.25
8146,4922.762000000001,36494.215,31571.452999999994,86.51084288290622,1.0,3.55,2.55
8147,4460.261,37998.659,33538.398,88.26205682679486,1.0,3.325,2.325
8148,4480.916,37443.687,32962.771,88.032919941885,1.0,3.6,2.6
8149,5056.204,36052.240000000005,30996.036000000007,85.97534022851285,1.0,3.6,2.6
8150,4196.8240000000005,38157.572,33960.748,89.00133373265993,1.0,3.15,2.15
8151,3181.2920000000004,36746.042,33564.75,91.34249070961165,1.0,2.975,1.975
8152,3485.8990000000003,36989.938,33504.039000000004,90.57608855683944,1.0,3.375,2.375
8153,4120.144,37514.546,33394.402,89.01720948455566,1.0,3.8,2.8
8154,3908.476,37847.282999999996,33938.80699999999,89.67303412506519,1.0,3.55,2.55
8155,4243.737999999999,39299.78599999999,35056.047999999995,89.2016256780635,1.0,3.4,2.4
8156,3223.398,35162.724,31939.326,90.83291157988783,1.0,3.275,2.275
8157,3644.512,35670.221000000005,32025.709000000006,89.78276024698586,1.0,3.275,2.275
8158,3762.687000000001,35790.526,32027.838999999996,89.48691896844433,1.0,3.2,2.2
8159,4707.264999999999,35578.801,30871.536,86.76946702054406,1.0,3.225,2.225
8160,4439.987999999999,39323.877,34883.889,88.70918042999676,1.0,3.15,2.15
8161,3932.697,36486.135,32553.438000000002,89.22139327719968,1.0,3.625,2.625
8162,4598.541,39655.743,35057.202000000005,88.40384607092093,1.0,3.25,2.25
8163,4544.498,33013.676,28469.178,86.23449869684309,1.0,3.6,2.6
8164,3829.964,34308.365999999995,30478.401999999995,88.8366470149001,1.0,3.35,2.35
8165,3281.0370000000003,35369.111999999994,32088.074999999993,90.72343970637431,1.0,3.1,2.1
8166,2868.389,35118.778999999995,32250.389999999996,91.83232139135589,1.0,3.175,2.175
8167,3571.007,35663.948,32092.940999999995,89.98706761236865,1.0,3.025,2.025
8168,2953.89,36964.911,34011.021,92.0089351763893,1.0,3.775,2.775
8169,4244.147999999999,35452.452000000005,31208.304000000004,88.028619289859,1.0,3.625,2.625
8170,3774.852,38355.651,34580.799,90.15828984365302,1.0,3.175,2.175
8171,3650.902,34792.479,31141.576999999997,89.50663446545444,1.0,3.275,2.275
8172,2579.7700000000004,37623.077000000005,35043.307,93.1431179858043,1.0,3.4,2.4
8173,2763.263,33871.498999999996,31108.235999999997,91.84192290987771,1.0,3.575,2.575
8174,4228.64,35457.789000000004,31229.149000000005,88.07415769776283,1.0,3.3,2.3
8175,5585.559,31644.448,26058.889,82.34900795235866,1.0,3.025,2.025
8176,2875.1730000000002,34085.26,31210.087000000003,91.56476142473315,1.0,3.3,2.3
8177,3255.25,34127.169,30871.919,90.46141213764318,1.0,3.375,2.375
8178,4386.756,36098.778999999995,31712.022999999994,87.84791031297762,1.0,2.975,1.975
8179,3115.8950000000004,35349.258,32233.363,91.18540196798473,1.0,3.3,2.3
8180,4519.479,38905.28600000001,34385.80700000001,88.3833806028312,1.0,3.225,2.225
8181,2896.1409999999996,33447.570999999996,30551.429999999997,91.34125165621145,1.0,3.575,2.575
8182,4643.629,35728.534,31084.905,87.00302396958128,1.0,3.925,2.925
8183,3488.0270000000005,34502.979999999996,31014.952999999994,89.89065002501233,1.0,3.275,2.275
8184,3229.837,37066.298,33836.461,91.28632430462844,1.0,3.85,2.85
8185,2919.3469999999998,34000.82,31081.472999999998,91.41389237083105,1.0,3.7,2.7
8186,4359.808000000001,39361.614,35001.806,88.92370622810334,1.0,3.225,2.225
8187,3575.3650000000002,38778.708,35203.343,90.78008220387332,1.0,3.325,2.325
8188,3964.9610000000002,37788.034,33823.073,89.5073636273324,1.0,3.25,2.25
8189,4393.849,36954.237,32560.388,88.11002646327131,1.0,3.45,2.45
8190,3606.97,32772.523,29165.553,88.99392030329798,1.0,3.5,2.5
8191,2982.616,36007.359,33024.742999999995,91.71664881059452,1.0,3.275,2.275
8192,3721.1969999999997,31307.310000000005,27586.113000000005,88.11396763247944,1.0,3.275,2.275
8193,3457.518,37261.619,33804.100999999995,90.72096679427698,1.0,3.35,2.35
8194,2682.206,35923.148,33240.942,92.53348843481089,1.0,3.55,2.55
8195,3378.353,36251.255,32872.901999999995,90.68072815685967,1.0,3.15,2.15
8196,3995.258,33042.331999999995,29047.073999999993,87.9086681896423,1.0,3.475,2.475
8197,4952.147,39078.323000000004,34126.17600000001,87.32763685893073,1.0,3.25,2.25
8198,3710.918,34593.464,30882.546,89.27277707719585,1.0,3.15,2.15
8199,2803.5840000000003,37648.039,34844.454999999994,92.5531738850993,1.0,3.725,2.725
8200,3023.6890000000003,38321.429000000004,35297.740000000005,92.10966532589377,1.0,3.15,2.15
8201,3880.4089999999997,38367.261,34486.852,89.88614537795648,1.0,3.25,2.25
8202,4551.138,31971.684,27420.546000000002,85.76509764077488,1.0,3.55,2.55
8203,4454.880000000001,35803.007,31348.126999999997,87.55724623912175,1.0,3.3,2.3
8204,3250.74,35698.006,32447.266000000003,90.8937770921995,1.0,3.425,2.425
8205,3343.042,36340.868,32997.826,90.80087465164564,1.0,3.85,2.85
8206,4074.1870000000004,37339.786,33265.599,89.08888497646987,1.0,3.075,2.075
8207,4526.317,35760.705,31234.388000000003,87.34276351654701,1.0,2.975,1.975
8208,6179.99,38840.7,32660.71,84.08888099339096,1.0,3.175,2.175
8209,2277.059,35015.585,32738.525999999998,93.49701283014406,1.0,4.025,3.0250000000000004
8210,5449.596,36093.441999999995,30643.845999999998,84.90142336660494,1.0,3.475,2.475
8211,3717.805,34132.506,30414.701,89.10772915413828,1.0,4.125,3.125
8212,3593.174,34326.020000000004,30732.846000000005,89.53221492034324,1.0,3.325,2.325
8213,3630.0730000000003,35064.16,31434.087000000003,89.64734076048022,1.0,3.6,2.6
8214,4166.592000000001,35314.263999999996,31147.671999999995,88.20139080344418,1.0,3.55,2.55
8215,4853.659,39929.231,35075.572,87.84434641378392,1.0,3.125,2.125
8216,3379.962,36215.39,32835.428,90.6670561879908,1.0,3.85,2.85
8217,4166.695,33914.736999999994,29748.041999999994,87.71420518460751,1.0,3.15,2.15
8218,2983.2210000000005,35814.617,32831.396,91.6703813976288,1.0,3.1,2.1
8219,3861.3630000000003,36946.157,33084.794,89.54867484593865,1.0,3.7,2.7
8220,3211.282,39627.022,36415.74,91.89623181878265,1.0,3.15,2.15
8221,3045.7390000000005,35257.838,32212.099000000002,91.36152647816918,1.0,3.725,2.725
8222,2869.895,35902.507,33032.612,92.00642172425452,1.0,3.3,2.3
8223,2954.9,35971.494,33016.594,91.78543988192428,1.0,3.4,2.4
8224,4240.097,36141.788,31901.691,88.26815928420586,1.0,3.175,2.175
8225,3623.1859999999997,35253.437,31630.250999999997,89.7224602525989,1.0,3.525,2.525
8226,4058.177,37140.77099999999,33082.59399999999,89.07352515649177,1.0,3.7,2.7
8227,3080.584,36383.877,33303.293,91.5331068209141,1.0,3.45,2.45
8228,2459.725,37339.786,34880.061,93.41258945619025,1.0,3.225,2.225
8229,5384.053,35107.876000000004,29723.823000000004,84.66425881189737,1.0,3.225,2.225
8230,3121.6640000000007,37975.439,34853.774999999994,91.77978166361683,1.0,3.25,2.25
8231,4028.852,31404.231,27375.379,87.17098979433695,1.0,3.575,2.575
8232,3889.242,41321.614,37432.372,90.58787490730639,1.0,3.525,2.525
8233,3826.863,33624.138,29797.274999999998,88.61870302816386,1.0,3.25,2.25
8234,4419.208,38404.933,33985.725,88.49312404737174,1.0,3.1,2.1
8235,3334.7950000000005,37545.945,34211.15,91.11809544279681,1.0,3.225,2.225
8236,3604.031,38700.705,35096.674,90.68742804556143,1.0,3.45,2.45
8237,3994.037,36425.079,32431.041999999998,89.03492563461565,1.0,3.675,2.675
8238,3298.306,35936.565,32638.259000000002,90.8218662523811,1.0,2.975,1.975
8239,5003.105,39029.74799999999,34026.643,87.18130334841004,1.0,3.55,2.55
8240,3257.898,37678.796,34420.898,91.35349760114416,1.0,3.15,2.15
8241,3865.4799999999996,38022.914,34157.433999999994,89.8338144204308,1.0,3.475,2.475
8242,4626.317,37140.771,32514.454,87.54383154835423,1.0,3.575,2.575
8243,3253.8410000000003,33835.863,30582.021999999997,90.38345497497728,1.0,3.775,2.775
8244,3998.7529999999997,34532.407999999996,30533.654999999995,88.4202891382495,1.0,3.7,2.7
8245,4964.445,35542.936,30578.491,86.0325410371276,1.0,3.45,2.45
8246,3392.1269999999995,34055.439,30663.311999999998,90.03939723108546,1.0,3.95,2.95
8247,2513.459,37436.543000000005,34923.084,93.28608146323766,1.0,3.525,2.525
8248,3729.3110000000006,35433.469,31704.157999999996,89.47517388150733,1.0,3.35,2.35
8249,4765.365,36795.488,32030.123,87.04905068795392,1.0,3.7,2.7
8250,1973.4450000000002,34683.948000000004,32710.503000000004,94.31020655434035,1.0,3.325,2.325
8251,4059.434,38072.425,34012.991,89.33760063878253,1.0,3.3,2.3
8252,4855.539,34463.436,29607.897,85.91104206788899,1.0,3.475,2.475
8253,3022.842,38240.912,35218.07,92.09526697480437,1.0,3.325,2.325
8254,4025.248,34134.542,30109.294,88.20769881722742,1.0,3.275,2.275
8255,3562.337,36052.24,32489.903,90.11895793437523,1.0,2.825,1.8250000000000002
8256,2940.7160000000003,37647.332,34706.616,92.18877980516655,1.0,3.175,2.175
8257,3783.4080000000004,34847.262,31063.854000000003,89.14288301904465,1.0,3.35,2.35
8258,3102.0560000000005,38367.261,35265.205,91.91483593264581,1.0,3.275,2.275
8259,2862.699,36848.3,33985.601,92.2311232811283,1.0,3.4,2.4
8260,3519.5879999999997,34707.331999999995,31187.743999999995,89.85923781176842,1.0,3.575,2.575
8261,2492.491,35385.12300000001,32892.632000000005,92.95610474492345,1.0,3.075,2.075
8262,3134.2390000000005,37883.854999999996,34749.615999999995,91.7267157737775,1.0,3.275,2.275
8263,3675.5769999999998,36837.626000000004,33162.049000000006,90.0222207587427,1.0,3.625,2.625
8264,4039.535,35931.228,31891.693000000003,88.7575926990305,1.0,3.825,2.825
8265,2601.397,35966.157,33364.76,92.76709769131021,1.0,3.3,2.3
8266,3251.399,34668.724,31417.325,90.62152099973451,1.0,3.65,2.65
8267,3875.6500000000005,38876.565,35000.915,90.03088364416969,1.0,3.9,2.9
8268,4103.366,36825.145000000004,32721.779000000002,88.85716268055428,1.0,3.375,2.375
8269,3536.512,33447.570999999996,29911.058999999997,89.42670007337753,1.0,3.35,2.35
8270,2740.781,36395.651,33654.869999999995,92.46948213675309,1.0,3.3,2.3
8271,3629.97,35257.838,31627.868000000002,89.7045020173954,1.0,4.0,3.0
8272,3713.857,36496.102,32782.244999999995,89.82396257003006,1.0,3.35,2.35
8273,4259.99,34733.23,30473.240000000005,87.73511706224846,1.0,3.275,2.275
8274,4139.79,34350.504,30210.714,87.94838643415538,1.0,3.975,2.975
8275,3177.6090000000004,37110.243,33932.634000000005,91.43738024027492,1.0,3.175,2.175
8276,2895.7310000000007,35839.808000000005,32944.077000000005,91.92035013133999,1.0,3.35,2.35
8277,3586.515,31390.814000000002,27804.299000000003,88.57463524201698,1.0,3.025,2.025
8278,2579.1270000000004,36461.173,33882.046,92.92637403629335,1.0,2.95,1.9500000000000002
8279,3765.523,37679.503000000004,33913.98,90.00644196395054,1.0,3.375,2.375
8280,4706.758,36245.918000000005,31539.160000000003,87.0143777293763,1.0,3.975,2.975
8281,3907.629,35645.194,31737.565000000002,89.0374309647466,1.0,3.925,2.925
8282,4782.531,35040.069,30257.538000000004,86.35125119188551,1.0,2.975,1.975
8283,4007.526,40201.783,36194.257000000005,90.03147198720018,1.0,3.775,2.775
8284,4858.369000000001,37109.307,32250.938000000002,86.90795007300999,1.0,3.85,2.85
8285,4511.4310000000005,35304.377,30792.946,87.22132669272142,1.0,3.7,2.7
8286,3714.31,37819.498,34105.188,90.17884901592296,1.0,3.2,2.2
8287,3530.7380000000003,32069.540999999997,28538.802999999996,88.99036939755389,1.0,3.425,2.425
8288,4093.643,33912.92999999999,29819.286999999993,87.92896101870289,1.0,3.5,2.5
8289,3621.7230000000004,34042.022,30420.298999999995,89.36102267955764,1.0,3.275,2.275
8290,2543.406,35645.193999999996,33101.78799999999,92.86465939840303,1.0,3.625,2.625
8291,3618.06,38329.753000000004,34711.69300000001,90.56070097816702,1.0,3.875,2.875
8292,2921.0640000000003,34935.068,32014.004,91.63859077074073,1.0,3.325,2.325
8293,4951.591,39347.96799999999,34396.37699999999,87.41589146356935,1.0,3.95,2.95
8294,3688.626,36329.258,32640.632,89.84667950003274,1.0,3.0,2.0
8295,4391.304,40728.97,36337.666,89.21822967779445,1.0,3.4,2.4
8296,2811.0330000000004,33410.770000000004,30599.737000000005,91.58644652607528,1.0,3.375,2.375
8297,2589.552,42277.52300000001,39687.971000000005,93.87487294371526,1.0,3.55,2.55
8298,4051.9550000000004,36776.57,32724.614999999998,88.98223787590848,1.0,3.175,2.175
8299,4185.432,39274.595,35089.163,89.34315681676667,1.0,3.175,2.175
8300,5340.386,38300.868,32960.482,86.05674941883824,1.0,3.475,2.475
8301,3479.218,32049.851000000002,28570.633,89.14435514848415,1.0,3.375,2.375
8302,3128.858,36099.715,32970.856999999996,91.3327348983226,1.0,3.575,2.575
8303,3028.858,39027.234,35998.376,92.23911692025112,1.0,3.125,2.125
8304,5016.4259999999995,36118.633,31102.207000000002,86.11125177411891,1.0,2.9,1.9
8305,3143.956,33369.568,30225.612,90.57837368466983,1.0,3.55,2.55
8306,3810.362,36933.676,33123.314,89.68323109781977,1.0,3.4,2.4
8307,2845.885,37866.907999999996,35021.022999999994,92.48450652479995,1.0,3.45,2.45
8308,3520.6410000000005,35111.635,31590.994000000002,89.97300752300484,1.0,3.25,2.25
8309,3654.433,34344.231,30689.798,89.35939779813383,1.0,3.375,2.375
8310,3724.8010000000004,34986.15700000001,31261.356000000007,89.35350058596033,1.0,3.025,2.025
8311,3350.7829999999994,34574.71,31223.927,90.30857236401984,1.0,3.575,2.575
8312,4693.746,36533.61,31839.864,87.15225240538781,1.0,3.45,2.45
8313,3683.91,35658.611000000004,31974.701000000005,89.66894700413317,1.0,3.625,2.625
8314,3186.008,37648.975,34462.967,91.53759697309157,1.0,3.15,2.15
8315,5957.3460000000005,35449.709,29492.363,83.19493680469986,1.0,3.85,2.85
8316,2666.962,35534.85600000001,32867.89400000001,92.4948000352105,1.0,3.15,2.15
8317,4076.5209999999997,41121.663,37045.142,90.08668253518832,1.0,3.375,2.375
8318,4729.044,34337.087,29608.042999999998,86.2275911756871,1.0,3.4,2.4
8319,2479.515,37363.17,34883.655,93.36374563507326,1.0,3.5,2.5
8320,4422.266,38055.085,33632.819,88.37930331780892,1.0,3.825,2.825
8321,3655.909,34781.805,31125.896,89.48901875563962,1.0,2.75,1.75
8322,3820.35,37745.025,33924.675,89.87853366105864,1.0,3.775,2.775
8323,3989.139,39705.02500000001,35715.886000000006,89.95306261612981,1.0,3.775,2.775
8324,4818.252,35984.204000000005,31165.952000000005,86.61009147235826,1.0,2.8,1.7999999999999998
8325,4340.647,32236.385,27895.737999999998,86.53494490774942,1.0,3.325,2.325
8326,3936.089,38828.92600000001,34892.83700000001,89.86299801338828,1.0,2.975,1.975
8327,2947.1420000000007,37395.341,34448.199,92.118959417966,1.0,3.375,2.375
8328,3661.4660000000003,38047.234,34385.768,90.37652513714926,1.0,3.65,2.65
8329,4011.021,37115.58,33104.559,89.19316093133935,1.0,3.525,2.525
8330,4088.474,39418.991,35330.517,89.6281617152504,1.0,3.275,2.275
8331,3291.879,37413.159,34121.28,91.20128027681383,1.0,3.05,2.05
8332,3137.257,35802.843,32665.586,91.23740815778233,1.0,3.075,2.075
8333,3524.801,35051.679000000004,31526.878000000004,89.94398813249431,1.0,4.0,3.0
8334,3824.1360000000004,35610.971999999994,31786.835999999996,89.26135461845861,1.0,3.325,2.325
8335,3796.0260000000003,37945.14,34149.114,89.99601529998309,1.0,3.275,2.275
8336,3646.1859999999997,36703.904,33057.718,90.06594502862693,1.0,3.725,2.725
8337,3982.2520000000004,36753.415,32771.163,89.16494698519851,1.0,3.375,2.375
8338,3003.131,39167.0,36163.869,92.33249674470855,1.0,3.325,2.325
8339,3980.366,35713.229999999996,31732.863999999994,88.85464574332816,1.0,3.075,2.075
8340,4123.639,36607.147000000004,32483.508000000005,88.73542644555175,1.0,2.875,1.875
8341,2711.239,34779.998,32068.759,92.20460277197256,1.0,3.475,2.475
8342,2900.2410000000004,36764.089,33863.848,92.11121211245027,1.0,3.25,2.25
8343,4038.26,36068.251,32029.990999999995,88.80383748022602,1.0,2.775,1.775
8344,3907.629,36971.18400000001,33063.55500000001,89.43060898455403,1.0,3.35,2.35
8345,3325.151,37001.712,33676.561,91.0135212122077,1.0,3.475,2.475
8346,3799.6730000000007,35377.043000000005,31577.370000000003,89.25949520427696,1.0,3.725,2.725
8347,3583.516,33122.914000000004,29539.398000000005,89.18115718924972,1.0,3.925,2.925
8348,3262.446,36063.850000000006,32801.40400000001,90.9536946277228,1.0,3.225,2.225
8349,5475.945,34629.329,29153.384,84.18697341782165,1.0,3.625,2.625
8350,2080.742,36625.193999999996,34544.452,94.3188232668474,1.0,3.85,2.85
8351,2652.675,34720.748999999996,32068.073999999997,92.35997184277332,1.0,3.25,2.25
8352,3916.9579999999996,35144.906,31227.948000000004,88.8548343250655,1.0,3.675,2.675
8353,3814.8230000000003,38874.758,35059.935,90.18688939491275,1.0,3.775,2.775
8354,4489.877,40939.759000000005,36449.882000000005,89.03296670603264,1.0,3.55,2.55
8355,3413.301,38345.684,34932.383,91.09860447397418,1.0,3.3,2.3
8356,4487.808999999999,36292.457,31804.648,87.63432026660526,1.0,3.725,2.725
8357,3782.895,36903.855,33120.96000000001,89.74932293658753,1.0,3.95,2.95
8358,3965.3709999999996,33618.801,29653.43,88.20490058524099,1.0,3.7,2.7
8359,3865.7290000000003,40813.181,36947.452,90.5282340036176,1.0,3.775,2.775
8360,2968.177,35906.201,32938.024,91.733525359589,1.0,3.475,2.475
8361,3431.482,36687.893,33256.41099999999,90.64682727896093,1.0,3.45,2.45
8362,5088.818,35767.849,30679.031000000003,85.77264738508597,1.0,3.75,2.75
8363,2096.651,38221.929000000004,36125.278000000006,94.51453379027521,1.0,3.45,2.45
8364,2021.882,40218.729999999996,38196.848,94.97278506805164,1.0,3.4,2.4
8365,3556.568,36160.771,32604.203,90.16456811720082,1.0,3.225,2.225
8366,2826.028,32516.853,29690.825,91.3090359635971,1.0,3.0,2.0
8367,3799.8770000000004,36952.42999999999,33152.55299999999,89.71684135522345,1.0,3.35,2.35
8368,1951.007,38029.187000000005,36078.18000000001,94.86971151920761,1.0,3.675,2.675
8369,3012.4000000000005,38690.031,35677.631,92.21401502624798,1.0,3.1,2.1
8370,4295.814,34568.273,30272.459000000003,87.57295743411886,1.0,3.175,2.175
8371,3666.701,36426.015,32759.314,89.93383986691929,1.0,3.075,2.075
8372,3173.0750000000003,33466.325000000004,30293.250000000004,90.51860340207656,1.0,3.725,2.725
8373,4769.422,37139.670999999995,32370.248999999996,87.15814687749926,1.0,4.075,3.075
8374,3194.9570000000003,38108.997,34914.04,91.61626583874668,1.0,3.525,2.525
8375,4247.746,36602.746,32355.0,88.3950073035504,1.0,3.575,2.575
8376,2969.7920000000004,36844.83500000001,33875.043000000005,91.93973320819595,1.0,3.6,2.6
8377,3915.919,35984.911,32068.992,89.11788610509555,1.0,3.075,2.075
8378,4740.544,37552.218,32811.674,87.37612782286254,1.0,3.475,2.475
8379,2503.991,36921.902,34417.911,93.21814190395716,1.0,3.6,2.6
8380,3770.904,34314.639,30543.735000000004,89.01080090045535,1.0,3.225,2.225
8381,3179.012,39445.825,36266.812999999995,91.94081502922045,1.0,3.625,2.625
8382,3625.3570000000004,39008.479999999996,35383.12299999999,90.70623361894643,1.0,3.825,2.825
8383,1977.641,31922.402000000002,29944.761000000002,93.80484902107304,1.0,2.85,1.85
8384,3820.4890000000005,36251.255,32430.765999999996,89.4610848645102,1.0,3.05,2.05
8385,3658.145,36159.835,32501.69,89.88340239937489,1.0,3.45,2.45
8386,4374.035,33906.657,29532.622,87.09977512675461,1.0,3.025,2.025
8387,5134.316,35047.213,29912.897000000004,85.35028733953824,1.0,3.725,2.725
8388,4594.557000000001,36726.581,32132.023999999998,87.48983195577067,1.0,3.2,2.2
8389,4397.597,37037.577,32639.979999999996,88.12666120140634,1.0,2.775,1.775
8390,3712.248,37066.298,33354.05,89.98484283485769,1.0,3.425,2.425
8391,4525.549,38634.312,34108.763,88.28619233597327,1.0,3.225,2.225
8392,3963.4120000000003,33565.989,29602.577,88.19217869612005,1.0,3.425,2.425
8393,3598.7529999999997,34950.292,31351.539,89.70322479709182,1.0,3.675,2.675
8394,3773.5879999999997,35057.887,31284.299000000003,89.23612253071613,1.0,3.4,2.4
8395,3869.428,35074.127,31204.699,88.96785656275921,1.0,3.25,2.25
8396,4638.108,37731.60800000001,33093.50000000001,87.70763228537729,1.0,3.4,2.4
8397,3236.3010000000004,39603.867,36367.566,91.8283207041373,1.0,3.225,2.225
8398,3648.2540000000004,34792.47900000001,31144.225000000006,89.51424530571678,1.0,3.3,2.3
8399,5098.082,35749.095,30651.013,85.73926976333246,1.0,3.35,2.35
8400,4162.022,35547.337,31385.315,88.2916067664928,1.0,3.2,2.2
8401,2610.8940000000002,40177.528,37566.634,93.5016061714897,1.0,3.45,2.45
8402,4009.8,34199.835,30190.035,88.2753820303519,1.0,3.35,2.35
8403,3999.974,36019.905,32019.930999999997,88.89510119474218,1.0,3.175,2.175
8404,4016.687,37962.958,33946.271,89.41945725093393,1.0,3.325,2.325
8405,3223.192,37032.240000000005,33809.048,91.29625429085576,1.0,3.85,2.85
8406,3195.79,38744.649999999994,35548.85999999999,91.75166119709431,1.0,3.425,2.425
8407,4654.318,36781.2,32126.881999999998,87.34593216099529,1.0,3.65,2.65
8408,5773.103,35343.921,29570.818000000003,83.66592376663586,1.0,4.2,3.2
8409,3297.7930000000006,36982.958,33685.165,91.08293879575561,1.0,3.475,2.475
8410,2867.621,34586.32,31718.699,91.70879989545,1.0,3.025,2.025
8411,3874.187,37629.285,33755.098000000005,89.7043300184949,1.0,3.825,2.825
8412,3371.5690000000004,35312.456999999995,31940.887999999995,90.45218235593178,1.0,3.4,2.4
8413,3043.853,35797.506,32753.653000000002,91.49702496034222,1.0,3.65,2.65
8414,3943.079,35300.683,31357.603999999996,88.83002065427459,1.0,3.325,2.325
8415,2904.789,39712.168999999994,36807.38,92.68539323550925,1.0,3.825,2.825
8416,3070.9100000000003,38622.931,35552.02099999999,92.04899804212165,1.0,3.8,2.8
8417,2644.0649999999996,36633.274000000005,33989.209,92.78234044819472,1.0,4.0,3.0
8418,4413.5960000000005,35529.519,31115.923,87.57766464555853,1.0,3.8,2.8
8419,4285.638,35827.098,31541.46,88.03799850046465,1.0,3.725,2.725
8420,3919.642,36160.771,32241.129,89.16051319812843,1.0,3.025,2.025
8421,3887.465,38175.39,34287.925,89.8168296381517,1.0,3.1,2.1
8422,3600.536,35033.632,31433.095999999998,89.72262995740779,1.0,3.05,2.05
8423,3436.9599999999996,37387.261,33950.301,90.80713615260557,1.0,3.575,2.575
8424,3377.894,37689.47,34311.576,91.03756566489261,1.0,3.7,2.7
8425,3434.789,36101.522,32666.732999999997,90.48575015756953,1.0,3.3,2.3
8426,3755.757,33980.966,30225.209,88.94746841511216,1.0,3.425,2.425
8427,4162.687,39132.005999999994,34969.318999999996,89.36244924423245,1.0,3.75,2.75
8428,3435.8480000000004,35185.172000000006,31749.324000000004,90.23495465646721,1.0,3.4,2.4
8429,3828.084,36801.761,32973.676999999996,89.59809559113216,1.0,3.2,2.2
8430,2834.795,32189.617000000002,29354.822,91.1934491174592,1.0,2.875,1.875
8431,3204.2920000000004,35972.43,32768.138,91.09236712671343,1.0,3.25,2.25
8432,3847.239,34320.846999999994,30473.607999999993,88.79037280169688,1.0,3.675,2.675
8433,4036.2520000000004,37273.393,33237.140999999996,89.17122463200492,1.0,3.6,2.6
8434,4769.978,35707.893,30937.914999999997,86.64167051245505,1.0,2.875,1.875
8435,3566.188,32951.683999999994,29385.495999999992,89.17752428070139,1.0,3.3,2.3
8436,5412.054,32547.381,27135.327,83.37176806944927,1.0,2.85,1.85
8437,2847.3540000000003,37069.041,34221.687,92.31878159459265,1.0,3.15,2.15
8438,4768.092000000001,37381.924,32613.832,87.24492618410973,1.0,3.325,2.325
8439,5255.539,38017.577000000005,32762.038000000004,86.17602852491099,1.0,3.925,2.925
8440,3854.6820000000002,38084.906,34230.224,89.8787146802988,1.0,3.625,2.625
8441,5253.544,39129.492,33875.948,86.5739529662179,1.0,3.35,2.35
8442,4403.922,36111.259999999995,31707.337999999996,87.8045739749873,1.0,3.55,2.55
8443,3494.11,35668.349,32174.239,90.2038919715628,1.0,3.05,2.05
8444,4398.256,37987.049,33588.793,88.42169603645705,1.0,3.425,2.425
8445,3419.135,35349.258,31930.123,90.32756217966441,1.0,3.6,2.6
8446,2549.2400000000002,36075.39499999999,33526.15499999999,92.93357702666873,1.0,3.175,2.175
8447,3847.7950000000005,37050.99399999999,33203.19899999999,89.61486701274465,1.0,3.275,2.275
8448,2802.4120000000003,33902.963,31100.551000000003,91.73402041585568,1.0,3.725,2.725
8449,4631.983,33946.201,29314.218,86.35492967239544,1.0,3.4,2.4
8450,3383.625,35518.845,32135.22,90.47371895116521,1.0,3.75,2.75
8451,4270.54,35084.013999999996,30813.473999999995,87.82767559037,1.0,3.325,2.325
8452,3434.282,33520.944,30086.662000000004,89.75481716744017,1.0,4.25,3.25
8453,2954.7970000000005,32306.228,29351.430999999997,90.85378522060823,1.0,3.525,2.525
8454,3455.4120000000003,35385.123,31929.711,90.23484530490398,1.0,3.3,2.3
8455,4271.205,37702.887,33431.682,88.67141129006912,1.0,3.6,2.6
8456,4215.525,38701.641,34486.116,89.10763241279614,1.0,3.375,2.375
8457,3666.188,37399.742,33733.554,90.19729066580192,1.0,3.425,2.425
8458,3848.973,34719.106,30870.133,88.91396281920393,1.0,3.175,2.175
8459,3913.089,33437.604,29524.515,88.29734032378636,1.0,3.1,2.1
8460,3768.915,34575.646,30806.731,89.09950952181775,1.0,3.375,2.375
8461,3308.796,34637.409,31328.613,90.44733397928235,1.0,3.55,2.55
8462,3338.187,35568.127,32229.940000000002,90.61466745212645,1.0,3.125,2.125
8463,1531.9250000000002,39983.850000000006,38451.925,96.16864058863766,1.0,3.2,2.2
8464,3889.2850000000003,34515.460999999996,30626.175999999996,88.7317599495484,1.0,3.5,2.5
8465,4825.139,38447.071,33621.932,87.44991783639382,1.0,3.925,2.925
8466,4021.9210000000003,34007.964,29986.042999999998,88.17359075068416,1.0,3.7,2.7
8467,4004.031,37648.268,33644.236999999994,89.36463425090363,1.0,3.55,2.55
8468,4109.545,39531.201,35421.656,89.60430015774122,1.0,3.95,2.95
8469,3854.433,33666.276,29811.842999999997,88.55105625582111,1.0,3.15,2.15
8470,4343.483,37242.865,32899.382,88.33740905808402,1.0,3.525,2.525
8471,3055.068,36214.454,33159.386,91.56395399472265,1.0,3.225,2.225
8472,4604.829,36197.343,31592.514000000003,87.27854417380856,1.0,3.425,2.425
8473,3347.033,38343.877,34996.844,91.27101049275741,1.0,3.025,2.025
8474,2753.993,39558.986000000004,36804.993,93.03826190084851,1.0,3.85,2.85
8475,3639.1309999999994,35123.409,31484.278,89.63901539283957,1.0,3.6,2.6
8476,4060.6549999999997,33425.123,29364.468,87.85148823536117,1.0,3.3,2.3
8477,3808.4759999999997,37242.865000000005,33434.389,89.77394461999634,1.0,3.65,2.65
8478,3166.956,36661.994999999995,33495.039,91.36174668072482,1.0,3.05,2.05
8479,4357.534,34435.651,30078.117,87.34586431951004,1.0,3.4,2.4
8480,3387.223,40945.803,37558.58,91.72754531154268,1.0,3.075,2.075
8481,5015.658,34767.288,29751.63,85.57362886630673,1.0,3.275,2.275
8482,2317.1220000000003,36807.098,34489.975999999995,93.7046870687822,1.0,3.225,2.225
8483,4250.522000000001,33592.674,29342.152,87.34687807228445,1.0,3.725,2.725
8484,2435.1530000000002,38393.159,35958.006,93.65732577514656,1.0,3.725,2.725
8485,3633.319,37045.657,33412.337999999996,90.19232132932613,1.0,3.15,2.15
8486,4174.846,38258.729999999996,34083.884,89.08786047001561,1.0,3.65,2.65
8487,3155.353,35628.083,32472.73,91.1436352048467,1.0,2.8,1.7999999999999998
8488,4450.932,36700.439,32249.506999999998,87.87226496119024,1.0,3.875,2.875
8489,3702.2540000000004,36619.693,32917.439,89.88999170473657,1.0,3.25,2.25
8490,3719.794,36147.35400000001,32427.560000000005,89.70936019272669,1.0,3.4,2.4
8491,2542.4990000000003,37710.031,35167.532,93.2577647576052,1.0,3.2,2.2
8492,4409.545,35386.93,30977.385000000002,87.53905749947792,1.0,3.475,2.475
8493,3331.688,35512.408,32180.72,90.61824250273312,1.0,3.15,2.15
8494,2516.186,36730.031,34213.845,93.14951299659943,1.0,3.425,2.425
8495,2991.134,35065.030999999995,32073.896999999997,91.4697523010888,1.0,3.175,2.175
8496,2687.7909999999997,33825.189,31137.397999999997,92.05387736340512,1.0,4.1,3.0999999999999996
8497,4329.196,36571.511000000006,32242.315000000006,88.16238136838263,1.0,3.375,2.375
8498,3659.2520000000004,37641.995,33982.743,90.27880429823128,1.0,2.975,1.975
8499,4309.135,37267.119999999995,32957.98499999999,88.43716659618451,1.0,3.4,2.4
8500,3706.97,36348.012,32641.042,89.8014504892317,1.0,3.075,2.075
8501,4872.149,37371.25,32499.101,86.962841756698,1.0,3.0,2.0
8502,2032.226,34363.921,32331.695000000003,94.08616379952683,1.0,3.35,2.35
8503,3546.58,33109.497,29562.917,89.28833017306182,1.0,3.3,2.3
8504,2686.6730000000002,38592.174,35905.501,93.03829579541177,1.0,3.4,2.4
8505,3337.069,35940.259,32603.19,90.71495561565096,1.0,3.25,2.25
8506,3971.8050000000003,37564.928,33593.123,89.42682653351551,1.0,3.35,2.35
8507,3803.469,32390.503999999997,28587.034999999996,88.25745656813491,1.0,3.625,2.625
8508,4697.241,33716.658,29019.417,86.06848579120742,1.0,3.5,2.5
8509,2850.002,40787.283,37937.281,93.01252304547964,1.0,3.525,2.525
8510,3129.8730000000005,37411.352,34281.479,91.63389497391059,1.0,3.825,2.825
8511,4161.773,35451.516,31289.743000000002,88.26066281622485,1.0,3.075,2.075
8512,3230.0790000000006,38380.678,35150.599,91.5841012501134,1.0,3.075,2.075
8513,4429.153,37285.167,32856.014,88.12087123010606,1.0,3.55,2.55
8514,3843.6409999999996,38350.15,34506.509000000005,89.97750725877214,1.0,3.525,2.525
8515,4574.035,32366.184,27792.149,85.8678582560119,1.0,3.4,2.4
8516,3666.1820000000002,35808.344,32142.161999999997,89.76165443450833,1.0,3.025,2.025
8517,2672.0660000000003,35814.617,33142.551,92.53917471740658,1.0,3.475,2.475
8518,3329.9700000000003,37466.135,34136.165,91.11205359186368,1.0,3.725,2.725
8519,3046.9539999999997,35100.025,32053.071000000004,91.31922555610717,1.0,3.375,2.375
8520,4276.870999999999,40200.912,35924.041,89.36125876945279,1.0,3.125,2.125
8521,2457.7850000000003,32910.482,30452.697000000004,92.53190822303971,1.0,3.6,2.6
8522,4082.04,35951.64,31869.6,88.64574745407998,1.0,3.05,2.05
8523,3413.572,37855.363000000005,34441.791000000005,90.98259340426877,1.0,3.5,2.5
8524,2989.9619999999995,35729.240999999995,32739.278999999995,91.63161064630508,1.0,3.25,2.25
8525,2472.4890000000005,38965.242,36492.753,93.6546294258868,1.0,3.8,2.8
8526,3920.906,33897.626000000004,29976.720000000005,88.43309558020376,1.0,3.625,2.625
8527,3596.5820000000003,37591.613,33995.030999999995,90.43248822549859,1.0,3.575,2.575
8528,2471.062,39983.850000000006,37512.78800000001,93.81984976434235,1.0,3.875,2.875
8529,4366.030000000001,36694.166,32328.136,88.10156906141428,1.0,3.725,2.725
8530,3342.735,40671.60800000001,37328.87300000001,91.78115849267627,1.0,3.8,2.8
8531,4114.3099999999995,34145.216,30030.906000000003,87.9505521359127,1.0,3.4,2.4
8532,5416.214,35415.651,29999.436999999998,84.70672189535637,1.0,3.475,2.475
8533,5844.486,37666.086,31821.600000000002,84.48342628432378,1.0,3.225,2.225
8534,3847.692,34476.853,30629.161000000004,88.83978186756198,1.0,3.75,2.75
8535,2885.094,34872.289000000004,31987.195000000003,91.7266859081146,1.0,3.4,2.4
8536,3386.309,37067.941,33681.632,90.86458835142744,1.0,3.45,2.45
8537,3820.6410000000005,36941.756,33121.115,89.65766272724014,1.0,2.75,1.75
8538,3865.371,35143.97,31278.599000000002,89.00132512063948,1.0,3.375,2.375
8539,4336.705,39712.168999999994,35375.46399999999,89.07965717007298,1.0,3.25,2.25
8540,3540.914,36063.850000000006,32522.936000000005,90.18154190415055,1.0,3.625,2.625
8541,4226.366,37580.939,33354.573,88.75396381128209,1.0,3.325,2.325
8542,2566.509,33435.961,30869.452000000005,92.32410577342162,1.0,3.525,2.525
8543,4039.19,37139.83500000001,33100.645000000004,89.12437279271703,1.0,2.875,1.875
8544,5227.158,40291.39599999999,35064.23799999999,87.02661481374335,1.0,3.3,2.3
8545,4418.464,33080.776,28662.311999999998,86.64340884869206,1.0,3.15,2.15
8546,3920.532,35529.519,31608.987,88.96542337091589,1.0,3.35,2.35
8547,4283.758,39514.254,35230.496,89.15895514565453,1.0,3.375,2.375
8548,4455.648,40425.825,35970.176999999996,88.97821380268677,1.0,3.775,2.775
8549,4251.743,34935.068,30683.324999999997,87.82958430193982,1.0,3.25,2.25
8550,4448.907,36571.511000000006,32122.604000000007,87.83504734053783,1.0,3.5,2.5
8551,4381.025,41491.907999999996,37110.882999999994,89.44125442483869,1.0,2.975,1.975
8552,3267.366,36075.395,32808.028999999995,90.94295156019774,1.0,3.925,2.925
8553,4975.535,37060.961,32085.426000000003,86.5747275144862,1.0,3.2,2.2
8554,3836.463,36523.643,32687.179999999997,89.4959465023793,1.0,3.875,2.875
8555,3726.016,33188.371,29462.355,88.77312779226193,1.0,3.375,2.375
8556,3177.3379999999997,31990.602,28813.264,90.06790181691485,1.0,3.45,2.45
8557,4218.923,32763.506999999998,28544.584,87.12310315254102,1.0,3.625,2.625
8558,4230.732,36029.08500000001,31798.353000000006,88.25745366555937,1.0,3.35,2.35
8559,3733.465,35518.616,31785.151,89.4887092447521,1.0,3.075,2.075
8560,3789.695,33885.145000000004,30095.450000000004,88.81605789203499,1.0,3.95,2.95
8561,4508.076,33618.80100000001,29110.725000000006,86.59061041469029,1.0,3.0,2.0
8562,3140.9630000000006,35560.98300000001,32420.020000000008,91.16738983284012,1.0,3.075,2.075
8563,4288.474,38489.209,34200.735,88.85798354546594,1.0,3.55,2.55
8564,4499.206,37322.674999999996,32823.469,87.94511379476417,1.0,3.25,2.25
8565,4296.582,32488.131999999998,28191.549999999996,86.77491829939622,1.0,4.5,3.5
8566,3859.252,36443.126000000004,32583.874000000003,89.4102059192178,1.0,3.25,2.25
8567,4597.035,35506.134999999995,30909.099999999995,87.05284312133664,1.0,3.55,2.55
8568,3516.693,35852.289000000004,32335.596000000005,90.19116185301307,1.0,3.875,2.875
8569,2893.5600000000004,36274.638999999996,33381.079,92.0231873293074,1.0,3.275,2.275
8570,4590.91,36555.107,31964.197000000004,87.44112553137924,1.0,3.3,2.3
8571,4391.714,36086.297999999995,31694.583999999995,87.82996803939268,1.0,3.5,2.5
8572,4367.916,35567.027,31199.111,87.71919845872976,1.0,3.775,2.775
8573,3377.791,35777.816000000006,32400.025000000005,90.55897934071773,1.0,3.65,2.65
8574,3798.094,34471.515999999996,30673.421999999995,88.98193511419689,1.0,3.275,2.275
8575,3354.688,38792.35400000001,35437.666000000005,91.35219275427318,1.0,3.025,2.025
8576,3893.934,38278.584,34384.65,89.8273823295031,1.0,3.8,2.8
8577,3269.501,35244.421,31974.920000000002,90.72335164762673,1.0,3.175,2.175
8578,4272.572,36469.024,32196.451999999997,88.28438073911713,1.0,3.275,2.275
8579,4056.568,36165.172,32108.604,88.78321939129724,1.0,3.175,2.175
8580,3894.805,33468.361000000004,29573.556000000004,88.36272562017602,1.0,3.475,2.475
8581,4422.412,39156.326,34733.914000000004,88.70575344581614,1.0,3.1,2.1
8582,2513.423,36637.74,34124.316999999995,93.13979792421694,1.0,3.4,2.4
8583,3270.451,37117.387,33846.936,91.18889753742633,1.0,3.575,2.575
8584,3678.179,37740.559,34062.380000000005,90.25404207711921,1.0,3.0,2.0
8585,2979.3630000000003,34350.504,31371.141,91.3265814091112,1.0,3.7,2.7
8586,3619.5879999999997,38113.398,34493.81,90.50310864436699,1.0,3.05,2.05
8587,4141.755,39081.853,34940.098000000005,89.40235766200749,1.0,3.55,2.55
8588,2290.277,38579.693,36289.416,94.0635167832984,1.0,3.4,2.4
8589,3319.5879999999997,37285.167,33965.579,91.09675973826266,1.0,3.4,2.4
8590,3512.242,35712.523,32200.281000000003,90.16523699543714,1.0,3.475,2.475
8591,2976.679,35899.763999999996,32923.08499999999,91.70836053406923,1.0,3.0,2.0
8592,3490.5119999999997,36444.933000000005,32954.421,90.42250400076192,1.0,3.325,2.325
8593,4124.589,36818.708,32694.119,88.79757269049202,1.0,3.675,2.675
8594,4139.687,37854.426999999996,33714.74,89.06419320519632,1.0,3.675,2.675
8595,3452.414,38557.244999999995,35104.831,91.04600445389707,1.0,3.35,2.35
8596,3081.1890000000003,34931.538,31850.349000000002,91.17934916006276,1.0,3.05,2.05
8597,3606.3540000000003,36226.064,32619.71,90.04486383063862,1.0,3.225,2.225
8598,4687.76,37951.183999999994,33263.42399999999,87.6479216037107,1.0,3.3,2.3
8599,4989.974,37577.245,32587.271,86.72075613845558,1.0,3.525,2.525
8600,3200.0890000000004,39318.53999999999,36118.450999999994,91.86111946170941,1.0,3.525,2.525
8601,3091.842,36886.037,33794.195,91.61785257657255,1.0,3.125,2.125
8602,3268.074,34612.21799999999,31344.143999999993,90.55803358224543,1.0,3.2,2.2
8603,2879.018,35349.258,32470.24,91.85550655688445,1.0,3.775,2.775
8604,3466.188,34913.491,31447.303,90.07206698407786,1.0,4.05,3.05
8605,2933.4709999999995,35398.53999999999,32465.068999999996,91.71301697753637,1.0,3.375,2.375
8606,3782.252,36657.365000000005,32875.113000000005,89.68214982173433,1.0,4.225,3.2249999999999996
8607,4229.861000000001,36332.788,32102.927,88.35800599722762,1.0,3.95,2.95
8608,3855.244,35331.210999999996,31475.966999999997,89.08827665148529,1.0,3.3,2.3
8609,2934.898,37678.566999999995,34743.668999999994,92.21069633566478,1.0,3.45,2.45
8610,3308.8559999999998,36166.108,32857.252,90.85094807547442,1.0,3.725,2.725
8611,2092.4480000000003,35390.46,33298.012,94.08753658471804,1.0,3.325,2.325
8612,4295.814,40855.319,36559.505000000005,89.48530055535731,1.0,3.3,2.3
8613,3404.1400000000003,35777.816,32373.676,90.48533314610371,1.0,3.25,2.25
8614,4783.752,36082.768,31299.015999999996,86.74228096913185,1.0,3.375,2.375
8615,3884.423,38067.795000000006,34183.372,89.79603888273539,1.0,2.95,1.9500000000000002
8616,3797.2470000000003,33793.725,29996.478,88.76345534562999,1.0,3.525,2.525
8617,3987.15,38090.243,34103.093,89.53235871979078,1.0,2.925,1.9249999999999998
8618,3813.857,35407.570999999996,31593.713999999996,89.22869631469496,1.0,3.1,2.1
8619,3522.424,34803.153000000006,31280.729000000007,89.87900895071202,1.0,3.125,2.125
8620,3646.639,35049.792,31403.153000000002,89.59583269424253,1.0,3.575,2.575
8621,3219.3900000000003,34901.946,31682.556000000004,90.77590114889296,1.0,3.45,2.45
8622,3116.034,32783.197,29667.163,90.4950270713378,1.0,2.925,1.9249999999999998
8623,3920.538,41655.058,37734.52,90.58808656562188,1.0,3.3,2.3
8624,4244.813,36971.184,32726.371,88.51859058665798,1.0,3.1,2.1
8625,3958.5870000000004,38560.939,34602.352,89.73420486466888,1.0,3.875,2.875
8626,3062.2459999999996,34615.912,31553.665999999997,91.1536463346683,1.0,3.5,2.5
8627,2885.058,35917.582,33032.524000000005,91.96756062253857,1.0,3.475,2.475
8628,3722.315,36497.745,32775.43,89.80124662496272,1.0,3.175,2.175
8629,4289.737999999999,37371.957,33082.219000000005,88.52150557702933,1.0,3.225,2.225
8630,2513.168,37035.770000000004,34522.602000000006,93.21421425826978,1.0,4.025,3.0250000000000004
8631,4754.421,39034.378000000004,34279.957,87.8199135131601,1.0,3.225,2.225
8632,4356.701,37007.049,32650.347999999998,88.22737527653177,1.0,3.575,2.575
8633,2782.0600000000004,34629.329,31847.268999999997,91.96617410634784,1.0,3.55,2.55
8634,3745.418,37987.985,34242.567,90.14051943002505,1.0,3.3,2.3
8635,3735.424,36074.688,32339.264000000003,89.64530476327336,1.0,3.425,2.425
8636,2672.525,34738.796,32066.271,92.30680015507733,1.0,3.725,2.725
8637,3749.681,38900.656,35150.975000000006,90.36087977539505,1.0,3.4,2.4
8638,3132.521,37170.199,34037.678,91.57249332993885,1.0,3.0,2.0
8639,5697.433000000001,39022.604,33325.171,85.39965964342103,1.0,4.25,3.25
8640,3534.971,35197.488999999994,31662.517999999993,89.95675231264366,1.0,3.175,2.175
8641,4171.308,33540.797999999995,29369.489999999994,87.56348015333445,1.0,3.825,2.825
8642,3827.799,36157.092000000004,32329.293000000005,89.41342130058469,1.0,3.425,2.425
8643,3947.1360000000004,36032.386,32085.25,89.04558804404459,1.0,3.15,2.15
8644,3634.789,34241.973,30607.183999999997,89.38498958573444,1.0,3.675,2.675
8645,2815.895,38302.675,35486.780000000006,92.64830720047622,1.0,3.25,2.25
8646,2853.619,36419.035,33565.416000000005,92.16448486347868,1.0,3.15,2.15
8647,4229.402,37575.602000000006,33346.200000000004,88.74428678481318,1.0,3.9,2.9
8648,4395.361,39070.243,34674.882000000005,88.75010580302765,1.0,3.775,2.775
8649,4692.319,38908.029,34215.71,87.93997249256702,1.0,3.125,2.125
8650,4191.866,35646.837,31454.970999999998,88.24056675771821,1.0,3.55,2.55
8651,3458.739,40601.685,37142.945999999996,91.48129197101056,1.0,2.975,1.975
8652,2608.452,36214.454,33606.002,92.7972074354621,1.0,3.65,2.65
8653,3760.661,34800.559,31039.898,89.19367645789828,1.0,3.125,2.125
8654,3985.6440000000002,33183.034,29197.39,87.98891023647808,1.0,3.45,2.45
8655,3365.529,38546.735,35181.206,91.26896480337439,1.0,3.325,2.325
8656,4336.040000000001,34292.354999999996,29956.314999999995,87.35566571616327,1.0,3.45,2.45
8657,3283.172,36481.734,33198.562,91.000504526457,1.0,3.2,2.2
8658,4728.488,35149.307,30420.819,86.54742183110467,1.0,3.5,2.5
8659,4324.5830000000005,39306.059,34981.476,88.99766827297543,1.0,3.1,2.1
8660,1980.2890000000002,42688.97,40708.681000000004,95.3611225569509,1.0,3.85,2.85
8661,3851.041,39555.292,35704.251000000004,90.26415732185723,1.0,3.1,2.1
8662,4665.927000000001,34460.842000000004,29794.915000000005,86.4602060506821,1.0,3.35,2.35
8663,3521.4089999999997,41019.405,37497.996,91.4152606552923,1.0,3.525,2.525
8664,3185.0289999999995,34719.812999999995,31534.783999999996,90.82647996980859,1.0,3.675,2.675
8665,3644.959,34003.414000000004,30358.455000000005,89.2806087059376,1.0,3.075,2.075
8666,4564.603,38230.009,33665.405999999995,88.06015713990544,1.0,3.425,2.425
8667,4569.628000000001,34291.255000000005,29721.627000000004,86.67407185884565,1.0,3.675,2.675
8668,3593.904,30809.779999999995,27215.875999999997,88.3351844771368,1.0,3.525,2.525
8669,3257.795,35356.402,32098.607000000004,90.78584127423373,1.0,3.725,2.725
8670,3830.732,36395.651,32564.918999999998,89.47475345337277,1.0,3.775,2.775
8671,4239.432,32734.621999999996,28495.189999999995,87.04908827112774,1.0,3.95,2.95
8672,3654.8559999999998,35621.81,31966.953999999998,89.73983635306571,1.0,3.35,2.35
8673,2449.343,36219.084,33769.741,93.23742422641058,1.0,3.65,2.65
8674,5013.530000000001,38695.368,33681.838,87.04359136731819,1.0,3.125,2.125
8675,4920.978999999999,37086.859,32165.879999999997,86.73120578909096,1.0,3.45,2.45
8676,4266.182,33563.246,29297.064,87.2891257299726,1.0,3.525,2.525
8677,4481.665999999999,38046.298,33564.632000000005,88.22049388353108,1.0,3.15,2.15
8678,4519.02,38562.746,34043.725999999995,88.28138431843001,1.0,2.925,1.9249999999999998
8679,4551.488,41133.273,36581.785,88.9347779351281,1.0,3.575,2.575
8680,2960.5660000000003,37165.798,34205.232,92.03416539044849,1.0,3.3,2.3
8681,3344.409,34701.058999999994,31356.649999999994,90.36222785016446,1.0,3.325,2.325
8682,2897.544,40135.39,37237.846,92.78057594556823,1.0,3.375,2.375
8683,3022.074,40679.68800000001,37657.61400000001,92.57104921748662,1.0,2.975,1.975
8684,4200.077,36274.638999999996,32074.561999999994,88.42145058976327,1.0,3.675,2.675
8685,3178.353,35101.668000000005,31923.315000000006,90.94529353989674,1.0,3.125,2.125
8686,3779.2539999999995,39078.323000000004,35299.069,90.32902716935935,1.0,3.675,2.675
8687,3996.026,35548.273,31552.247000000003,88.75887444658704,1.0,3.375,2.375
8688,4184.526,35157.387,30972.861000000004,88.09773320184462,1.0,3.475,2.475
8689,4393.643,35549.144,31155.501,87.64065036277667,1.0,2.975,1.975
8690,4413.639,40505.634999999995,36091.99599999999,89.10364199944031,1.0,3.4,2.4
8691,4046.5,34630.265,30583.765,88.31513417526547,1.0,3.325,2.325
8692,3359.404,39435.151,36075.746999999996,91.48119402408273,1.0,3.35,2.35
8693,4461.87,39046.859,34584.988999999994,88.57303733444986,1.0,3.6,2.6
8694,4462.432000000001,36041.566,31579.134,87.61865119845235,1.0,3.425,2.425
8695,2903.7960000000003,35852.289000000004,32948.493,91.900667764895,1.0,3.25,2.25
8696,3239.845,38871.228,35631.383,91.66518485086192,1.0,3.325,2.325
8697,3751.29,35839.808000000005,32088.518000000004,89.53317495450868,1.0,3.375,2.375
8698,3640.8050000000003,38145.798,34504.993,90.45555423955214,1.0,2.975,1.975
8699,4453.249,36575.912,32122.662999999997,87.82463988867865,1.0,2.9,1.9
8700,2999.576,35833.371,32833.795,91.62909903173777,1.0,3.5,2.5
8701,4250.085,35307.119999999995,31057.034999999996,87.96252710501452,1.0,3.75,2.75
8702,3498.1,36112.195999999996,32614.095999999998,90.31324486608348,1.0,2.875,1.875
8703,4575.147,35935.629,31360.482,87.26849333846361,1.0,3.175,2.175
8704,3992.531,39155.39,35162.859,89.80336806758915,1.0,3.3,2.3
8705,4256.392,40256.467000000004,36000.075000000004,89.4268118461563,1.0,3.125,2.125
8706,4602.652,36570.575,31967.922999999995,87.41432968992146,1.0,3.475,2.475
8707,5245.26,35275.885,30030.625,85.13074866867267,1.0,4.225,3.2249999999999996
8708,2974.405,38222.865000000005,35248.46000000001,92.21825731796923,1.0,3.3,2.3
8709,3697.429,32687.147,28989.718,88.68843157220175,1.0,2.975,1.975
8710,4456.700999999999,38791.418000000005,34334.717000000004,88.5111160411821,1.0,3.25,2.25
8711,3682.0460000000003,36232.501000000004,32550.455,89.83772607913541,1.0,3.3,2.3
8712,3160.0690000000004,39002.207,35842.138,91.89771748044923,1.0,3.8,2.8
8713,3820.1440000000002,34198.028000000006,30377.884000000005,88.82934419493428,1.0,4.775,3.7750000000000004
8714,4153.629,39009.187000000005,34855.558000000005,89.35217747552647,1.0,2.85,1.85
8715,2614.674,35367.076,32752.402000000002,92.60703938318225,1.0,3.6,2.6
8716,4231.1849999999995,37623.077000000005,33391.89200000001,88.75375078970814,1.0,3.15,2.15
8717,3114.316,36098.072,32983.756,91.37262510862077,1.0,3.025,2.025
8718,4185.644,37198.92,33013.276,88.74794214455687,1.0,3.425,2.425
8719,3113.906,35760.705,32646.799000000003,91.29238084092582,1.0,3.5,2.5
8720,3877.126,32627.191000000003,28750.065000000002,88.1168869241609,1.0,3.45,2.45
8721,4846.766,36456.543000000005,31609.777000000006,86.70536040677253,1.0,3.425,2.425
8722,4974.482,35524.182,30549.7,85.99691331386603,1.0,3.625,2.625
8723,2956.8650000000002,37679.503,34722.638,92.15259022922888,1.0,3.925,2.925
8724,5610.651000000001,36425.079,30814.427999999996,84.59673622121726,1.0,3.225,2.225
8725,2570.457,34640.003,32069.546,92.57951276736321,1.0,3.55,2.55
8726,3668.975,34482.19,30813.215000000004,89.35979704305325,1.0,3.35,2.35
8727,4176.564,37520.98300000001,33344.41900000001,88.86872446811962,1.0,3.875,2.875
8728,3891.915,35371.706,31479.790999999997,88.99709558820827,1.0,3.375,2.375
8729,4886.479,33944.394,29057.915,85.60445945801831,1.0,3.125,2.125
8730,2248.393,36522.936,34274.543000000005,93.84388757793187,1.0,3.2,2.2
8731,2949.234,34464.371999999996,31515.137999999995,91.44265852283627,1.0,3.05,2.05
8732,3681.1399999999994,37666.085999999996,33984.945999999996,90.22691128565894,1.0,3.325,2.325
8733,3756.465,39528.458,35771.993,90.49680865365404,1.0,3.0,2.0
8734,3190.35,34277.838,31087.488000000005,90.69267437462072,1.0,3.025,2.025
8735,4567.148,36129.307,31562.159,87.35888291463769,1.0,3.35,2.35
8736,3642.626,36504.725,32862.099,90.02149447776966,1.0,3.775,2.775
8737,4007.526,35306.413,31298.887000000002,88.64929722540775,1.0,3.4,2.4
8738,3339.1369999999997,33175.89,29836.753,89.93504921797125,1.0,3.725,2.725
8739,4056.918,36535.417,32478.499,88.89593076219712,1.0,3.625,2.625
8740,2481.6720000000005,38572.549,36090.877,93.56622244487913,1.0,3.575,2.575
8741,5718.5470000000005,39353.534,33634.987,85.4687840741317,1.0,3.725,2.725
8742,3781.0310000000004,36970.248,33189.217,89.77277350154642,1.0,3.475,2.475
8743,3153.5700000000006,37417.789000000004,34264.219000000005,91.57200335915091,1.0,3.4,2.4
8744,3025.7210000000005,34193.562,31167.840999999997,91.1511968247122,1.0,3.5,2.5
8745,3151.4049999999997,38108.061,34956.656,91.73034545105824,1.0,3.325,2.325
8746,4872.040000000001,34870.482,29998.442000000003,86.02818280515882,1.0,3.25,2.25
8747,3436.5069999999996,36920.966,33484.459,90.69226141049505,1.0,3.25,2.25
8748,3940.8050000000003,35542.936,31602.131,88.91255072456592,1.0,3.575,2.575
8749,3594.007,33949.731,30355.724,89.41373939015892,1.0,3.35,2.35
8750,2874.405,36179.525,33305.12,92.05516103376151,1.0,3.575,2.575
8751,4402.701,34841.761,30439.059999999998,87.36372423885234,1.0,3.475,2.475
8752,2547.91,36739.998,34192.088,93.06502411894525,1.0,3.3,2.3
8753,2967.621,34060.776,31093.155,91.28727718945687,1.0,3.125,2.125
8754,2582.665,38010.433000000005,35427.768000000004,93.20537863906996,1.0,3.375,2.375
8755,2890.621,38876.565,35985.944,92.56461829896752,1.0,3.225,2.225
8756,3415.2660000000005,39003.143000000004,35587.877,91.24361336726119,1.0,3.0,2.0
8757,2129.1189999999997,36905.891,34776.772000000004,94.23095082570964,1.0,3.325,2.325
8758,4051.6400000000003,34839.954,30788.314,88.37070795214024,1.0,3.225,2.225
8759,4021.3,37829.236,33807.935999999994,89.36986197659397,1.0,4.0,3.0
8760,4592.4220000000005,35944.645,31352.222999999998,87.2236267738908,1.0,3.225,2.225
8761,4724.4310000000005,37981.712,33257.281,87.56130055432995,1.0,3.075,2.075
8762,3277.4410000000003,32969.502,29692.061,90.05917347492843,1.0,3.8,2.8
8763,3814.207,40330.004,36515.797,90.54250775675598,1.0,3.775,2.775
8764,4119.97,36975.814,32855.844,88.85766247093302,1.0,3.2,2.2
8765,4293.0869999999995,36437.789000000004,32144.702000000005,88.21803650051325,1.0,3.5,2.5
8766,4076.309,35064.16,30987.851000000002,88.37471366774507,1.0,3.15,2.15
8767,4324.130000000001,35108.104999999996,30783.974999999995,87.68338536073081,1.0,3.3,2.3
8768,4135.63,37643.638,33508.008,89.01373453862244,1.0,3.9,2.9
8769,4312.321,34719.813,30407.492000000002,87.57965372682163,1.0,3.8,2.8
8770,4013.6510000000003,38760.89,34747.239,89.64510102838197,1.0,3.2,2.2
8771,4363.755999999999,36038.823000000004,31675.067000000003,87.89151354915225,1.0,3.8,2.8
8772,4234.16,38563.682,34329.522,89.02034302637387,1.0,3.75,2.75
8773,3972.9230000000002,35862.962999999996,31890.039999999997,88.92193319330588,1.0,3.75,2.75
8774,3970.54,37297.648,33327.108,89.35444937439486,1.0,3.525,2.525
8775,4087.809,38139.524999999994,34051.71599999999,89.28196142977659,1.0,3.775,2.775
8776,4293.087,33871.728,29578.641000000003,87.32545620347447,1.0,4.075,3.075
8777,4074.1440000000002,37594.356,33520.212,89.16288391800087,1.0,3.9,2.9
8778,3156.012,34428.278,31272.266,90.83308203796891,1.0,3.325,2.325
8779,4933.76,39250.504,34316.744,87.43007223550555,1.0,3.475,2.475
8780,3881.6899999999996,32581.439,28699.749,88.08619226425205,1.0,3.25,2.25
8781,3720.7439999999997,36230.694,32509.950000000004,89.73040924913003,1.0,3.475,2.475
8782,3598.094,33394.595,29796.501,89.22551987829168,1.0,3.35,2.35
8783,4190.645,36541.69,32351.045000000002,88.5318796147633,1.0,3.75,2.75
8784,4736.5960000000005,37545.074,32808.478,87.38424113906395,1.0,3.975,2.975
8785,3024.4939999999997,38853.181,35828.687,92.21558203947316,1.0,2.85,1.85
8786,4285.082,39408.153000000006,35123.071,89.12640742132726,1.0,4.0,3.0
8787,4170.437,34960.966,30790.529000000002,88.07116199249187,1.0,3.5,2.5
8788,3393.5299999999997,38750.216,35356.686,91.24255204151636,1.0,3.6,2.6
8789,4113.360000000001,37552.218,33438.858,89.04629281817654,1.0,3.325,2.325
8790,3154.84,40487.588,37332.74800000001,92.20788356174737,1.0,3.5,2.5
8791,4103.572,39396.543,35292.971,89.5839287218678,1.0,3.425,2.425
8792,3626.578,35536.663,31910.085,89.79482682434194,1.0,3.225,2.225
8793,3008.197,41025.842000000004,38017.645000000004,92.66755573231136,1.0,3.325,2.325
8794,3318.893,33344.37699999999,30025.483999999993,90.04661865477348,1.0,3.375,2.375
8795,3059.513,37273.393,34213.88,91.79169709610284,1.0,2.825,1.8250000000000002
8796,3252.808,36062.206999999995,32809.399,90.98000851694962,1.0,3.2,2.2
8797,3258.1400000000003,36778.606,33520.466,91.14120856021569,1.0,2.65,1.65
8798,5157.813,37878.518,32720.704999999994,86.38327666356956,1.0,3.675,2.675
8799,3657.2760000000003,36843.899,33186.623,90.07359128847901,1.0,3.425,2.425
8800,3471.007,36191.299,32720.291999999998,90.4092776553834,1.0,3.775,2.775
8801,5709.883,35493.654,29783.771,83.91294680451891,1.0,3.05,2.05
8802,5260.54,36402.795,31142.254999999997,85.54907665743798,1.0,3.55,2.55
8803,2845.2259999999997,36808.034,33962.808,92.27009516455021,1.0,3.6,2.6
8804,5330.156,36274.639,30944.483000000004,85.30610876651316,1.0,3.25,2.25
8805,4491.86,34006.157,29514.297,86.79103904625272,1.0,3.7,2.7
8806,3860.516,35082.914,31222.397999999997,88.99602239426292,1.0,3.725,2.725
8807,5554.874,36329.258,30774.384000000002,84.70964091807215,1.0,3.125,2.125
8808,3243.956,34628.393,31384.436999999998,90.63209199456644,1.0,3.6,2.6
8809,3871.46,36039.759000000005,32168.299000000006,89.25780829999447,1.0,3.45,2.45
8810,4248.248,34782.512,30534.264000000003,87.78625304578347,1.0,3.75,2.75
8811,3911.577,38664.84,34753.263,89.883374662872,1.0,3.425,2.425
8812,3401.486,35756.46799999999,32354.981999999993,90.48707495382374,1.0,3.375,2.375
8813,5428.379,36031.679000000004,30603.300000000003,84.93442673043351,1.0,3.725,2.725
8814,2673.643,37551.511,34877.868,92.88006546527517,1.0,3.4,2.4
8815,5343.264999999999,37172.235,31828.97,85.62565581542245,1.0,3.575,2.575
8816,4440.243,34242.68,29802.436999999998,87.03301552331769,1.0,3.4,2.4
8817,5257.764,36104.116,30846.352000000003,85.43721718598512,1.0,3.275,2.275
8818,3521.9649999999997,38875.629,35353.664000000004,90.94042954263197,1.0,3.375,2.375
8819,2286.722,38490.08,36203.358,94.0589315480768,1.0,4.025,3.0250000000000004
8820,2799.782,39094.334,36294.552,92.83839443332121,1.0,3.675,2.675
8821,3817.702,41085.798,37268.096000000005,90.70797651295467,1.0,3.425,2.425
8822,4490.148,38234.638999999996,33744.490999999995,88.25633478584693,1.0,3.125,2.125
8823,3501.969,41509.955,38007.986000000004,91.56354421487569,1.0,3.15,2.15
8824,3766.744,37774.617,34007.873,90.0283727562347,1.0,3.875,2.875
8825,4569.978,38282.820999999996,33712.84299999999,88.06258817760582,1.0,2.925,1.9249999999999998
8826,4127.134,35149.307,31022.173000000003,88.25827775210476,1.0,3.075,2.075
8827,3843.5920000000006,34707.331999999995,30863.739999999994,88.92570595746166,1.0,3.675,2.675
8828,2737.6310000000003,37309.258,34571.627,92.66232794015899,1.0,3.475,2.475
8829,5024.3279999999995,34887.59299999999,29863.264999999992,85.5985249541291,1.0,3.375,2.375
8830,3369.58,37757.506,34387.926,91.07573471616477,1.0,3.3,2.3
8831,2964.476,37394.405,34429.929,92.07240762354688,1.0,3.775,2.775
8832,4587.706,35371.706000000006,30784.000000000007,87.03001206670665,1.0,2.95,1.9500000000000002
8833,4592.4220000000005,37690.176999999996,33097.755,87.81533448357115,1.0,3.8,2.8
8834,4092.525,34749.24100000001,30656.716000000008,88.22269240355494,1.0,3.125,2.125
8835,2768.571,33757.86,30989.289,91.79873664977578,1.0,3.1,2.1
8836,3163.461,38985.096000000005,35821.635,91.8854605359956,1.0,3.25,2.25
8837,4597.138,36836.755000000005,32239.617000000006,87.52024167166735,1.0,3.05,2.05
8838,2649.6279999999997,36993.632,34344.004,92.8376105379434,1.0,3.55,2.55
8839,5709.327,32590.39,26881.063,82.4815628165235,1.0,3.425,2.425
8840,4077.579,38786.788,34709.209,89.48719600086504,1.0,3.425,2.425
8841,4640.091,37011.679000000004,32371.588000000003,87.46317074672565,1.0,3.0,2.0
8842,3377.132,33111.304000000004,29734.172000000002,89.80066746993715,1.0,3.675,2.675
8843,4477.633,36292.456999999995,31814.823999999993,87.6623591508285,1.0,3.55,2.55
8844,3354.6879999999996,37764.65,34409.962,91.11685663709315,1.0,2.925,1.9249999999999998
8845,3896.42,37873.181,33976.761,89.71192834317245,1.0,4.125,3.125
8846,3606.764,34435.651,30828.887,89.52607575213258,1.0,3.7,2.7
8847,2875.626,40994.378,38118.75199999999,92.98531618164812,1.0,3.65,2.65
8848,3727.237,37988.691999999995,34261.454999999994,90.18856190152586,1.0,3.075,2.075
8849,4221.862,39355.341,35133.479,89.27245478574307,1.0,3.9,2.9
8850,2590.0650000000005,39584.884000000005,36994.819,93.456934217617,1.0,3.125,2.125
8851,4552.812,36855.509000000005,32302.697000000007,87.64686169440775,1.0,3.3,2.3
8852,4069.3190000000004,33657.409,29588.09,87.90958923784062,1.0,3.875,2.875
8853,3844.8190000000004,34732.523,30887.704,88.93020527187156,1.0,3.55,2.55
8854,4402.248,38672.213,34269.965000000004,88.61650870613482,1.0,3.275,2.275
8855,3551.9550000000004,36378.54,32826.585,90.23612547397448,1.0,3.475,2.475
8856,4447.831,36106.859,31659.028,87.68147902314072,1.0,3.2,2.2
8857,3843.641,37550.411,33706.77,89.76405078495678,1.0,3.05,2.05
8858,3401.304,37619.547,34218.243,90.95867900801677,1.0,3.325,2.325
8859,3958.484,35930.292,31971.808,88.98287829110879,1.0,3.35,2.35
8860,3604.0310000000004,38640.748999999996,35036.71799999999,90.67297841457473,1.0,3.55,2.55
8861,3901.1360000000004,34163.97,30262.834000000003,88.5811397211741,1.0,3.475,2.475
8862,3073.032,35614.666,32541.634,91.37144231536524,1.0,3.45,2.45
8863,5139.426,36504.182,31364.756,85.92099392885999,1.0,3.425,2.425
8864,4428.349,36996.375,32568.025999999998,88.03031648370954,1.0,3.3,2.3
8865,3951.2470000000003,39094.334,35143.087,89.89304434755174,1.0,3.325,2.325
8866,3628.852,36910.292,33281.44,90.1684549122505,1.0,3.475,2.475
8867,3659.96,35894.427,32234.467000000004,89.80354248307127,1.0,3.1,2.1
8868,3508.0879999999997,37866.037,34357.94899999999,90.73552904414052,1.0,3.4,2.4
8869,4819.262000000001,39536.309,34717.047,87.81054144432147,1.0,2.975,1.975
8870,3687.4049999999997,36813.371,33125.966,89.98351713022967,1.0,4.2,3.2
8871,3224.619,38586.130000000005,35361.511000000006,91.64306189814837,1.0,3.925,2.925
8872,3196.8430000000003,35196.78199999999,31999.93899999999,90.91722930806571,1.0,3.275,2.275
8873,4399.762000000001,38563.682,34163.92,88.59091826345833,1.0,3.325,2.325
8874,5209.992,34121.831999999995,28911.839999999997,84.73120669488087,1.0,3.725,2.725
8875,2903.9849999999997,33509.334,30605.349000000002,91.33380269509385,1.0,3.425,2.425
8876,3041.791,35821.761,32779.97,91.50853862265454,1.0,3.8,2.8
8877,3666.3559999999998,37232.191,33565.835,90.15272563465308,1.0,3.55,2.55
8878,3730.732,37158.589,33427.857,89.95997399147745,1.0,3.425,2.425
8879,2420.617,35149.307,32728.690000000002,93.1133293751709,1.0,3.275,2.275
8880,4302.2480000000005,37097.532999999996,32795.284999999996,88.40287304279775,1.0,3.0,2.0
8881,3638.84,32129.496999999996,28490.656999999996,88.67445699507839,1.0,3.4,2.4
8882,3177.7479999999996,31778.876999999997,28601.128999999997,90.00043960017845,1.0,3.275,2.275
8883,3552.5600000000004,36201.973,32649.412999999997,90.18683318724092,1.0,3.625,2.625
8884,2710.8289999999997,37528.127,34817.298,92.77654064643302,1.0,3.55,2.55
8885,4214.552,38344.106,34129.554000000004,89.0086053903565,1.0,2.825,1.8250000000000002
8886,4072.052,37581.875,33509.823,89.16485140775971,1.0,3.35,2.35
8887,3668.63,34236.636,30568.005999999998,89.28449045052206,1.0,3.625,2.625
8888,3961.876,37499.406,33537.53,89.43482998104022,1.0,3.45,2.45
8889,2872.628,36812.664000000004,33940.03600000001,92.19663102893071,1.0,3.425,2.425
8890,3419.9030000000002,39301.593,35881.69,91.29830946038243,1.0,3.925,2.925
8891,3843.7439999999997,36013.632,32169.888,89.32697485218931,1.0,3.1,2.1
8892,3228.193,38302.675,35074.482,91.57188629775858,1.0,3.3,2.3
8893,3083.7340000000004,36310.504,33226.770000000004,91.50732250921112,1.0,3.5,2.5
8894,2968.8419999999996,34598.801,31629.959,91.41923444110101,1.0,3.625,2.625
8895,3111.983,35741.951,32629.968,91.29319213716117,1.0,3.0,2.0
8896,4526.463,36536.353,32009.890000000003,87.61107054116759,1.0,3.2,2.2
8897,3634.6860000000006,35102.768000000004,31468.082000000002,89.64558578400427,1.0,3.55,2.55
8898,3168.28,38725.025,35556.745,91.81852045285962,1.0,3.5,2.5
8899,4755.085999999999,35009.541,30254.454999999998,86.41774252338813,1.0,3.625,2.625
8900,3277.229,36595.602,33318.373,91.0447463058539,1.0,3.375,2.375
8901,3903.724,34368.322,30464.597999999998,88.6415053955791,1.0,3.5,2.5
8902,4732.026,35681.05900000001,30949.03300000001,86.73798891451064,1.0,3.95,2.95
8903,4644.704,38659.732,34015.028000000006,87.9856797765696,1.0,2.9,1.9
8904,3013.621,36281.782999999996,33268.162,91.6938453658686,1.0,4.375,3.375
8905,3329.62,38162.909,34833.289,91.27524581524956,1.0,3.35,2.35
8906,3751.1440000000002,34683.240999999995,30932.096999999994,89.1845632304086,1.0,3.225,2.225
8907,3476.635,33568.583,30091.947999999997,89.64318809644124,1.0,3.35,2.35
8908,2595.7309999999998,39166.293,36570.562,93.3725384733245,1.0,2.725,1.725
8909,3861.423,32576.102000000003,28714.679000000004,88.14645472315871,1.0,3.625,2.625
8910,3384.1220000000003,33365.167,29981.045000000002,89.85732036048255,1.0,3.3,2.3
8911,4151.639999999999,37345.123,33193.483,88.88304638868107,1.0,3.725,2.725
8912,3522.527,36867.283,33344.756,90.44538486874663,1.0,3.775,2.775
8913,3853.315,36818.872,32965.557,89.53440235757357,1.0,3.175,2.175
8914,3717.9570000000003,35795.863,32077.905999999995,89.61344499502637,1.0,3.275,2.275
8915,2094.3340000000003,35341.178,33246.844,94.07395531637344,1.0,3.175,2.175
8916,4983.0869999999995,38883.708999999995,33900.621999999996,87.18464074504827,1.0,2.925,1.9249999999999998
8917,4691.757,37776.424,33084.667,87.58019816804259,1.0,3.05,2.05
8918,4540.346,37333.349,32793.003000000004,87.8383640321151,1.0,3.925,2.925
8919,4861.314,37001.712,32140.398,86.86192141596042,1.0,3.25,2.25
8920,4074.985,35490.124,31415.139000000003,88.51797474700285,1.0,3.15,2.15
8921,4498.504999999999,35615.602,31117.097,87.36928551706076,1.0,3.425,2.425
8922,5178.116,35711.422999999995,30533.306999999993,85.50011294705338,1.0,3.525,2.525
8923,5150.822999999999,37358.54,32207.717,86.21246172896478,1.0,3.45,2.45
8924,3192.1270000000004,37526.32000000001,34334.19300000001,91.49363166971874,1.0,3.4,2.4
8925,4180.469000000001,35052.386,30871.916999999998,88.0736535310321,1.0,3.65,2.65
8926,2495.7799999999997,39155.39,36659.61,93.62596056379466,1.0,3.25,2.25
8927,3730.0730000000003,34810.297,31080.224,89.28457002248501,1.0,3.925,2.925
8928,4343.7,37315.531,32971.831000000006,88.35953855245957,1.0,3.6,2.6
8929,3588.0209999999997,36916.565,33328.544,90.28072898981799,1.0,3.75,2.75
8930,3124.844,39142.909,36018.065,92.01683247405042,1.0,3.65,2.65
8931,2811.844,36825.145000000004,34013.30100000001,92.36433692250228,1.0,3.35,2.35
8932,3726.9660000000003,37316.402,33589.436,90.01252585927229,1.0,2.8,1.7999999999999998
8933,3477.023,39391.206,35914.183,91.17309838140015,1.0,3.475,2.475
8934,4456.804,33829.59,29372.785999999996,86.8257226883329,1.0,3.475,2.475
8935,3979.145,38943.894,34964.749,89.78236485545078,1.0,3.85,2.85
8936,3376.0789999999997,34213.252,30837.173000000003,90.13224758640308,1.0,2.975,1.975
8937,4055.7569999999996,38005.096,33949.339,89.32838638271036,1.0,3.025,2.025
8938,4480.36,36716.614,32236.254,87.79745866544229,1.0,3.2,2.2
8939,4274.138000000001,37516.352999999996,33242.215,88.60726680975627,1.0,3.55,2.55
8940,3690.651,38011.304000000004,34320.653000000006,90.29064880278771,1.0,3.95,2.95
8941,4566.585999999999,37441.88,32875.293999999994,87.80353443790749,1.0,3.3,2.3
8942,4884.967000000001,33683.387,28798.420000000002,85.49739965283183,1.0,4.15,3.1500000000000004
8943,3931.476,39306.059,35374.583,89.99778634637472,1.0,3.625,2.625
8944,5041.209000000001,37691.277,32650.068,86.62499813948995,1.0,3.65,2.65
8945,4118.573,37055.624,32937.05100000001,88.88543072436185,1.0,3.15,2.15
8946,3875.2400000000002,31437.353000000003,27562.113,87.67313520320874,1.0,3.1,2.1
8947,5039.879,34803.153000000006,29763.274000000005,85.5189011179533,1.0,2.725,1.725
8948,3695.513,36770.362,33074.849,89.9497508346532,1.0,3.0,2.0
8949,3469.018,37630.221,34161.202999999994,90.78129782974167,1.0,3.0,2.0
8950,3567.257,35178.028000000006,31610.771000000004,89.85941736131429,1.0,3.3,2.3
8951,3215.084,35930.292,32715.208000000002,91.05188457694695,1.0,3.475,2.475
8952,4620.38,34568.273,29947.893,86.634044460364,1.0,4.2,3.2
8953,4903.257,37715.368,32812.111000000004,86.99931285305237,1.0,3.1,2.1
8954,3233.574,34231.299,30997.725,90.55375023892609,1.0,3.325,2.325
8955,3573.6910000000007,37545.074,33971.383,90.48159819847473,1.0,3.55,2.55
8956,3595.573,35221.973,31626.399999999998,89.79167634930616,1.0,3.4,2.4
8957,4398.644,35615.602,31216.958,87.64967106269886,1.0,3.2,2.2
8958,3390.754,36741.805,33351.051,90.77140058851218,1.0,3.0,2.0
8959,4824.4310000000005,34043.829,29219.397999999997,85.82876503110153,1.0,3.25,2.25
8960,4067.403,35877.316,31809.913,88.66302317598117,1.0,3.75,2.75
8961,4856.76,33450.314,28593.553999999996,85.48067441160642,1.0,3.725,2.725
8962,3821.8559999999998,34926.907999999996,31105.051999999996,89.05755986186925,1.0,3.4,2.4
8963,2857.947,35887.283,33029.336,92.03632384206962,1.0,3.3,2.3
8964,2165.1850000000004,37541.54400000001,35376.35900000001,94.23256273103739,1.0,2.975,1.975
8965,3451.193,34544.182,31092.989,90.00933644918845,1.0,3.275,2.275
8966,3103.071,35027.359,31924.287999999997,91.14100780478482,1.0,3.425,2.425
8967,4154.142000000001,36373.203,32219.061,88.57911413520553,1.0,3.55,2.55
8968,4692.525,39536.308999999994,34843.78399999999,88.13109994663387,1.0,3.15,2.15
8969,4899.713,39529.165,34629.452000000005,87.60481533065524,1.0,3.425,2.425
8970,3551.29,34694.622,31143.332000000002,89.76414846081909,1.0,3.1,2.1
8971,3809.8000000000006,36329.258,32519.458000000002,89.51313566602434,1.0,3.625,2.625
8972,2888.844,36612.713,33723.869000000006,92.10972429166885,1.0,3.575,2.575
8973,3482.646,39148.953,35666.307,91.10411458513335,1.0,3.15,2.15
8974,3734.7889999999998,40245.564,36510.775,90.71999835807992,1.0,3.025,2.025
8975,3137.0690000000004,34683.948,31546.878999999997,90.95527129725832,1.0,3.825,2.825
8976,3626.022,35913.181,32287.158999999996,89.90336723444241,1.0,3.975,2.975
8977,3249.234,35208.556,31959.321999999996,90.77146475419214,1.0,3.1,2.1
8978,4217.243,40196.282,35979.039,89.50837542636405,1.0,4.1,3.0999999999999996
8979,2796.849,38211.255000000005,35414.406,92.68056231076419,1.0,3.325,2.325
8980,3141.7850000000003,33436.897,30295.111999999997,90.6038380295875,1.0,3.025,2.025
8981,5409.992,37236.592000000004,31826.600000000006,85.47130199240576,1.0,3.2,2.2
8982,3370.348,35832.435,32462.087,90.59414187174274,1.0,3.75,2.75
8983,3315.23,35906.201,32590.971,90.76697086389062,1.0,3.45,2.45
8984,2846.857,36348.012,33501.155,92.1677779791643,1.0,3.475,2.475
8985,3991.31,34163.97,30172.66,88.31719498641405,1.0,3.325,2.325
8986,5047.987,38222.865,33174.878,86.79327936302002,1.0,3.3,2.3
8987,3539.299,35651.467,32112.167999999998,90.0725010838965,1.0,3.35,2.35
8988,2371.268,36838.562000000005,34467.29400000001,93.5630820768737,1.0,3.35,2.35
8989,2985.343,37658.941999999995,34673.598999999995,92.07268488849209,1.0,3.575,2.575
8990,3387.617,34331.75,30944.133,90.1326993235125,1.0,3.375,2.375
8991,3968.9089999999997,33629.475000000006,29660.566000000006,88.1981238184658,1.0,3.325,2.325
8992,3824.692,36730.031,32905.339,89.58701668397721,1.0,3.2,2.2
8993,4218.361000000001,34084.16,29865.799000000003,87.62369088749729,1.0,3.2,2.2
8994,4458.171,30737.114,26278.943,85.49580484361674,1.0,3.2,2.2
8995,4370.1900000000005,36908.485,32538.295,88.15938936534512,1.0,3.3,2.3
8996,5329.6,33926.347,28596.747000000003,84.29067532676005,1.0,2.975,1.975
8997,5376.653,36305.873999999996,30929.220999999998,85.19068016376634,1.0,3.525,2.525
8998,4279.804,35009.541,30729.736999999997,87.77532101891882,1.0,3.725,2.725
8999,2197.0609999999997,38168.952999999994,35971.89199999999,94.24385311276419,1.0,3.525,2.525
9000,4762.5779999999995,39742.697,34980.119,88.01647004479841,1.0,3.75,2.75
9001,2959.5130000000004,34878.562000000005,31919.049000000006,91.51480786392513,1.0,3.55,2.55
9002,4278.298000000001,38798.562000000005,34520.264,88.97305008366031,1.0,3.725,2.725
9003,4572.252,36261.221999999994,31688.969999999994,87.39079449666643,1.0,3.275,2.275
9004,2475.675,34368.322,31892.647,92.79663697284958,1.0,3.325,2.325
9005,3035.2920000000004,37246.558999999994,34211.26699999999,91.85081231262194,1.0,3.225,2.225
9006,5190.384,33837.67,28647.286,84.66092966802975,1.0,3.075,2.075
9007,4074.7000000000003,34296.592,30221.891999999996,88.11922770635636,1.0,2.625,1.625
9008,2202.727,35620.939000000006,33418.21200000001,93.81620175706206,1.0,3.55,2.55
9009,3579.574,36643.948,33064.373999999996,90.23147287513889,1.0,3.875,2.875
9010,4653.659000000001,35791.233,31137.574,86.99776841999268,1.0,3.3,2.3
9011,4140.653,35426.554000000004,31285.901000000005,88.3120074281004,1.0,3.45,2.45
9012,4631.486000000001,36511.326,31879.84,87.31493345380005,1.0,3.2,2.2
9013,2695.175,37091.489,34396.314,92.73371042073829,1.0,3.425,2.425
9014,3700.639,33890.482,30189.843000000004,89.08059495878518,1.0,3.925,2.925
9015,4611.468,33890.482,29279.014000000003,86.3930291696648,1.0,3.65,2.65
9016,4637.407,35599.426999999996,30962.019999999997,86.97336617243867,1.0,3.2,2.2
9017,5586.327,33406.369,27820.041999999998,83.27765882008906,1.0,3.55,2.55
9018,3997.429,38441.734,34444.30499999999,89.6013301585199,1.0,2.875,1.875
9019,2803.071,35052.55,32249.479000000003,92.00323228980488,1.0,3.1,2.1
9020,4333.35,32857.67,28524.32,86.81175506358181,1.0,3.125,2.125
9021,4674.803,33843.007,29168.203999999998,86.18679776297655,1.0,3.1,2.1
9022,4009.2000000000003,38633.604999999996,34624.405,89.6225061057595,1.0,3.55,2.55
9023,4734.365,37888.485,33154.12,87.50447530430421,1.0,3.45,2.45
9024,2579.683,34678.611,32098.927999999996,92.56116976542111,1.0,3.75,2.75
9025,4347.643,34707.331999999995,30359.688999999995,87.47341627988,1.0,3.475,2.475
9026,4450.932000000001,39300.72200000001,34849.79000000001,88.67468134554882,1.0,3.575,2.575
9027,4130.629,37841.01,33710.381,89.08425277232294,1.0,3.625,2.625
9028,2308.6639999999998,32887.098,30578.433999999997,92.98003125724257,1.0,3.8,2.8
9029,3469.7859999999996,39461.129,35991.343,91.20707874323615,1.0,3.25,2.25
9030,4580.2570000000005,34489.334,29909.077,86.71978705068645,1.0,2.95,1.9500000000000002
9031,4044.965,36794.617,32749.652,89.00663920485977,1.0,3.45,2.45
9032,2874.4049999999997,38204.111000000004,35329.706000000006,92.47618927711733,1.0,3.625,2.625
9033,3498.862,36458.350000000006,32959.488000000005,90.40312575857108,1.0,3.125,2.125
9034,3339.6929999999998,37987.985,34648.292,91.2085544942697,1.0,3.025,2.025
9035,4119.8369999999995,35935.629,31815.792,88.53550886781473,1.0,3.475,2.475
9036,4320.035,41853.36600000001,37533.331000000006,89.67816590904539,1.0,3.6,2.6
9037,4803.360000000001,34712.669,29909.309,86.16251605429707,1.0,3.3,2.3
9038,3105.719,36343.775,33238.056000000004,91.4546053622663,1.0,2.975,1.975
9039,3841.864,35548.273,31706.409,89.19254389657692,1.0,3.3,2.3
9040,4024.692,35392.267,31367.575,88.62832945965286,1.0,3.45,2.45
9041,4949.602,35137.532999999996,30187.930999999997,85.91363258200285,1.0,3.5,2.5
9042,4567.989,35227.31,30659.320999999996,87.03281913946877,1.0,3.575,2.575
9043,3563.352,39499.737,35936.385,90.97879563096838,1.0,3.6,2.6
9044,4355.195,35047.213,30692.018000000004,87.57334855698798,1.0,2.875,1.875
9045,2816.802,39947.049,37130.246999999996,92.94866061320323,1.0,3.425,2.425
9046,5173.467000000001,34629.329,29455.861999999997,85.06044688304529,1.0,3.375,2.375
9047,3262.343,42081.102,38818.759,92.24748676971434,1.0,3.375,2.375
9048,2919.3900000000003,36480.798,33561.408,91.9974612397459,1.0,3.575,2.575
9049,4281.733,38663.197,34381.464,88.92555884605197,1.0,3.2,2.2
9050,4602.592000000001,34241.973,29639.380999999998,86.55862499511929,1.0,3.2,2.2
9051,3593.627,33980.966,30387.339,89.42458845931573,1.0,3.35,2.35
9052,4101.48,35555.417,31453.937,88.46454254776425,1.0,3.4,2.4
9053,2618.7309999999998,37891.228,35272.497,93.08881992423153,1.0,3.275,2.275
9054,3899.0240000000003,35324.067,31425.043,88.96213168206253,1.0,2.975,1.975
9055,5039.317,37854.427,32815.11,86.68764158020407,1.0,3.6,2.6
9056,3398.759,39077.387,35678.628000000004,91.3024916430569,1.0,3.2,2.2
9057,3444.3059999999996,35534.856,32090.55,90.30724649622894,1.0,3.25,2.25
9058,3826.6810000000005,35113.441999999995,31286.760999999995,89.10194847887598,1.0,3.5,2.5
9059,4048.7610000000004,37151.44500000001,33102.68400000001,89.10200935656742,1.0,3.35,2.35
9060,4949.311,37485.825,32536.513999999996,86.79684654132595,1.0,3.275,2.275
9061,4099.974,38035.623999999996,33935.649999999994,89.22070004688236,1.0,2.925,1.9249999999999998
9062,4657.71,38610.221000000005,33952.511000000006,87.93658808635155,1.0,3.675,2.675
9063,3597.809,37338.686,33740.877,90.36439311228038,1.0,3.5,2.5
9064,4214.019,38457.744999999995,34243.725999999995,89.04246985880218,1.0,3.325,2.325
9065,4890.536,35795.863,30905.326999999997,86.33770611983849,1.0,3.775,2.775
9066,3270.8010000000004,34374.759,31103.958,90.48487583578404,1.0,3.725,2.725
9067,3577.023,35827.098,32250.074999999997,90.0158729015674,1.0,3.25,2.25
9068,3353.7380000000003,35560.047000000006,32206.309000000005,90.56880324145803,1.0,3.9,2.9
9069,2402.333,38139.525,35737.192,93.70119842866423,1.0,3.75,2.75
9070,4944.704,36879.764,31935.060000000005,86.59236539583063,1.0,2.8,1.7999999999999998
9071,3847.13,34399.786,30552.656,88.81641298582497,1.0,3.8,2.8
9072,4051.393,36342.675,32291.282000000003,88.85224326497706,1.0,3.95,2.95
9073,4035.5270000000005,38657.86,34622.333,89.56091464969866,1.0,3.7,2.7
9074,4783.649,37195.39,32411.740999999998,87.13913471535048,1.0,3.525,2.525
9075,4553.374,35452.452000000005,30899.078000000005,87.1563918907499,1.0,3.625,2.625
9076,4212.424,37110.243,32897.819,88.64889135864726,1.0,3.25,2.25
9077,4592.27,38018.513,33426.243,87.92096366315012,1.0,3.625,2.625
9078,2599.0200000000004,34764.694,32165.674000000003,92.52396698788719,1.0,3.525,2.525
9079,4575.438,35366.369000000006,30790.931000000004,87.06274313882774,1.0,4.0,3.0
9080,3807.526,37762.843,33955.317,89.91726867598396,1.0,3.325,2.325
9081,3426.9719999999998,33532.718,30105.746,89.78021405840111,1.0,3.0,2.0
9082,4014.3100000000004,37262.719,33248.409,89.22700729380483,1.0,3.5,2.5
9083,3856.568,38803.899,34947.331,90.06139048037414,1.0,3.025,2.025
9084,3445.63,35777.816,32332.185999999998,90.36936743148324,1.0,3.6,2.6
9085,5402.03,38925.14,33523.11,86.1220023871462,1.0,2.825,1.8250000000000002
9086,4211.474,36559.736999999994,32348.26299999999,88.4805681178724,1.0,3.35,2.35
9087,3972.155,34065.406,30093.251000000004,88.33962231361635,1.0,3.6,2.6
9088,3752.5110000000004,37557.555,33805.044,90.00863874125992,1.0,3.325,2.325
9089,3713.0950000000003,35960.82000000001,32247.725000000006,89.67460975583982,1.0,3.475,2.475
9090,3041.126,35669.285,32628.159000000003,91.47410440102738,1.0,3.45,2.45
9091,4187.420999999999,34296.592000000004,30109.171000000006,87.79056239757,1.0,3.0,2.0
9092,2630.3340000000003,38405.869000000006,35775.535,93.15121863275635,1.0,3.4,2.4
9093,3945.019,35996.685,32051.665999999997,89.04060471123938,1.0,3.325,2.325
9094,5431.771000000001,36778.606,31346.835,85.23116672774384,1.0,3.175,2.175
9095,3552.8019999999997,35827.098,32274.296,90.0834781538823,1.0,3.275,2.275
9096,3765.9759999999997,39005.657,35239.681,90.34505174467385,1.0,3.675,2.675
9097,3754.3300000000004,35651.467000000004,31897.137000000002,89.46935339294734,1.0,3.9,2.9
9098,4300.077,34440.988,30140.910999999996,87.51465259939697,1.0,3.125,2.125
9099,3171.0070000000005,34580.047000000006,31409.040000000005,90.82995173488341,1.0,3.575,2.575
9100,2495.549,36244.982,33749.433000000005,93.11477379130717,1.0,3.55,2.55
9101,3612.2909999999997,32178.943,28566.652,88.77436403054008,1.0,3.25,2.25
9102,2621.977,34841.761,32219.784,92.47461401276475,1.0,3.6,2.6
9103,3636.1980000000003,36105.052,32468.854000000003,89.92883876749437,1.0,3.25,2.25
9104,2514.286,36414.405,33900.119,93.09535333613168,1.0,3.6,2.6
9105,4129.05,35603.827999999994,31474.777999999995,88.40279196944778,1.0,3.775,2.775
9106,3904.8779999999997,34277.837999999996,30372.959999999995,88.60815550852419,1.0,3.2,2.2
9107,2622.226,36154.49800000001,33532.272000000004,92.74716523515275,1.0,3.075,2.075
9108,2243.327,33613.46399999999,31370.13699999999,93.32610587233734,1.0,3.925,2.925
9109,2923.9,41199.666000000005,38275.766,92.90309780666668,1.0,3.825,2.825
9110,3461.846,35948.339,32486.493,90.36994170996329,1.0,3.275,2.275
9111,3768.63,36068.251000000004,32299.621000000003,89.55139244206768,1.0,3.975,2.975
9112,3498.3489999999997,37545.07400000001,34046.725000000006,90.68226899752547,1.0,2.95,1.9500000000000002
9113,4259.331,36314.905,32055.574,88.27112173362426,1.0,3.575,2.575
9114,5049.311,36558.801,31509.489999999998,86.18852133580639,1.0,3.2,2.2
9115,3531.8070000000007,35979.574,32447.767,90.18385542863848,1.0,3.775,2.775
9116,3911.5830000000005,32498.098999999995,28586.515999999996,87.9636559664613,1.0,3.275,2.275
9117,3776.0730000000003,38925.847,35149.774000000005,90.29931705789215,1.0,3.675,2.675
9118,6147.213,36866.347,30719.134000000002,83.3256791078324,1.0,3.325,2.325
9119,2820.1940000000004,37128.29,34308.096,92.40419098213249,1.0,3.5,2.5
9120,3477.791,37624.884000000005,34147.09300000001,90.75667316343089,1.0,3.625,2.625
9121,2781.951,36453.8,33671.849,92.36855691313389,1.0,3.875,2.875
9122,2675.07,36233.208,33558.138,92.61707657792819,1.0,3.05,2.05
9123,2548.165,35704.443,33156.278,92.86317111850757,1.0,3.225,2.225
9124,4272.529,37551.282,33278.753,88.62214877244404,1.0,3.3,2.3
9125,3890.797,35407.571,31516.774000000005,89.01139815549618,1.0,3.0,2.0
9126,4577.983,36890.438,32312.455,87.59032625202228,1.0,3.2,2.2
9127,3813.192,38612.028,34798.835999999996,90.12434156527598,1.0,3.55,2.55
9128,3649.3070000000002,39451.162000000004,35801.855,90.74981112089931,1.0,3.05,2.05
9129,4401.3769999999995,34053.632,29652.254999999997,87.07516132199936,1.0,3.075,2.075
9130,3900.639,38720.559,34819.92,89.92618107605315,1.0,2.975,1.975
9131,4553.870999999999,31862.446000000004,27308.575000000004,85.7077168526233,1.0,3.275,2.275
9132,3416.5900000000006,34034.878000000004,30618.288000000004,89.96150360815162,1.0,3.075,2.075
9133,2754.306,38477.599,35723.293000000005,92.841793480929,1.0,3.25,2.25
9134,3572.1250000000005,37937.76700000001,34365.64200000001,90.58425078102252,1.0,3.725,2.725
9135,3716.481,34448.361,30731.879999999997,89.21144318012692,1.0,3.675,2.675
9136,3957.9709999999995,36789.28,32831.309,89.24151002683391,1.0,2.925,1.9249999999999998
9137,2481.957,33303.175,30821.218000000004,92.54738624770762,1.0,3.25,2.25
9138,5564.898000000001,39801.945999999996,34237.047999999995,86.01852783780973,1.0,3.825,2.825
9139,4648.0960000000005,34288.512,29640.416,86.44415948991895,1.0,3.25,2.25
9140,3654.3320000000003,38307.305,34652.973,90.46048266773138,1.0,3.5,2.5
9141,4284.979,39029.041,34744.062,89.02104973575959,1.0,3.35,2.35
9142,3047.245,35910.437999999995,32863.19299999999,91.51431959699293,1.0,3.025,2.025
9143,4529.402,38121.706999999995,33592.30499999999,88.11857506800521,1.0,3.725,2.725
9144,3932.654,38889.982,34957.328,89.88774538388832,1.0,3.175,2.175
9145,4038.0130000000004,37552.447,33514.434,89.24700432970454,1.0,3.1,2.1
9146,3359.4040000000005,35468.463,32109.059,90.52847595905128,1.0,3.075,2.075
9147,4473.932,34195.433999999994,29721.501999999993,86.91658073414128,1.0,3.375,2.375
9148,3951.852,33096.08,29144.228000000003,88.05945598391109,1.0,3.2,2.2
9149,4083.758,38996.87,34913.112,89.52798519470922,1.0,3.675,2.675
9150,5027.157999999999,31052.739999999998,26025.582,83.81090364328558,1.0,3.05,2.05
9151,3848.87,36420.678,32571.808,89.43218465070859,1.0,3.85,2.85
9152,3352.517,38241.783,34889.266,91.23336639403033,1.0,3.25,2.25
9153,4558.478,34060.776,29502.298,86.61663492340867,1.0,3.4,2.4
9154,3155.353,33026.157,29870.804,90.44589717174783,1.0,2.9,1.9
9155,4407.417,36674.312,32266.894999999997,87.98227762254953,1.0,3.525,2.525
9156,3641.4700000000003,39324.813,35683.343,90.74001953931733,1.0,3.7,2.7
9157,3411.027,35046.113,31635.085999999996,90.26703189594805,1.0,4.05,3.05
9158,3628.187,37715.368,34087.181000000004,90.38008325942889,1.0,3.5,2.5
9159,3271.569,34223.926,30952.357,90.44069637130468,1.0,3.475,2.475
9160,3475.349,39039.715,35564.365999999995,91.0979140088497,1.0,3.15,2.15
9161,4116.752,36098.072,31981.32,88.59564577299308,1.0,3.875,2.875
9162,2106.0159999999996,40335.341,38229.325,94.77873262556525,1.0,3.05,2.05
9163,3998.161,36292.457,32294.296000000002,88.98349318151702,1.0,3.375,2.375
9164,3571.563,37872.474,34300.911,90.56950174419552,1.0,3.525,2.525
9165,3848.308000000001,36667.332,32819.024000000005,89.50480498553863,1.0,3.625,2.625
9166,2687.213,37453.653999999995,34766.44099999999,92.82523141800796,1.0,3.35,2.35
9167,2818.7309999999998,35198.589,32379.858,91.9919204715848,1.0,3.375,2.375
9168,4163.908,35677.365,31513.457,88.32899234570715,1.0,3.475,2.475
9169,3866.37,34592.528000000006,30726.158000000007,88.82310653907687,1.0,3.55,2.55
9170,3581.031,34490.270000000004,30909.239000000005,89.6172717696904,1.0,3.425,2.425
9171,1617.728,35682.702,34064.973999999995,95.46635229585472,1.0,3.725,2.725
9172,3080.2390000000005,36685.149999999994,33604.91099999999,91.60358074043585,1.0,3.5,2.5
9173,3970.407,37980.776,34010.369,89.54627204036063,1.0,3.4,2.4
9174,3139.2400000000002,36869.09,33729.85,91.485442141371,1.0,3.15,2.15
9175,3212.335,37018.823000000004,33806.488000000005,91.32242805234516,1.0,3.3,2.3
9176,3683.867,38447.070999999996,34763.204,90.41834162087406,1.0,3.425,2.425
9177,3697.144,39391.206000000006,35694.062000000005,90.61429091559167,1.0,3.325,2.325
9178,3230.182,35227.31,31997.127999999997,90.83046079873824,1.0,3.25,2.25
9179,3912.798,34597.865,30685.067,88.6906374136092,1.0,3.725,2.725
9180,2789.2970000000005,36420.842000000004,33631.545000000006,92.34148128700595,1.0,3.35,2.35
9181,2830.8469999999998,36857.316000000006,34026.469000000005,92.31944344509513,1.0,2.725,1.725
9182,3377.132,39088.996999999996,35711.865,91.36040251940976,1.0,3.75,2.75
9183,3157.795,36026.342000000004,32868.547000000006,91.23476094242375,1.0,3.275,2.275
9184,4318.361,37096.826,32778.465000000004,88.35921703921517,1.0,3.675,2.675
9185,4322.870999999999,34689.285,30366.414000000004,87.53831046099683,1.0,3.275,2.275
9186,2756.121,31924.209000000003,29168.088000000003,91.36667411242672,1.0,3.425,2.425
9187,3343.853,34178.323000000004,30834.470000000005,90.21645093587536,1.0,3.25,2.25
9188,3326.578,35252.501000000004,31925.923000000003,90.5635688089194,1.0,4.075,3.075
9189,3810.362,36158.964,32348.602,89.46219255618053,1.0,3.55,2.55
9190,4345.866,39844.791,35498.924999999996,89.09301343806773,1.0,3.5,2.5
9191,2815.895,37883.148,35067.253000000004,92.56689280415662,1.0,3.575,2.575
9192,4173.479,34199.835,30026.356,87.79678615408525,1.0,3.2,2.2
9193,3162.1369999999997,36699.503,33537.365999999995,91.38370620441371,1.0,3.575,2.575
9194,3804.799,38059.715,34254.916,90.00308068518117,1.0,3.05,2.05
9195,4205.808,35991.183999999994,31785.375999999993,88.31433831129311,1.0,3.275,2.275
9196,4482.246,37987.049,33504.803,88.20059436572713,1.0,3.35,2.35
9197,2807.89,36807.327000000005,33999.437000000005,92.37138301295283,1.0,3.425,2.425
9198,4223.530000000001,42658.442,38434.912000000004,90.0991930272559,1.0,3.425,2.425
9199,3258.7450000000003,38258.729999999996,34999.98499999999,91.48234925728062,1.0,3.175,2.175
9200,2290.833,32032.739999999998,29741.907,92.84846379048436,1.0,3.0,2.0
9201,3971.2050000000004,38265.873999999996,34294.668999999994,89.62207161399213,1.0,3.325,2.325
9202,3065.179,35232.647,32167.467999999997,91.30017395513882,1.0,3.4,2.4
9203,2813.204,33165.922999999995,30352.718999999994,91.51778770034531,1.0,3.65,2.65
9204,4566.483,36051.533,31485.050000000003,87.3334568047356,1.0,3.4,2.4
9205,4665.927,38986.903,34320.975999999995,88.03206553749601,1.0,3.6,2.6
9206,3887.9610000000002,35349.258,31461.297000000002,89.00129388854498,1.0,3.5,2.5
9207,4195.2519999999995,36469.253,32274.000999999997,88.49646851828854,1.0,3.225,2.225
9208,2260.433,34537.909,32277.476,93.45521177903387,1.0,2.975,1.975
9209,2634.801,35863.899000000005,33229.098000000005,92.65333364897107,1.0,3.425,2.425
9210,5021.492,35808.344,30786.852,85.97675446817648,1.0,3.45,2.45
9211,3378.082,39156.326,35778.244,91.37283206805459,1.0,3.825,2.825
9212,3134.941,36952.43,33817.489,91.51627917297996,1.0,3.8,2.8
9213,4540.544,39155.39,34614.846,88.40378297853756,1.0,3.05,2.05
9214,2313.5190000000002,35118.779,32805.26,93.41230228989453,1.0,3.55,2.55
9215,4064.706,39294.285,35229.579000000005,89.65573237940328,1.0,3.625,2.625
9216,3540.2490000000003,39058.469000000005,35518.22,90.93602721601812,1.0,3.45,2.45
9217,4277.639,37322.675,33045.036,88.53876631297193,1.0,3.55,2.55
9218,3165.5290000000005,36406.325,33240.795999999995,91.30500263347096,1.0,3.55,2.55
9219,3333.6169999999997,31313.747000000003,27980.130000000005,89.35414212805641,1.0,3.575,2.575
9220,3567.512,36409.068,32841.556,90.20158384718883,1.0,3.35,2.35
9221,3265.9030000000002,35366.369000000006,32100.466000000008,90.76551228654546,1.0,3.75,2.75
9222,2527.401,40141.663,37614.262,93.70379597875655,1.0,3.2,2.2
9223,3425.8830000000003,35534.856,32108.972999999998,90.3590913665163,1.0,3.525,2.525
9224,3528.193,37085.051999999996,33556.859,90.48621261202491,1.0,3.325,2.325
9225,2640.014,33442.234,30802.219999999998,92.1057486769574,1.0,3.4,2.4
9226,4125.8099999999995,33618.80100000001,29492.99100000001,87.72767059717567,1.0,3.4,2.4
9227,3677.6880000000006,38198.774000000005,34521.086,90.37223550682543,1.0,3.65,2.65
9228,5165.153,35112.505999999994,29947.352999999996,85.28970561087267,1.0,3.05,2.05
9229,3714.522,37151.445,33436.923,90.0016755741264,1.0,3.65,2.65
9230,4778.225,37350.46000000001,32572.235000000008,87.20705180070073,1.0,3.525,2.525
9231,2745.183,36191.299,33446.116,92.4147983746038,1.0,3.35,2.35
9232,3442.626,38204.111,34761.485,90.98885981144805,1.0,3.1,2.1
9233,3592.6400000000003,38581.5,34988.86,90.68817956792763,1.0,3.375,2.375
9234,3788.377,36809.134000000005,33020.757000000005,89.70805181127054,1.0,3.725,2.725
9235,3171.5690000000004,37909.046,34737.477,91.63374092822066,1.0,2.8,1.7999999999999998
9236,4012.6949999999997,39779.498,35766.803,89.91265550912684,1.0,3.875,2.875
9237,3809.141,35876.38,32067.238999999998,89.3825937845457,1.0,3.025,2.025
9238,3534.13,35307.12,31772.99,89.9903192330612,1.0,3.625,2.625
9239,3855.9089999999997,36709.47,32853.561,89.49614636223296,1.0,3.65,2.65
9240,3690.857,38471.162,34780.30499999999,90.40617229081876,1.0,3.0,2.0
9241,3736.96,36572.21799999999,32835.257999999994,89.78197056574474,1.0,3.575,2.575
9242,4168.866,37769.28,33600.414,88.96228363368324,1.0,3.05,2.05
9243,2143.558,35917.811,33774.253000000004,94.0320472202496,1.0,3.975,2.975
9244,3012.351,31702.746,28690.395,90.49813855241436,1.0,3.4,2.4
9245,3159.513,36002.958,32843.445,91.22429607033956,1.0,3.85,2.85
9246,3247.245,35556.353,32309.108000000004,90.86732826620323,1.0,3.675,2.675
9247,3206.311,37454.361,34248.049999999996,91.4394187635453,1.0,3.275,2.275
9248,3642.83,34786.206000000006,31143.376000000004,89.5279467959225,1.0,3.025,2.025
9249,4553.659,34751.277,30197.618000000002,86.89642685648646,1.0,3.325,2.325
9250,3687.7360000000003,33266.373999999996,29578.637999999995,88.91452371695213,1.0,3.175,2.175
9251,4550.267,33053.941999999995,28503.674999999996,86.23381441160633,1.0,3.15,2.15
9252,4221.191000000001,38955.275,34734.084,89.1640066717537,1.0,3.375,2.375
9253,3601.801,35797.67,32195.869,89.93844850796155,1.0,3.2,2.2
9254,3336.016,37773.681,34437.66499999999,91.16841167796169,1.0,3.125,2.125
9255,4790.433,37400.678,32610.245,87.19158781025307,1.0,3.525,2.525
9256,3079.786,38108.997,35029.211,91.91848056247714,1.0,3.175,2.175
9257,4472.252,35524.182,31051.93,87.41068267243986,1.0,2.925,1.9249999999999998
9258,4450.829000000001,34111.94500000001,29661.116000000005,86.95228606870702,1.0,3.7,2.7
9259,3366.188,35553.61,32187.422,90.53207817715275,1.0,3.475,2.475
9260,2872.066,38429.024000000005,35556.958000000006,92.52631032211487,1.0,3.85,2.85
9261,3006.734,36209.117,33202.383,91.69619629222112,1.0,3.35,2.35
9262,4226.469000000001,34870.482,30644.013000000003,87.87952228477943,1.0,3.475,2.475
9263,3728.187,40794.426999999996,37066.24,90.86103844527588,1.0,3.25,2.25
9264,2635.0860000000002,35917.811,33282.725,92.66356738722189,1.0,4.025,3.0250000000000004
9265,2848.5750000000007,33902.963,31054.388000000003,91.59785827569112,1.0,2.975,1.975
9266,3187.6820000000002,37598.986000000004,34411.304000000004,91.52189370213335,1.0,3.7,2.7
9267,3033.018,36020.776,32987.758,91.57980938556128,1.0,3.325,2.325
9268,4598.088,36480.797999999995,31882.709999999995,87.39586782065459,1.0,3.775,2.775
9269,4020.247,36971.184,32950.937,89.12599877785898,1.0,3.375,2.375
9270,2975.227,37768.344,34793.117,92.12243194988903,1.0,3.5,2.5
9271,3338.9490000000005,35203.219,31864.269999999997,90.51521680446325,1.0,3.675,2.675
9272,3546.6830000000004,36685.149999999994,33138.467,90.33210168147058,1.0,3.275,2.275
9273,4452.818,36028.149,31575.331,87.64072503419479,1.0,3.125,2.125
9274,4658.025,36353.349,31695.324,87.18680636548781,1.0,3.525,2.525
9275,4054.433,39156.326,35101.893000000004,89.64552241188308,1.0,3.4,2.4
9276,3774.7,37728.078,33953.378000000004,89.9949846371713,1.0,3.1,2.1
9277,3493.196,38815.509000000005,35322.31300000001,91.00051476846537,1.0,3.2,2.2
9278,3581.1400000000003,37455.297000000006,33874.15700000001,90.43889573215773,1.0,3.55,2.55
9279,3385.2400000000002,33333.703,29948.463,89.84439262568577,1.0,3.525,2.525
9280,3499.5700000000006,37187.310000000005,33687.740000000005,90.58934351530132,1.0,3.45,2.45
9281,4056.9180000000006,33793.725,29736.806999999997,87.99505529502888,1.0,3.225,2.225
9282,3185.856,37720.705,34534.849,91.5540921093601,1.0,3.35,2.35
9283,2565.741,33975.629,31409.888,92.44828991981281,1.0,3.65,2.65
9284,3111.282,36923.709,33812.427,91.57375549677309,1.0,3.4,2.4
9285,3873.129,36866.347,32993.218,89.49413404045701,1.0,3.55,2.55
9286,3032.353,36981.85799999999,33949.50499999999,91.80043090317419,1.0,3.375,2.375
9287,4862.4259999999995,35447.115,30584.689,86.28259027568252,1.0,3.375,2.375
9288,4780.251,36697.86,31917.609,86.97403336325334,1.0,4.0,3.0
9289,4071.0370000000003,34084.16,30013.123000000003,88.0559268586933,1.0,3.125,2.125
9290,4713.639,34381.739,29668.100000000002,86.29028333907137,1.0,3.175,2.175
9291,5161.761,37696.614,32534.853000000003,86.30709644107559,1.0,2.85,1.85
9292,3889.598,35924.019,32034.421000000002,89.17270921162802,1.0,3.875,2.875
9293,3341.6820000000002,38156.636,34814.954,91.24219965303021,1.0,3.325,2.325
9294,5484.156,32813.725,27329.569,83.2870056660742,1.0,3.3,2.3
9295,4381.478,37871.373999999996,33489.89599999999,88.43063364957395,1.0,3.375,2.375
9296,3156.7200000000003,33679.857,30523.137000000002,90.62727611937306,1.0,3.75,2.75
9297,4066.6949999999997,37774.617,33707.922,89.2343183783968,1.0,3.7,2.7
9298,4376.865,39591.15700000001,35214.29200000001,88.94484189992225,1.0,3.675,2.675
9299,3324.033,34379.225000000006,31055.192000000006,90.33127419248108,1.0,3.525,2.525
9300,3676.5700000000006,34109.350999999995,30432.780999999995,89.22122558121964,1.0,3.3,2.3
9301,4174.035,38127.044,33953.009000000005,89.05229841579117,1.0,3.125,2.125
9302,4119.311,36057.577000000005,31938.266000000003,88.57574096007616,1.0,3.475,2.475
9303,2778.5649999999996,37255.346000000005,34476.781,92.54183547241783,1.0,3.675,2.675
9304,2620.7560000000003,37285.167,34664.411,92.97104931835224,1.0,4.15,3.1500000000000004
9305,4635.09,39597.365,34962.274999999994,88.294448380593,1.0,3.25,2.25
9306,3328.749,36692.359,33363.61,90.9279504215033,1.0,3.025,2.025
9307,2665.553,38496.353,35830.8,93.0758298065274,1.0,3.375,2.375
9308,3140.963,37407.822,34266.859,91.60345929789764,1.0,3.575,2.575
9309,5171.228999999999,37099.569,31928.340000000004,86.06121542813611,1.0,3.425,2.425
9310,4539.1900000000005,33636.848,29097.657999999996,86.50530513441687,1.0,3.425,2.425
9311,3746.1859999999997,35919.618,32173.432,89.57064075681429,1.0,3.375,2.375
9312,3627.1400000000003,36002.022,32374.881999999998,89.92517698033738,1.0,3.45,2.45
9313,4325.102000000001,37752.169,33427.067,88.54343441829793,1.0,3.6,2.6
9314,3614.4130000000005,37563.992,33949.579,90.37798485315405,1.0,3.225,2.225
9315,3719.129,36346.369,32627.239999999998,89.76753633904944,1.0,3.55,2.55
9316,2714.075,34787.142,32073.067,92.19805122248904,1.0,3.275,2.275
9317,3983.7580000000003,35210.363,31226.604999999996,88.68583661009117,1.0,3.125,2.125
9318,3259.9660000000003,35517.909,32257.943,90.8216274781266,1.0,3.5,2.5
9319,3710.9180000000006,36158.028,32447.109999999997,89.7369458312273,1.0,3.35,2.35
9320,2416.004,35082.207,32666.203,93.11330669703875,1.0,3.1,2.1
9321,4386.200000000001,36680.748999999996,32294.548999999995,88.04222890868449,1.0,3.125,2.125
9322,4289.03,38634.312000000005,34345.28200000001,88.89839166800745,1.0,3.025,2.025
9323,3542.238,35809.28,32267.041999999998,90.10804461860165,1.0,3.9,2.9
9324,4410.912,35869.236000000004,31458.324000000004,87.7027991340546,1.0,3.15,2.15
9325,5216.263,32628.127,27411.864,84.01298670928921,1.0,3.325,2.325
9326,4200.682000000001,37406.015,33205.333,88.7700360490151,1.0,3.175,2.175
9327,3379.919,33387.615,30007.695999999996,89.87672824189448,1.0,3.5,2.5
9328,3254.4030000000002,35511.471999999994,32257.068999999996,90.83562911726104,1.0,3.525,2.525
9329,4295.361,37351.396,33056.035,88.50013263225826,1.0,3.425,2.425
9330,2463.0570000000002,32672.859,30209.802,92.46145860697406,1.0,3.275,2.275
9331,3728.041,39268.387,35540.346000000005,90.50625379646992,1.0,3.5,2.5
9332,4598.498,39257.484,34658.986,88.2863150374079,1.0,3.4,2.4
9333,4202.907,39904.04000000001,35701.13300000001,89.46746494841125,1.0,3.725,2.725
9334,2542.741,36692.359,34149.617999999995,93.07010759379084,1.0,3.475,2.475
9335,3955.8600000000006,38482.936,34527.076,89.72048286544457,1.0,2.875,1.875
9336,4005.947,33193.708,29187.761,87.93160739981204,1.0,3.825,2.825
9337,3476.285,38296.402,34820.117,90.92268511282077,1.0,3.3,2.3
9338,3706.867,39353.534,35646.667,90.58059944502062,1.0,2.85,1.85
9339,3469.1859999999997,36716.614,33247.428,90.5514544451185,1.0,3.5,2.5
9340,4234.716,35754.432,31519.716,88.15610887064295,1.0,3.55,2.55
9341,3177.029,39469.209,36292.18,91.950613958339,1.0,3.95,2.95
9342,3031.797,36600.939,33569.142,91.71661415571879,1.0,3.3,2.3
9343,3598.62,34865.145000000004,31266.525000000005,89.67845967656237,1.0,3.475,2.475
9344,3404.799,36105.216,32700.417,90.56978637103293,1.0,3.225,2.225
9345,3698.759,36233.208,32534.449,89.79179817586122,1.0,3.15,2.15
9346,4165.933,35378.686,31212.753,88.22473791140801,1.0,3.35,2.35
9347,4744.704,34849.134,30104.43,86.38501605233577,1.0,2.9,1.9
9348,4656.592,35645.194,30988.602000000003,86.93626972545022,1.0,3.225,2.225
9349,4920.374,39732.023,34811.649000000005,87.61609999068007,1.0,3.375,2.375
9350,3868.207,35833.371,31965.164,89.20501506821672,1.0,3.575,2.575
9351,3072.6220000000003,38804.835,35732.212999999996,92.08185784065309,1.0,3.275,2.275
9352,5147.534,34102.914,28955.379999999997,84.9058822363391,1.0,3.225,2.225
9353,3190.3500000000004,34418.54,31228.190000000002,90.73072245365435,1.0,3.575,2.575
9354,2944.724,37102.163,34157.439,92.06320127481516,1.0,3.725,2.725
9355,3313.8630000000003,37466.134999999995,34152.272,91.15504441544344,1.0,3.4,2.4
9356,4413.7480000000005,39724.65,35310.902,88.88914565641232,1.0,3.275,2.275
9357,3364.967,42101.663,38736.696,92.00751998798718,1.0,3.375,2.375
9358,3881.4480000000003,37860.7,33979.25199999999,89.7480817840135,1.0,3.625,2.625
9359,3104.395,37630.221,34525.826,91.75026104683255,1.0,3.025,2.025
9360,3681.8420000000006,37025.096000000005,33343.254,90.05582051698123,1.0,3.25,2.25
9361,2613.3559999999998,35342.985,32729.629,92.60572925574905,1.0,3.675,2.675
9362,4435.624,32765.15,28329.526,86.4623723682022,1.0,3.1,2.1
9363,3554.433,34234.763999999996,30680.330999999995,89.61747479842418,1.0,3.625,2.625
9364,4014.267,38351.25,34336.983,89.53289136599199,1.0,3.825,2.825
9365,3885.7470000000003,39620.748999999996,35735.00199999999,90.19264628238098,1.0,3.925,2.925
9366,3655.9090000000006,32827.142,29171.233,88.86315171756347,1.0,3.55,2.55
9367,2604.957,33569.519,30964.562,92.24011222800065,1.0,3.275,2.275
9368,3345.117,34842.697,31497.58,90.39937407830398,1.0,3.35,2.35
9369,3937.5160000000005,35130.553,31193.037,88.79176197425642,1.0,3.175,2.175
9370,3458.286,34239.23,30780.944000000003,89.89963851406705,1.0,3.05,2.05
9371,3580.3720000000003,36854.573,33274.200999999994,90.28513503602387,1.0,3.275,2.275
9372,4087.609,38308.012,34220.403000000006,89.32962378731636,1.0,3.25,2.25
9373,5513.9400000000005,38156.471999999994,32642.531999999992,85.54913567480766,1.0,3.2,2.2
9374,3069.8950000000004,37363.17,34293.274999999994,91.78363345508423,1.0,3.6,2.6
9375,4119.129,34659.857,30540.728000000003,88.11556262335417,1.0,3.675,2.675
9376,3736.0460000000003,34155.89,30419.843999999997,89.06178114521389,1.0,3.125,2.125
9377,4865.262,35447.115,30581.853,86.2745896245717,1.0,3.525,2.525
9378,3261.985,38181.663,34919.678,91.45667122985188,1.0,3.375,2.375
9379,2809.505,40134.519,37325.014,92.99977906798884,1.0,3.8,2.8
9380,4239.432,35125.051999999996,30885.619999999995,87.93046057269893,1.0,2.975,1.975
9381,4110.253000000001,36546.32,32436.067,88.75330539435981,1.0,3.4,2.4
9382,4333.356,34786.206,30452.85,87.54288984547496,1.0,2.95,1.9500000000000002
9383,3957.819,37477.744999999995,33519.92599999999,89.43954872418284,1.0,3.3,2.3
9384,3939.299000000001,33328.365999999995,29389.066999999995,88.18034163451037,1.0,3.675,2.675
9385,4588.927,37014.422,32425.495,87.60232700648413,1.0,3.0,2.0
9386,3435.8480000000004,36183.761999999995,32747.913999999993,90.50444782386087,1.0,3.0,2.0
9387,4434.468,38581.729,34147.261,88.50630048228268,1.0,3.8,2.8
9388,3066.4000000000005,35035.439,31969.038999999997,91.2477192022626,1.0,3.125,2.125
9389,2294.122,37958.557,35664.435,93.95624549162919,1.0,3.775,2.775
9390,4241.977000000001,37883.148,33641.171,88.80246963636708,1.0,3.6,2.6
9391,5389.325000000001,35022.958,29633.632999999998,84.61202220554871,1.0,3.275,2.275
9392,3443.188,35392.26699999999,31949.07899999999,90.27135503922368,1.0,3.975,2.975
9393,3985.747,38150.199,34164.452,89.55248700013333,1.0,3.25,2.25
9394,3889.036,36699.503,32810.467,89.4030281554494,1.0,3.85,2.85
9395,3660.354,34247.31,30586.956,89.31199559907041,1.0,3.525,2.525
9396,3195.622,35751.918,32556.296,91.06167674696502,1.0,3.025,2.025
9397,2799.291,38804.835,36005.544,92.78623140647294,1.0,3.375,2.375
9398,3082.616,37485.825000000004,34403.209,91.77658221474384,1.0,3.85,2.85
9399,5607.609,40152.337,34544.728,86.0341653338883,1.0,4.15,3.1500000000000004
9400,3181.4539999999997,36746.042,33564.588,91.34204984580381,1.0,3.35,2.35
9401,4405.808,33274.454,28868.645999999997,86.75918769395885,1.0,4.0,3.0
9402,2957.342,32602.0,29644.658,90.92895527881724,1.0,3.45,2.45
9403,2992.0240000000003,35136.826,32144.802,91.48464918259833,1.0,3.475,2.475
9404,4164.421,36712.92,32548.498999999996,88.65679711665538,1.0,3.125,2.125
9405,4712.98,36407.261,31694.281,87.05483502315651,1.0,3.45,2.45
9406,3833.259,38744.879,34911.62,90.10641122404847,1.0,3.325,2.325
9407,4051.084,33690.531,29639.447000000004,87.97560062202642,1.0,3.225,2.225
9408,3972.2580000000003,36825.145000000004,32852.887,89.21319114968861,1.0,3.3,2.3
9409,4572.209000000001,35984.204,31411.994999999995,87.29384426566723,1.0,3.325,2.325
9410,4010.2529999999997,37866.037000000004,33855.78400000001,89.4093670272387,1.0,3.175,2.175
9411,3837.5159999999996,35229.346000000005,31391.830000000005,89.10704728949553,1.0,3.275,2.275
9412,5137.152,37721.641,32584.489,86.38141962063634,1.0,2.925,1.9249999999999998
9413,3245.733,34016.831,30771.097999999998,90.45844981856187,1.0,3.4,2.4
9414,3583.348,37145.172000000006,33561.82400000001,90.35312583826507,1.0,4.125,3.125
9415,4077.682,33487.822,29410.14,87.82338845446563,1.0,3.125,2.125
9416,2859.5130000000004,38901.756,36042.243,92.64939865439493,1.0,3.7,2.7
9417,3389.9560000000006,38902.463,35512.507000000005,91.28601189081525,1.0,2.8,1.7999999999999998
9418,3483.867,36050.433000000005,32566.566000000006,90.33612994329361,1.0,2.9,1.9
9419,4577.633,37261.619,32683.985999999997,87.7148843156815,1.0,3.425,2.425
9420,3400.791,39826.037,36425.246,91.46088524951654,1.0,3.525,2.525
9421,3648.2540000000004,34534.215000000004,30885.961000000003,89.43582762775989,1.0,3.725,2.725
9422,2499.788,34714.475999999995,32214.687999999995,92.79900408117928,1.0,3.175,2.175
9423,4891.304,33783.051,28891.747,85.52142611394098,1.0,3.1,2.1
9424,3679.8100000000004,37405.079,33725.269,90.16227181340803,1.0,3.275,2.275
9425,3281.848,36478.991,33197.143000000004,91.0034573050554,1.0,3.275,2.275
9426,3290.059,35216.636,31926.576999999997,90.65765679606649,1.0,3.5,2.5
9427,3588.0699999999997,40529.019,36940.949,91.14691130323189,1.0,3.5,2.5
9428,3466.853,36173.252,32706.399,90.41597642368455,1.0,3.225,2.225
9429,4712.8279999999995,39132.006,34419.178,87.95658980528623,1.0,3.0,2.0
9430,4562.82,35633.42,31070.6,87.19511065735482,1.0,3.2,2.2
9431,4608.383,34538.845,29930.462,86.65739112005627,1.0,3.35,2.35
9432,3595.3669999999993,39002.914000000004,35407.547000000006,90.78179902147825,1.0,3.825,2.825
9433,3683.0200000000004,37177.572,33494.551999999996,90.09343590269961,1.0,3.625,2.625
9434,5003.558,38798.562000000005,33795.00400000001,87.10375399995496,1.0,3.4,2.4
9435,3793.4809999999998,37896.565,34103.084,89.98990805631064,1.0,3.25,2.25
9436,2856.889,40255.531,37398.642,92.9031143571302,1.0,3.25,2.25
9437,3632.3530000000005,37987.049,34354.695999999996,90.43791740706155,1.0,3.3,2.3
9438,4920.029,41460.673,36540.644,88.13326305629433,1.0,3.125,2.125
9439,4509.81,37386.325,32876.515,87.93727385614928,1.0,3.35,2.35
9440,3370.348,32389.568,29019.22,89.59434099275421,1.0,3.05,2.05
9441,3281.848,35169.161,31887.313000000002,90.66839268642207,1.0,3.8,2.8
9442,4769.313,36251.255,31481.941999999995,86.84372996190064,1.0,3.3,2.3
9443,5011.981,38592.174,33580.193,87.01296019239548,1.0,3.175,2.175
9444,3499.0789999999997,36329.258,32830.179000000004,90.36842701273999,1.0,3.25,2.25
9445,3380.7299999999996,38635.412,35254.682,91.24965976809048,1.0,3.8,2.8
9446,4867.039,34834.617,29967.577999999998,86.02815412036826,1.0,3.875,2.875
9447,2616.004,35398.54,32782.536,92.60985340073347,1.0,3.8,2.8
9448,3106.669,37939.41,34832.741,91.81149891366259,1.0,3.725,2.725
9449,4368.201,33165.216,28797.015,86.82896863991478,1.0,3.175,2.175
9450,3396.588,36710.341,33313.753,90.74759888501171,1.0,3.425,2.425
9451,3894.9080000000004,37957.621,34062.712999999996,89.73879843523386,1.0,3.55,2.55
9452,2864.5200000000004,39973.17600000001,37108.656,92.83389440959107,1.0,3.475,2.475
9453,4088.4800000000005,38549.165,34460.685,89.39411528109622,1.0,3.25,2.25
9454,3101.082,41938.513000000006,38837.431000000004,92.60564627076788,1.0,3.375,2.375
9455,3970.7520000000004,34155.183000000005,30184.431000000004,88.37437937311007,1.0,3.525,2.525
9456,3480.7460000000005,35542.936,32062.190000000002,90.20692606823476,1.0,3.25,2.25
9457,4420.138000000001,36123.97,31703.832000000002,87.7639750005329,1.0,3.125,2.125
9458,3428.852,33812.479,30383.627,89.85921144675609,1.0,3.025,2.025
9459,2951.8640000000005,36310.504,33358.64,91.87049565602283,1.0,3.225,2.225
9460,2781.8540000000003,38942.794,36160.94,92.85656288554951,1.0,3.025,2.025
9461,3307.1220000000003,36492.407999999996,33185.28599999999,90.93750678223262,1.0,3.5,2.5
9462,3242.2870000000003,39112.381,35870.094,91.710330802924,1.0,3.425,2.425
9463,2947.245,35361.032,32413.787,91.6652743619021,1.0,3.05,2.05
9464,4361.211,37490.455,33129.244,88.36714305014436,1.0,3.625,2.625
9465,3819.129,40808.78,36989.651,90.64140363911883,1.0,2.85,1.85
9466,3921.856,38900.656,34978.8,89.9182779848237,1.0,3.25,2.25
9467,3435.454,35348.322,31912.868,90.28113979498093,1.0,2.5,1.5
9468,4690.704,35700.749,31010.045000000006,86.86104876959305,1.0,3.775,2.775
9469,3619.9819999999995,37317.338,33697.35600000001,90.29946348263105,1.0,3.65,2.65
9470,4659.034000000001,36631.467000000004,31972.433000000005,87.28133383246704,1.0,3.05,2.05
9471,3541.9669999999996,35314.264,31772.297000000002,89.97015200430059,1.0,3.45,2.45
9472,3836.857,35631.613,31794.755999999998,89.23187395417659,1.0,3.425,2.425
9473,4620.8330000000005,36238.774,31617.941,87.24892569489245,1.0,3.3,2.3
9474,3135.6420000000003,38361.924,35226.282,91.82616075252116,1.0,2.875,1.875
9475,3960.4130000000005,36764.089,32803.676,89.22749588599896,1.0,3.2,2.2
9476,3480.233,39912.119999999995,36431.886999999995,91.2802602317291,1.0,3.7,2.7
9477,4023.083,38992.240000000005,34969.15700000001,89.68234961623133,1.0,3.65,2.65
9478,3783.202,35711.422999999995,31928.220999999994,89.40618524218426,1.0,3.45,2.45
9479,3930.526,35434.405,31503.879,88.90759983129392,1.0,3.125,2.125
9480,3344.512,34272.501000000004,30927.989000000005,90.24141249569152,1.0,3.65,2.65
9481,3601.304,34791.543,31190.238999999998,89.64890979396918,1.0,3.6,2.6
9482,3082.4100000000003,34950.291999999994,31867.881999999994,91.18058870581109,1.0,3.55,2.55
9483,3555.45,35166.418,31610.967999999997,89.8896441485738,1.0,2.975,1.975
9484,3325.919,37154.188,33828.269,91.04833350146153,1.0,3.425,2.425
9485,3432.353,36862.653,33430.299999999996,90.68880636453378,1.0,3.35,2.35
9486,3810.362,36988.295,33177.933,89.69846541993893,1.0,3.05,2.05
9487,2723.4469999999997,37823.899,35100.452,92.799666158161,1.0,3.725,2.725
9488,4316.329,36098.779,31782.450000000004,88.04300555428759,1.0,3.275,2.275
9489,4132.648000000001,34186.418000000005,30053.770000000004,87.91143313113412,1.0,3.1,2.1
9490,3398.1669999999995,35379.786,31981.619,90.39517367346427,1.0,3.625,2.625
9491,4199.871,38932.119999999995,34732.248999999996,89.21232391146437,1.0,3.45,2.45
9492,3202.3630000000003,36427.115000000005,33224.75200000001,91.20884813414403,1.0,3.375,2.375
9493,4503.982,34817.67,30313.688,87.06409130766075,1.0,3.225,2.225
9494,3062.9049999999997,36389.214,33326.309,91.58293168959352,1.0,3.325,2.325
9495,4527.975,36602.746,32074.771,87.6294117386712,1.0,3.75,2.75
9496,4497.423000000001,32782.261,28284.837999999996,86.28092491851004,1.0,3.825,2.825
9497,4763.647,38357.294,33593.647000000004,87.58085750261738,1.0,3.8,2.8
9498,4196.478999999999,34587.191,30390.712,87.86695629604613,1.0,3.425,2.425
9499,4045.353,39825.33,35779.977,89.8422611940692,1.0,3.6,2.6
9500,3889.804,35656.804000000004,31767.000000000004,89.09099088073064,1.0,3.0,2.0
9501,4773.822999999999,35971.494000000006,31197.671000000006,86.7288720340612,1.0,3.275,2.275
9502,5142.964,32462.233999999997,27319.269999999997,84.15708543041123,1.0,3.2,2.2
9503,3628.6459999999997,37818.562000000005,34189.916000000005,90.4051190523849,1.0,3.225,2.225
9504,4442.533,35832.435,31389.902,87.60192267145675,1.0,3.675,2.675
9505,4116.752,35845.145000000004,31728.393000000004,88.51517548610836,1.0,3.475,2.475
9506,4299.266,37285.873999999996,32986.60799999999,88.46945092396116,1.0,3.55,2.55
9507,4193.0869999999995,38576.163,34383.076,89.13036789065828,1.0,4.375,3.375
9508,3686.8650000000002,39839.454,36152.589,90.74569395454066,1.0,3.675,2.675
9509,3556.422,35131.489,31575.067000000003,89.87682531759471,1.0,3.0,2.0
9510,3930.9139999999998,35151.114,31220.2,88.81709979376471,1.0,3.45,2.45
9511,3511.027,37249.302,33738.275,90.57424753892033,1.0,3.0,2.0
9512,3670.136,39380.53200000001,35710.39600000001,90.68032905192851,1.0,3.375,2.375
9513,3356.115,34622.892,31266.777000000002,90.30665895847176,1.0,3.9,2.9
9514,5076.2,36225.357,31149.157000000003,85.98716363236944,1.0,2.925,1.9249999999999998
9515,3559.96,37260.912,33700.952,90.44585918884648,1.0,3.7,2.7
9516,2855.5650000000005,34562.0,31706.434999999998,91.73784792546726,1.0,3.5,2.5
9517,3377.2349999999997,32552.718,29175.483,89.62533635440211,1.0,3.35,2.35
9518,4459.6990000000005,39047.795,34588.096,88.57887109886742,1.0,3.8,2.8
9519,3646.0830000000005,36553.464,32907.381,90.025342057869,1.0,3.475,2.475
9520,4072.632,37120.917,33048.285,89.02874085788345,1.0,3.325,2.325
9521,4555.086,38089.307,33534.221,88.0410373441554,1.0,3.25,2.25
9522,2727.6070000000004,37086.859,34359.25199999999,92.64535451762038,1.0,3.075,2.075
9523,4718.209,34026.797999999995,29308.588999999996,86.1338436840281,1.0,3.675,2.675
9524,3478.201,39543.682,36065.481,91.20415493934024,1.0,3.925,2.925
9525,3293.904,39513.153999999995,36219.24999999999,91.66377859889391,1.0,3.725,2.725
9526,4688.365,37097.533,32409.168000000005,87.36205720202473,1.0,3.5,2.5
9527,5337.043,37363.17,32026.127,85.71576501672637,1.0,3.25,2.25
9528,4218.258,37612.174,33393.916,88.78485992327909,1.0,3.375,2.375
9529,3532.3469999999998,33496.853,29964.506,89.45468996744262,1.0,3.375,2.375
9530,2962.137,32262.283000000003,29300.146000000004,90.81857598236306,1.0,3.3,2.3
9531,3296.843,38170.053,34873.21,91.36274974519945,1.0,3.375,2.375
9532,2566.4490000000005,34398.850000000006,31832.401000000005,92.53914302367666,1.0,3.725,2.725
9533,2220.0609999999997,35801.2,33581.138999999996,93.798920147928,1.0,3.075,2.075
9534,4561.767,32732.042999999998,28170.275999999998,86.06329889032591,1.0,3.425,2.425
9535,3148.056,37986.342000000004,34838.28600000001,91.71266346204118,1.0,2.75,1.75
9536,3831.1910000000003,33491.516,29660.325000000004,88.5607119128319,1.0,3.35,2.35
9537,4090.192,32384.231,28294.039,87.36980353184858,1.0,3.45,2.45
9538,3164.5789999999997,37225.918,34061.339,91.4989900316226,1.0,2.975,1.975
9539,5097.876,35716.759999999995,30618.883999999995,85.7269360378713,1.0,3.15,2.15
9540,4710.101,33817.816000000006,29107.715000000007,86.07213132864642,1.0,3.3,2.3
9541,4331.476000000001,37558.491,33227.015,88.46738544421287,1.0,3.5,2.5
9542,3702.956,35483.687,31780.731,89.5643426231327,1.0,3.25,2.25
9543,4105.252,36583.992,32478.739999999998,88.77855647901957,1.0,3.125,2.125
9544,4643.586,34210.509000000005,29566.923000000006,86.42643405276431,1.0,3.35,2.35
9545,3822.068,36553.464,32731.396,89.54389657844739,1.0,3.4,2.4
9546,3702.254,35221.037,31518.782999999996,89.48851505990582,1.0,3.375,2.375
9547,2683.075,38586.837,35903.762,93.04665733550537,1.0,2.875,1.875
9548,3058.745,33516.707,30457.962000000003,90.87396921183219,1.0,3.3,2.3
9549,4014.866,39433.344000000005,35418.478,89.81860123250009,1.0,3.4,2.4
9550,3419.8,35670.221000000005,32250.421000000006,90.4127311125995,1.0,3.425,2.425
9551,2996.2870000000003,39512.924999999996,36516.63799999999,92.41694458205764,1.0,3.275,2.275
9552,3481.951,35469.563,31987.612,90.18327065377152,1.0,3.575,2.575
9553,3574.3990000000003,37509.209,33934.810000000005,90.47060949752367,1.0,3.725,2.725
9554,3190.059,37134.334,33944.275,91.4094083389243,1.0,3.275,2.275
9555,3253.7219999999998,37156.78200000001,33903.060000000005,91.24326213179602,1.0,3.475,2.475
9556,3617.249,35136.826,31519.577,89.70524827712099,1.0,3.15,2.15
9557,4605.947,39148.246,34542.299,88.23460187718244,1.0,3.025,2.025
9558,4045.866,35560.047,31514.180999999997,88.62243910982457,1.0,3.2,2.2
9559,3680.263,39590.221000000005,35909.958000000006,90.70411099751124,1.0,3.5,2.5
9560,3535.351,37660.749,34125.398,90.61263757659201,1.0,3.475,2.475
9561,5027.991,34635.602,29607.610999999997,85.48317133335807,1.0,3.825,2.825
9562,3681.0309999999995,37103.97,33422.939,90.07914516964087,1.0,3.325,2.325
9563,3469.501,38131.445,34661.944,90.9012076515852,1.0,3.95,2.95
9564,3295.7900000000004,32940.074,29644.284,89.99458835459811,1.0,2.725,1.725
9565,4182.246,35725.94,31543.694000000003,88.2935312548809,1.0,3.55,2.55
9566,4669.4220000000005,37394.405,32724.983,87.51304640359969,1.0,2.95,1.9500000000000002
9567,3031.029,35845.145000000004,32814.116,91.54410171865673,1.0,3.6,2.6
9568,3434.027,39075.579999999994,35641.55299999999,91.21183357994941,1.0,4.1,3.0999999999999996
9569,3938.876,36656.658,32717.782000000003,89.25467782687664,1.0,3.55,2.55
9570,3903.366,35561.69,31658.324,89.02367688374765,1.0,3.35,2.35
9571,3039.1369999999997,34078.823000000004,31039.686000000005,91.08203648934708,1.0,3.425,2.425
9572,4960.437,34683.948000000004,29723.511000000006,85.69817657436231,1.0,3.325,2.325
9573,2931.965,36818.708,33886.743,92.03675207723205,1.0,3.5,2.5
9574,2773.746,35778.752,33005.006,92.24750488781723,1.0,3.6,2.6
9575,3657.1299999999997,37533.464,33876.334,90.25634830827232,1.0,2.975,1.975
9576,3578.9090000000006,37884.791,34305.882,90.5531773951188,1.0,3.775,2.775
9577,3988.0210000000006,37589.019,33600.998,89.3904626774112,1.0,3.275,2.275
9578,4291.407,36608.083,32316.676,88.27743315595083,1.0,3.125,2.125
9579,3826.0160000000005,37309.258,33483.242,89.74512974768889,1.0,3.45,2.45
9580,3774.809,38319.786,34544.977,90.14919081228689,1.0,3.8,2.8
9581,3854.023,37570.265,33716.242,89.74182641511844,1.0,3.4,2.4
9582,3378.098,35669.284999999996,32291.186999999998,90.52939244506864,1.0,3.55,2.55
9583,3437.522,37007.049,33569.527,90.71116964770685,1.0,2.825,1.8250000000000002
9584,4010.313,34609.475000000006,30599.162000000004,88.41267311913862,1.0,4.05,3.05
9585,2916.408,37467.070999999996,34550.66299999999,92.21607688522008,1.0,2.825,1.8250000000000002
9586,4302.701000000001,37544.138000000006,33241.437000000005,88.53961968710003,1.0,3.25,2.25
9587,4099.974,37170.19899999999,33070.22499999999,88.96972814162226,1.0,3.4,2.4
9588,3396.032,40376.543000000005,36980.511000000006,91.58909666932111,1.0,4.175,3.175
9589,5050.823,34439.181000000004,29388.358000000004,85.33407922795841,1.0,3.625,2.625
9590,3525.357,37199.791,33674.433999999994,90.52318062754706,1.0,3.175,2.175
9591,2734.844,36256.592000000004,33521.74800000001,92.45697444481269,1.0,3.225,2.225
9592,2575.0699999999997,35832.435000000005,33257.365000000005,92.81357797760604,1.0,3.025,2.025
9593,3411.5829999999996,40806.037,37394.454,91.63951402582907,1.0,3.725,2.725
9594,3040.358,35694.476,32654.118000000002,91.48227305536017,1.0,3.85,2.85
9595,4931.215,38876.565,33945.350000000006,87.31571320665805,1.0,3.4,2.4
9596,3745.2070000000003,33393.659,29648.451999999997,88.784676156632,1.0,3.325,2.325
9597,3658.7390000000005,41848.029,38189.29,91.2570816656622,1.0,3.4,2.4
9598,3513.059,36106.859,32593.799999999996,90.27038325322067,1.0,3.45,2.45
9599,3877.2290000000003,38859.454,34982.225,90.02243057764014,1.0,3.55,2.55
9600,4078.8380000000006,39649.47,35570.632,89.71275530290819,1.0,3.425,2.425
9601,3399.242,39124.155,35724.913,91.31165388747694,1.0,3.2,2.2
9602,3755.347,34283.175,30527.828,89.04609330961908,1.0,3.475,2.475
9603,3559.0460000000003,32602.0,29042.953999999998,89.08335071468008,1.0,3.35,2.35
9604,3092.084,39325.684,36233.6,92.13724038468091,1.0,3.45,2.45
9605,3312.745,37479.551999999996,34166.80699999999,91.161193709039,1.0,3.3,2.3
9606,3959.9539999999997,34066.113,30106.159,88.37567996090426,1.0,3.35,2.35
9607,3755.3470000000007,36135.58,32380.233,89.60761941554556,1.0,3.5,2.5
9608,3670.1360000000004,34368.322,30698.186,89.32116615993066,1.0,2.9,1.9
9609,3817.805,35369.112,31551.307,89.20582173507778,1.0,3.85,2.85
9610,2970.91,34055.439,31084.529,91.27625399279098,1.0,3.375,2.375
9611,3781.593,36273.703,32492.11,89.57483607339455,1.0,3.275,2.275
9612,3902.2970000000005,36781.2,32878.903,89.390512000696,1.0,3.575,2.575
9613,3760.245,37955.814,34195.568999999996,90.09309878059787,1.0,3.75,2.75
9614,4396.473,39469.209,35072.736000000004,88.86100554992122,1.0,3.05,2.05
9615,3254.4030000000002,39131.134999999995,35876.731999999996,91.68334115532299,1.0,3.55,2.55
9616,3624.239,36346.369,32722.129999999997,90.02860780948984,1.0,3.75,2.75
9617,3456.756,34750.341,31293.585,90.05259833277607,1.0,2.925,1.9249999999999998
9618,3263.008,45816.44,42553.432,92.87808480973206,1.0,3.175,2.175
9619,4005.355,38830.026,34824.670999999995,89.68490260603997,1.0,3.875,2.875
9620,4177.530000000001,38732.169,34554.639,89.21431433390678,1.0,3.525,2.525
9621,4369.525000000001,36632.174,32262.648999999998,88.07189275744321,1.0,3.9,2.9
9622,3595.0820000000003,37078.779,33483.697,90.30420607970936,1.0,3.4,2.4
9623,3403.475,41703.633,38300.158,91.83890046222113,1.0,3.675,2.675
9624,5656.089,36627.773,30971.684,84.55792275440824,1.0,3.275,2.275
9625,3647.3419999999996,35725.94,32078.598,89.79077387466921,1.0,3.175,2.175
9626,3586.849,40433.905,36847.056,91.12910563548091,1.0,3.55,2.55
9627,3219.3410000000003,34829.28,31609.939,90.75679715457798,1.0,3.175,2.175
9628,4354.427000000001,36650.221,32295.793999999998,88.11896113805153,1.0,3.175,2.175
9629,3638.3689999999997,35089.351,31450.982000000004,89.631130538721,1.0,3.25,2.25
9630,3627.799,39347.261000000006,35719.46200000001,90.78004692626509,1.0,3.275,2.275
9631,4448.308000000001,36312.147000000004,31863.839000000004,87.74980724769593,1.0,3.45,2.45
9632,2528.5570000000002,33793.725,31265.167999999998,92.51767302953434,1.0,3.575,2.575
9633,3112.232,38307.076,35194.844,91.87556888967457,1.0,3.625,2.625
9634,2849.0280000000002,40134.519,37285.491,92.9013027414132,1.0,3.15,2.15
9635,3904.237,36716.614,32812.377,89.36656577319467,1.0,3.15,2.15
9636,3476.424,38411.206000000006,34934.78200000001,90.9494536568313,1.0,3.175,2.175
9637,5086.085,39209.138000000006,34123.05300000001,87.02831722543863,1.0,2.8,1.7999999999999998
9638,2973.2870000000003,36315.841,33342.554000000004,91.81269958748857,1.0,3.5,2.5
9639,4372.966,34476.853,30103.887000000002,87.31622633887147,1.0,3.225,2.225
9640,2862.802,34028.44099999999,31165.638999999992,91.58703156574232,1.0,3.475,2.475
9641,3532.8059999999996,35881.01,32348.204,90.15410658730063,1.0,3.5,2.5
9642,4273.582,38157.572,33883.99,88.80017313470574,1.0,3.2,2.2
9643,3559.4040000000005,41587.022,38027.617999999995,91.44107024542416,1.0,3.5,2.5
9644,2572.343,37870.438,35298.095,93.2075171668202,1.0,3.175,2.175
9645,2386.117,36130.243,33744.126000000004,93.39579033553692,1.0,3.225,2.225
9646,5162.4259999999995,35155.58,29993.154000000002,85.31548619024349,1.0,3.675,2.675
9647,3726.475,38961.712,35235.237,90.43554605608706,1.0,2.95,1.9500000000000002
9648,4859.596,34670.531,29810.935000000005,85.98349705114123,1.0,3.475,2.475
9649,3240.914,35149.307,31908.393,90.77957923893065,1.0,3.05,2.05
9650,4026.572,35537.599,31511.027000000002,88.66954405107673,1.0,3.325,2.325
9651,4708.076,34536.102,29828.025999999998,86.36766824466756,1.0,3.475,2.475
9652,2987.682,33871.728,30884.046000000002,91.17942255558972,1.0,3.725,2.725
9653,3814.5159999999996,36388.507,32573.990999999998,89.51725059783298,1.0,3.75,2.75
9654,3951.1870000000004,38796.755000000005,34845.56800000001,89.8156765946018,1.0,3.9,2.9
9655,5380.148,35094.688,29714.54,84.66962293552803,1.0,3.075,2.075
9656,5242.256,36764.089,31521.833,85.74082442244114,1.0,3.55,2.55
9657,2240.8250000000003,36982.958,34742.133,93.94092543922528,1.0,3.2,2.2
9658,4104.5869999999995,35784.96,31680.373,88.52985444164251,1.0,3.35,2.35
9659,3468.1710000000003,38725.024999999994,35256.85399999999,91.04410907417102,1.0,2.975,1.975
9660,4708.486000000001,36444.933,31736.446999999996,87.08054697205782,1.0,3.525,2.525
9661,5322.151,36390.314,31068.163,85.37481429811241,1.0,2.9,1.9
9662,3435.183,38961.712,35526.529,91.18318260758153,1.0,3.525,2.525
9663,4640.859,36826.081,32185.221999999998,87.39790150355667,1.0,3.225,2.225
9664,4113.192,34936.875,30823.683,88.22678903021522,1.0,3.075,2.075
9665,4612.8279999999995,38677.55,34064.722,88.07362927589777,1.0,3.3,2.3
9666,3843.2470000000003,36734.66099999999,32891.41399999999,89.53781824745843,1.0,3.6,2.6
9667,3811.686,35616.309,31804.623,89.297919669329,1.0,3.9,2.9
9668,3569.1270000000004,40275.385,36706.258,91.13819271994544,1.0,3.65,2.65
9669,4414.407,35027.359,30612.951999999997,87.39725995328395,1.0,3.7,2.7
9670,3269.851,36049.497,32779.646,90.92955166614391,1.0,3.475,2.475
9671,6230.741999999999,35710.716,29479.974000000002,82.55217845534098,1.0,3.925,2.925
9672,3845.521,37951.183999999994,34105.66299999999,89.86719096827123,1.0,3.175,2.175
9673,3658.183,36095.085,32436.902,89.86514923015142,1.0,3.925,2.925
9674,3299.014,36039.53,32740.516,90.84612368696263,1.0,2.875,1.875
9675,2350.952,34708.039000000004,32357.087000000003,93.22649141889,1.0,3.6,2.6
9676,4921.185,39319.476,34398.291000000005,87.48410329781609,1.0,3.625,2.625
9677,3632.2439999999997,35976.831,32344.587,89.90393567460124,1.0,3.475,2.475
9678,4004.69,33369.568,29364.878,87.99897559357078,1.0,3.4,2.4
9679,4586.550000000001,34013.301,29426.750999999997,86.51542230493887,1.0,3.675,2.675
9680,3647.445,31180.189000000002,27532.744000000002,88.30204332629286,1.0,3.325,2.325
9681,2665.741,36171.445,33505.704,92.63026124612936,1.0,3.275,2.275
9682,4502.907,39083.66,34580.753000000004,88.47879906845981,1.0,3.875,2.875
9683,2173.214,38361.924,36188.71,94.33497131165788,1.0,3.525,2.525
9684,3900.6330000000003,35573.46400000001,31672.831000000006,89.03499248765877,1.0,3.55,2.55
9685,4483.648999999999,37484.889,33001.240000000005,88.03878277457352,1.0,3.475,2.475
9686,3639.584,40045.613,36406.028999999995,90.91140395328696,1.0,3.725,2.725
9687,2618.688,37757.505999999994,35138.81799999999,93.06445717044976,1.0,3.85,2.85
9688,4050.528,31905.455,27854.927000000003,87.30459101742947,1.0,3.5,2.5
9689,3760.413,39608.975,35848.562,90.50615927324553,1.0,3.175,2.175
9690,3856.362,34557.599,30701.237,88.84076986945766,1.0,3.775,2.775
9691,4268.866,38647.022,34378.155999999995,88.95421748149184,1.0,3.725,2.725
9692,4319.6849999999995,34350.504,30030.819000000003,87.42468232780516,1.0,3.2,2.2
9693,3713.046,40783.58899999999,37070.54299999999,90.89573504676109,1.0,3.425,2.425
9694,4345.624000000001,34917.25,30571.626,87.55450672661793,1.0,3.55,2.55
9695,3038.3390000000004,37637.365000000005,34599.026000000005,91.92733338266375,1.0,3.55,2.55
9696,2532.2200000000003,41679.312999999995,39147.09299999999,93.92451598230518,1.0,3.675,2.675
9697,3243.853,36279.976,33036.123,91.05883366626261,1.0,3.45,2.45
9698,4285.535,36759.459,32473.924000000003,88.3416809806695,1.0,3.55,2.55
9699,4403.857,36614.356,32210.499,87.97232156698318,1.0,3.4,2.4
9700,3120.75,35154.644,32033.894,91.12279447346985,1.0,3.375,2.375
9701,3171.4660000000003,35192.381,32020.915,90.98820281583107,1.0,3.275,2.275
9702,3747.795,36896.875,33149.08,89.84251376302194,1.0,3.6,2.6
9703,2806.178,34133.441999999995,31327.263999999996,91.77880156358096,1.0,3.725,2.725
9704,3251.755,36995.439,33743.684,91.21038947530803,1.0,3.6,2.6
9705,3657.2690000000002,34786.206,31128.936999999998,89.48643896376626,1.0,3.25,2.25
9706,4318.209,34570.08,30251.871000000003,87.508825550881,1.0,3.475,2.475
9707,4050.9320000000002,37520.983,33470.051,89.20355578104123,1.0,3.5,2.5
9708,2770.251,37799.808,35029.557,92.67125642542948,1.0,3.5,2.5
9709,4348.7609999999995,36498.845,32150.084000000003,88.08520927169066,1.0,3.075,2.075
9710,4005.808,35304.377,31298.569,88.65350888361519,1.0,3.05,2.05
9711,4770.491,37655.412,32884.920999999995,87.33119425170544,1.0,4.1,3.0999999999999996
9712,3555.9089999999997,34950.292,31394.383,89.82581032513262,1.0,2.95,1.9500000000000002
9713,4674.694,37146.815,32472.121000000003,87.41562634643105,1.0,3.2,2.2
9714,3858.031,41768.926,37910.895,90.76339429938896,1.0,3.35,2.35
9715,5176.859,37339.079000000005,32162.220000000005,86.13554715690765,1.0,3.275,2.275
9716,4022.521,33980.259,29957.737999999998,88.16218263668915,1.0,3.6,2.6
9717,3036.3070000000002,35803.007,32766.699999999997,91.51940785308898,1.0,3.125,2.125
9718,4404.316,35348.322,30944.006,87.54024024110679,1.0,3.35,2.35
9719,5314.043,34562.0,29247.957000000002,84.62460795092878,1.0,3.65,2.65
9720,3234.838,35423.731,32188.893,90.86816123349627,1.0,3.375,2.375
9721,4581.478,35881.009999999995,31299.531999999996,87.23146867939336,1.0,3.45,2.45
9722,2814.7340000000004,39784.835,36970.100999999995,92.9251082730392,1.0,3.375,2.375
9723,4269.984,36087.168999999994,31817.184999999994,88.16758388556332,1.0,2.925,1.9249999999999998
9724,2115.4480000000003,34714.475999999995,32599.027999999995,93.9061502757524,1.0,3.35,2.35
9725,3971.308,38482.936,34511.628000000004,89.68034039814427,1.0,3.425,2.425
9726,3122.3230000000003,34611.282,31488.959,90.97888659541707,1.0,3.325,2.325
9727,3722.236,34066.113000000005,30343.877000000004,89.07349365042029,1.0,3.45,2.45
9728,4514.152,36989.231,32475.078999999998,87.79603717633383,1.0,3.15,2.15
9729,4471.761,39549.019,35077.258,88.69311777366717,1.0,3.375,2.375
9730,3588.4800000000005,34701.059,31112.579,89.65887467584203,1.0,3.15,2.15
9731,4494.308000000001,40818.747,36324.439,88.98959833333443,1.0,3.25,2.25
9732,5258.266,34260.020000000004,29001.754000000004,84.65188870292545,1.0,3.125,2.125
9733,4075.7529999999997,36623.387,32547.634000000002,88.87117403969218,1.0,3.075,2.075
9734,3215.64,37037.577,33821.937,91.31789857635665,1.0,3.375,2.375
9735,1971.2310000000002,34797.816,32826.585,94.3351875876348,1.0,3.075,2.075
9736,1617.625,34804.089,33186.464,95.35219841553675,1.0,3.4,2.4
9737,3383.625,35792.169,32408.544,90.54646562492483,1.0,3.425,2.425
9738,3501.353,38859.454,35358.100999999995,90.98970098756405,1.0,3.675,2.675
9739,3830.629,37376.35799999999,33545.72899999999,89.75119780263235,1.0,3.3,2.3
9740,3851.955,36183.219,32331.263999999996,89.35430537564942,1.0,3.525,2.525
9741,4356.313,39947.049,35590.736,89.09478144430643,1.0,2.95,1.9500000000000002
9742,3858.074,39246.103,35388.029,90.16953606833269,1.0,3.425,2.425
9743,3822.871,35343.921,31521.050000000003,89.18379485965919,1.0,3.475,2.475
9744,3304.745,37927.09299999999,34622.34799999999,91.2865850277531,1.0,3.675,2.675
9745,2419.4990000000003,33843.007,31423.507999999998,92.85081553184679,1.0,3.425,2.425
9746,3633.1150000000002,41218.42,37585.305,91.18570047080892,1.0,4.0,3.0
9747,3651.187,33217.092,29565.905,89.00810763326302,1.0,3.475,2.475
9748,3109.915,37473.344,34363.429,91.70099417868872,1.0,2.65,1.65
9749,4353.067000000001,37073.442,32720.375,88.2582604550179,1.0,3.1,2.1
9750,3581.286,35016.685,31435.398999999998,89.77262981918477,1.0,3.15,2.15
9751,4342.02,38326.93,33984.91,88.67109888530076,1.0,3.575,2.575
9752,3992.0780000000004,34072.55,30080.472,88.28359485861785,1.0,3.55,2.55
9753,3511.173,37733.415,34222.242,90.69479134077845,1.0,3.65,2.65
9754,2970.245,37272.457,34302.212,92.03099221497524,1.0,3.025,2.025
9755,4201.963,36123.97,31922.007,88.36793685743842,1.0,3.725,2.725
9756,2936.513,39451.162,36514.649,92.55658679964864,1.0,3.2,2.2
9757,3796.7940000000003,37587.212,33790.418,89.89870810317083,1.0,3.275,2.275
9758,3742.3410000000003,36705.94,32963.599,89.80453572364581,1.0,3.275,2.275
9759,3718.4700000000003,38918.703,35200.233,90.44554490934603,1.0,3.425,2.425
9760,3273.075,40656.304000000004,37383.22900000001,91.94940346766396,1.0,3.325,2.325
9761,3413.059,32232.691,28819.631999999998,89.41118816297404,1.0,3.625,2.625
9762,2538.296,33884.209,31345.913000000004,92.50891174706189,1.0,3.675,2.675
9763,3935.6359999999995,36781.907,32846.271,89.30007625760132,1.0,3.7,2.7
9764,3862.541,34037.621,30175.079999999998,88.65214169932733,1.0,3.4,2.4
9765,3724.589,37393.469,33668.88,90.03946651753544,1.0,3.375,2.375
9766,2806.5660000000003,35768.078,32961.512,92.15343357280757,1.0,3.075,2.075
9767,3516.693,37042.914000000004,33526.221000000005,90.50643531985631,1.0,3.375,2.375
9768,3906.97,38882.773,34975.803,89.95192549667175,1.0,3.375,2.375
9769,3338.1870000000004,38271.44,34933.253000000004,91.27760282863672,1.0,2.85,1.85
9770,3118.272,39959.759000000005,36841.48700000001,92.19646945318163,1.0,3.25,2.25
9771,2913.621,37281.473,34367.852,92.18480181831872,1.0,3.325,2.325
9772,4503.257,36002.958,31499.701,87.49198052004505,1.0,3.275,2.275
9773,5098.492,40384.623,35286.131,87.37516504734984,1.0,2.75,1.75
9774,3506.9700000000003,38677.55,35170.58,90.93280210354585,1.0,3.55,2.55
9775,3394.6720000000005,36269.301999999996,32874.63,90.64037129801947,1.0,3.175,2.175
9776,3375.0640000000003,35143.97,31768.906000000003,90.39646346158389,1.0,3.2,2.2
9777,3580.475,37116.451,33535.976,90.35340151460063,1.0,3.5,2.5
9778,3895.82,35488.317,31592.497000000003,89.0222463916787,1.0,3.225,2.225
9779,4006.202,38102.953,34096.751000000004,89.48584903642508,1.0,3.875,2.875
9780,4851.591,37321.968,32470.377,87.00070960888236,1.0,3.375,2.375
9781,4122.309,36754.122,32631.813000000002,88.78409066607549,1.0,3.375,2.375
9782,3186.5640000000003,36923.709,33737.145000000004,91.3698702370339,1.0,3.5,2.5
9783,3535.1830000000004,34102.914000000004,30567.731000000003,89.63378026874771,1.0,3.675,2.675
9784,2605.06,35437.935,32832.875,92.648950905294,1.0,3.625,2.625
9785,4316.885,37981.712,33664.827,88.63430642620848,1.0,3.55,2.55
9786,3752.2560000000003,36657.365,32905.109,89.76397785274528,1.0,3.175,2.175
9787,2970.245,40511.201,37540.956,92.66808949949422,1.0,3.15,2.15
9788,2693.6630000000005,40517.244999999995,37823.581999999995,93.35181106217858,1.0,3.65,2.65
9789,4274.035,36008.295,31734.26,88.13041550564947,1.0,3.55,2.55
9790,2943.194,34902.816999999995,31959.622999999996,91.56746001332786,1.0,3.5,2.5
9791,3539.028,38992.24,35453.212,90.92376329238844,1.0,3.7,2.7
9792,3079.677,35911.373999999996,32831.69699999999,91.42422954911164,1.0,3.6,2.6
9793,3595.638,37018.659,33423.021,90.28695772042958,1.0,3.1,2.1
9794,4215.26,38592.403,34377.143,89.0774876081181,1.0,3.575,2.575
9795,2909.776,36843.899000000005,33934.12300000001,92.10242108198159,1.0,3.15,2.15
9796,3020.2969999999996,37763.943,34743.646,92.00216725250327,1.0,3.025,2.025
9797,4093.795,35240.727,31146.932,88.38334124037793,1.0,3.325,2.325
9798,3139.2400000000002,36615.292,33476.052,91.42642369204648,1.0,3.375,2.375
9799,3743.744,33247.62,29503.876000000004,88.73981355657939,1.0,3.15,2.15
9800,5050.823,40088.851,35038.028000000006,87.40092850254054,1.0,3.55,2.55
9801,3822.0680000000007,34416.668,30594.6,88.89471810577363,1.0,3.625,2.625
9802,3120.194,35495.460999999996,32375.266999999996,91.20959719328621,1.0,3.175,2.175
9803,2464.1320000000005,34423.877,31959.745,92.84179408379829,1.0,3.425,2.425
9804,3614.516,36670.075000000004,33055.559,90.14314533035451,1.0,3.2,2.2
9805,2713.065,40721.597,38008.532,93.33752799527974,1.0,3.775,2.775
9806,4378.647999999999,39529.16499999999,35150.51699999999,88.92299394636845,1.0,3.525,2.525
9807,4385.535,35645.194,31259.659000000003,87.69670043035815,1.0,3.2,2.2
9808,4266.695,38494.546,34227.851,88.91610515422107,1.0,2.875,1.875
9809,3832.697,34277.837999999996,30445.140999999996,88.81873179982938,1.0,3.75,2.75
9810,4027.696,35500.798,31473.102000000003,88.65463249586671,1.0,3.85,2.85
9811,4233.918,41835.319,37601.401000000005,89.87956085622295,1.0,3.325,2.325
9812,4353.762,36983.894,32630.132,88.22795133470802,1.0,3.275,2.275
9813,3260.88,35628.083,32367.202999999998,90.84744469692629,1.0,3.55,2.55
9814,4109.762,35791.233,31681.471,88.51740592451789,1.0,3.65,2.65
9815,4074.144,33956.875,29882.731,88.00200548489812,1.0,3.625,2.625
9816,4576.308999999999,39548.083,34971.774,88.4284934872823,1.0,4.0,3.0
9817,3930.1760000000004,37122.724,33192.548,89.41301829036038,1.0,3.5,2.5
9818,4283.305,35792.168999999994,31508.863999999994,88.03284316186594,1.0,3.4,2.4
9819,5254.318,36855.509000000005,31601.191000000006,85.74346646521691,1.0,3.675,2.675
9820,3566.853,39740.89,36174.037,91.02472793135735,1.0,3.8,2.8
9821,3581.7990000000004,34973.67600000001,31391.877000000008,89.75858585754612,1.0,3.625,2.625
9822,3329.414,35898.828,32569.414,90.72556351978956,1.0,3.075,2.075
9823,3866.182,36473.654,32607.472,89.40006943093773,1.0,3.7,2.7
9824,2864.126,35690.075,32825.94899999999,91.97500705728412,1.0,3.65,2.65
9825,2995.169,37151.44500000001,34156.276000000005,91.93794750109988,1.0,3.2,2.2
9826,4159.99,35597.555,31437.565000000002,88.31383222808421,1.0,3.675,2.675
9827,3569.6400000000003,36437.789000000004,32868.149000000005,90.20346706546877,1.0,3.275,2.275
9828,3938.26,35610.265,31672.004999999997,88.94066078980316,1.0,3.4,2.4
9829,3235.351,33051.348,29815.997,90.21113753060843,1.0,3.975,2.975
9830,5236.487,37316.402,32079.915,85.96733146995254,1.0,3.6,2.6
9831,4383.093000000001,35077.577,30694.483999999997,87.50457307812339,1.0,3.45,2.45
9832,3558.696,36366.059,32807.363,90.21423795193203,1.0,3.4,2.4
9833,4622.654,37492.262,32869.608,87.67037849036689,1.0,2.95,1.9500000000000002
9834,3583.764,38380.678,34796.914,90.66258287568552,1.0,3.2,2.2
9835,3951.084,38277.484,34326.399999999994,89.67778550962231,1.0,3.15,2.15
9836,4822.308999999999,32209.307,27386.998,85.02821249771067,1.0,3.75,2.75
9837,5341.1,37901.902,32560.802000000003,85.90809506077031,1.0,3.5,2.5
9838,4868.7570000000005,36013.632,31144.874999999996,86.48079427256879,1.0,4.0,3.0
9839,4076.974,38333.203,34256.229,89.36437949106418,1.0,3.725,2.725
9840,4540.091,35692.668999999994,31152.577999999994,87.28004621901488,1.0,2.975,1.975
9841,4600.53,38375.341,33774.811,88.01175473593837,1.0,3.625,2.625
9842,3755.244,34805.896,31050.652000000002,89.21089691240817,1.0,3.225,2.225
9843,3500.083,38397.625,34897.542,90.8846367451112,1.0,3.475,2.475
9844,3036.9660000000003,39039.715000000004,36002.749,92.22082948095293,1.0,3.25,2.25
9845,3391.4190000000003,39184.111000000004,35792.692,91.34491273771657,1.0,3.425,2.425
9846,3596.691,40239.520000000004,36642.829000000005,91.06179447468558,1.0,3.525,2.525
9847,3496.135,38638.942,35142.807,90.95178382472272,1.0,3.25,2.25
9848,3214.0090000000005,36014.568,32800.559,91.075808545031,1.0,3.675,2.675
9849,4248.248,35851.189,31602.941,88.15032884962338,1.0,3.25,2.25
9850,4352.153,35747.288,31395.135000000002,87.82522187417406,1.0,3.225,2.225
9851,3594.043,35780.558999999994,32186.515999999992,89.95531903232703,1.0,3.525,2.525
9852,4239.987999999999,36093.441999999995,31853.453999999998,88.25274685634028,1.0,3.475,2.475
9853,4074.7430000000004,37295.841,33221.098,89.07453782849406,1.0,3.075,2.075
9854,3513.857,37036.641,33522.784,90.51248464999834,1.0,3.575,2.575
9855,4390.915999999999,37938.703,33547.787000000004,88.4262885845096,1.0,3.425,2.425
9856,3259.8630000000003,36758.752,33498.889,91.13173646374067,1.0,3.025,2.025
9857,4107.979,34756.614,30648.635000000002,88.18072727107422,1.0,2.85,1.85
9858,2944.724,36670.075,33725.350999999995,91.96968100010703,1.0,3.625,2.625
9859,4651.035,37497.599,32846.564,87.59644584177242,1.0,3.325,2.325
9860,2975.626,38205.918000000005,35230.292,92.21160973019938,1.0,3.55,2.55
9861,3035.848,34313.703,31277.855000000003,91.1526657440615,1.0,3.575,2.575
9862,3226.972,38924.911,35697.939,91.70975111542323,1.0,3.125,2.125
9863,3143.1580000000004,34701.059,31557.901,90.94218421403221,1.0,3.9,2.9
9864,3649.3070000000002,36234.308,32585.000999999997,89.92858646562257,1.0,3.75,2.75
9865,3876.4610000000002,36874.427,32997.966,89.48740003471782,1.0,3.375,2.375
9866,3238.187,36504.182,33265.995,91.12927116131516,1.0,3.65,2.65
9867,4014.3100000000004,39228.056,35213.746,89.76673735756879,1.0,3.4,2.4
9868,3018.5190000000002,35814.617,32796.098,91.57182387291758,1.0,3.525,2.525
9869,4127.932,36650.221000000005,32522.289000000004,88.73695195453254,1.0,3.675,2.675
9870,3694.811,39064.906,35370.095,90.54186640049767,1.0,3.9,2.9
9871,3013.453,41406.761,38393.308,92.72231653183401,1.0,3.45,2.45
9872,5060.255,36062.914000000004,31002.659000000003,85.96825813909547,1.0,3.575,2.575
9873,1940.576,35863.899,33923.323,94.58905458104262,1.0,3.125,2.125
9874,4029.305,40226.810000000005,36197.505000000005,89.98353336990928,1.0,3.625,2.625
9875,2737.324,36185.026,33447.702,92.43520234032718,1.0,2.9,1.9
9876,3799.418,36566.881,32767.463,89.60967439361318,1.0,3.425,2.425
9877,2702.786,36903.148,34200.362,92.67600151618501,1.0,4.1,3.0999999999999996
9878,3696.178,37932.201,34236.023,90.2558303959214,1.0,3.55,2.55
9879,3431.959,34446.325,31014.365999999998,90.03679202353226,1.0,3.475,2.475
9880,3349.022,34471.516,31122.494000000002,90.28466865222869,1.0,3.175,2.175
9881,4117.653,35215.7,31098.047,88.30733735237408,1.0,3.225,2.225
9882,3190.5119999999997,33806.206000000006,30615.694000000007,90.56234822683149,1.0,3.1,2.1
9883,4285.638,35457.789000000004,31172.151000000005,87.91340881406904,1.0,3.3,2.3
9884,3480.0650000000005,36304.066999999995,32824.00199999999,90.41411806561507,1.0,3.4,2.4
9885,4236.143,34975.319,30739.176000000003,87.88819338574153,1.0,3.05,2.05
9886,2705.755,34266.228,31560.473,92.10372673642398,1.0,3.425,2.425
9887,3917.1459999999997,36027.049,32109.903,89.12720828175519,1.0,3.025,2.025
9888,5332.327,33950.438,28618.111,84.29379025978987,1.0,3.525,2.525
9889,3694.0070000000005,37932.43,34238.423,90.26161255685439,1.0,3.7,2.7
9890,3980.928,38090.243,34109.315,89.54869361164222,1.0,2.95,1.9500000000000002
9891,4423.633000000001,33949.50199999999,29525.86899999999,86.96996203361097,1.0,3.275,2.275
9892,3713.3600000000006,36782.84299999999,33069.48299999999,89.90464113934857,1.0,3.675,2.675
9893,5136.487,37943.104,32806.617,86.46265998691092,1.0,3.475,2.475
9894,3327.74,39851.228,36523.488000000005,91.64959232874833,1.0,3.3,2.3
9895,3908.088,33861.761,29953.673,88.45869829392512,1.0,4.25,3.25
9896,4220.635,34337.087,30116.451999999997,87.70823220968045,1.0,3.575,2.575
9897,4564.977,36178.589,31613.612,87.382103265553,1.0,3.8,2.8
9898,4550.932000000001,34210.509,29659.576999999997,86.69726895907921,1.0,3.225,2.225
9899,4773.473,37461.734,32688.261,87.25773612081065,1.0,3.6,2.6
9900,4595.917,38192.337,33596.42,87.9663896974935,1.0,3.275,2.275
9901,3552.414,41768.219,38215.805,91.49493541967878,1.0,3.5,2.5
9902,4546.772000000001,40516.309,35969.537,88.77792150316554,1.0,4.55,3.55
9903,3825.8100000000004,39977.577,36151.767,90.43011035911456,1.0,3.7,2.7
9904,3688.4800000000005,37823.899,34135.418999999994,90.24828191297782,1.0,3.525,2.525
9905,2978.7470000000003,40449.209,37470.462,92.63583374399236,1.0,3.45,2.45
9906,4438.585000000001,36074.688,31636.103000000003,87.69612366432663,1.0,3.775,2.775
9907,3540.3520000000003,36325.728,32785.376000000004,90.2538718563328,1.0,3.425,2.425
9908,3721.862,34869.546,31147.684,89.32632504019409,1.0,2.925,1.9249999999999998
9909,4295.361,36088.104999999996,31792.743999999995,88.09757120801991,1.0,3.275,2.275
9910,1809.4810000000002,35377.97900000001,33568.49800000001,94.88529008398135,1.0,3.725,2.725
9911,4270.130000000001,41998.469,37728.33899999999,89.83265318552445,1.0,3.825,2.825
9912,3452.62,35587.817,32135.197000000004,90.29830910954723,1.0,3.95,2.95
9913,3656.6040000000003,39457.435,35800.831,90.73278838322865,1.0,3.525,2.525
9914,4109.697,37285.874,33176.177,88.9778713514936,1.0,3.45,2.45
9915,3002.121,35881.717,32879.596,91.63328499580999,1.0,3.9,2.9
9916,4010.7059999999997,37658.942,33648.236000000004,89.34992385075503,1.0,3.675,2.675
9917,3706.97,36891.373999999996,33184.403999999995,89.95166187087528,1.0,2.925,1.9249999999999998
9918,3377.0290000000005,39729.986999999994,36352.95799999999,91.50005007552608,1.0,3.05,2.05
9919,3900.845,36789.987,32889.142,89.3969927197854,1.0,3.1,2.1
9920,3311.179,35221.973,31910.793999999998,90.59910982272345,1.0,3.75,2.75
9921,4503.982,40196.282,35692.3,88.79502835610519,1.0,3.225,2.225
9922,3037.777,35777.816,32740.038999999997,91.50932801487939,1.0,2.975,1.975
9923,4037.413,35626.276,31588.862999999998,88.66731678607104,1.0,2.875,1.875
9924,3961.029,33140.025,29178.996000000003,88.04759803289227,1.0,2.775,1.775
9925,4061.9790000000003,37877.811,33815.832,89.27609887487955,1.0,3.4,2.4
9926,3322.6299999999997,35996.521,32673.891,90.76958020470923,1.0,3.925,2.925
9927,3963.8650000000002,35837.772,31873.906999999996,88.9394212341102,1.0,3.35,2.35
9928,4751.591,35608.229,30856.638,86.65591877652776,1.0,3.425,2.425
9929,2927.9080000000004,36220.727,33292.818999999996,91.91648472434028,1.0,3.275,2.275
9930,4273.129,33230.509,28957.379999999997,87.14094629125302,1.0,3.25,2.25
9931,4440.799,37248.202,32807.403,88.07781648091363,1.0,3.375,2.375
9932,5275.945,34536.809,29260.864,84.72370449742476,1.0,3.65,2.65
9933,4748.248,34357.648,29609.4,86.17993874318755,1.0,4.1,3.0999999999999996
9934,5070.986999999999,34071.45,29000.462999999996,85.11660936062304,1.0,3.3,2.3
9935,3711.021,34732.523,31021.502,89.31542923040747,1.0,3.475,2.475
9936,3449.125,37502.936,34053.811,90.80305339293969,1.0,3.375,2.375
9937,5069.313,36451.206000000006,31381.893000000004,86.09287988989993,1.0,3.0,2.0
9938,3353.7380000000003,38187.871,34834.133,91.21779268605992,1.0,3.3,2.3
9939,3736.3599999999997,38053.442,34317.082,90.18128241855231,1.0,3.125,2.125
9940,4374.423000000001,38415.606999999996,34041.183999999994,88.61290152202983,1.0,3.425,2.425
9941,3546.083,36976.685,33430.602,90.40994886372319,1.0,4.075,3.075
9942,4019.129,36631.467000000004,32612.338000000003,89.0282062686706,1.0,3.4,2.4
9943,4181.6900000000005,34463.436,30281.746,87.86629980829537,1.0,3.7,2.7
9944,3365.5290000000005,37540.443999999996,34174.91499999999,91.03492489326976,1.0,3.325,2.325
9945,3822.4180000000006,37526.091,33703.673,89.81397236392141,1.0,3.55,2.55
9946,3244.971,33140.025,29895.054,90.20830249826305,1.0,3.175,2.175
9947,4693.643,38398.725000000006,33705.08200000001,87.77656549794298,1.0,3.45,2.45
9948,4666.996,35011.348,30344.352,86.67004766568827,1.0,3.8,2.8
9949,2972.2279999999996,38301.968,35329.74,92.24001231477192,1.0,3.325,2.325
9950,3599.3150000000005,39905.847,36306.532,90.98048213335754,1.0,3.6,2.6
9951,3834.583,33889.546,30054.963000000003,88.68505644779073,1.0,3.375,2.375
9952,3777.023,35814.617,32037.593999999997,89.45396233051997,1.0,3.625,2.625
9953,3984.466,39480.983,35496.517,89.9078855255453,1.0,3.2,2.2
9954,4304.587,33631.511,29326.924,87.20073267002485,1.0,3.375,2.375
9955,3407.635,36117.533,32709.898,90.56515017235535,1.0,3.45,2.45
9956,3470.136,34349.568,30879.432,89.89758473818361,1.0,3.15,2.15
9957,3893.3779999999997,34987.093,31093.715,88.87195915362274,1.0,2.65,1.65
9958,3732.697,35681.995,31949.298000000003,89.53899018258367,1.0,3.4,2.4
9959,4687.144,37090.388999999996,32403.244999999995,87.36291495891294,1.0,3.7,2.7
9960,4460.261,37885.891,33425.630000000005,88.22711863896774,1.0,3.475,2.475
9961,2854.029,38616.494,35762.465,92.60930057503407,1.0,3.4,2.4
9962,2287.235,37244.672,34957.437,93.8588934277633,1.0,3.4,2.4
9963,3373.032,40661.641,37288.609000000004,91.70463385872696,1.0,3.825,2.825
9964,3750.134,35814.617,32064.483,89.52904061489755,1.0,3.7,2.7
9965,2965.076,35693.376,32728.299999999996,91.69292363938901,1.0,3.5,2.5
9966,3778.347,37331.542,33553.195,89.87894204852293,1.0,3.375,2.375
9967,3988.268,34753.871,30765.603,88.52424813339498,1.0,3.25,2.25
9968,3247.801,36432.452000000005,33184.651000000005,91.0854174734108,1.0,3.7,2.7
9969,4616.081,38538.490999999995,33922.409999999996,88.02215426649684,1.0,3.85,2.85
9970,3369.1270000000004,36528.273,33159.146,90.77665949331906,1.0,3.875,2.875
9971,4274.846,37024.16,32749.314000000006,88.45390145245699,1.0,3.125,2.125
9972,3492.683,37563.992,34071.309,90.70204519264088,1.0,3.1,2.1
9973,2465.228,33145.362,30680.134000000002,92.56237418677159,1.0,3.125,2.125
9974,4324.854,37120.917,32796.063,88.34928027235965,1.0,2.725,1.725
9975,2704.2920000000004,39306.059,36601.767,93.11991059698964,1.0,3.2,2.2
9976,3636.1980000000003,34986.864,31350.666,89.60696220158513,1.0,3.425,2.425
9977,4557.9220000000005,40981.897,36423.975,88.87820639439897,1.0,3.725,2.725
9978,2433.273,37652.669,35219.396,93.5375816253557,1.0,3.675,2.675
9979,2058.407,33339.04,31280.633,93.82583601687391,1.0,3.725,2.725
9980,3234.233,38030.994,34796.761,91.49579682298075,1.0,3.725,2.725
9981,4250.4130000000005,38676.45,34426.037,89.01033316139407,1.0,3.45,2.45
9982,3644.257,33279.084,29634.827,89.04940712911448,1.0,3.5,2.5
9983,3288.0270000000005,39350.004,36061.977,91.64415078585506,1.0,3.15,2.15
9984,4380.16,35325.873999999996,30945.713999999996,87.60070309937696,1.0,2.875,1.875
9985,5285.982,37859.763999999996,32573.781999999996,86.0379953768333,1.0,4.075,3.075
9986,2772.628,38260.537000000004,35487.90900000001,92.75329564768002,1.0,3.85,2.85
9987,3072.2340000000004,36939.013000000006,33866.77900000001,91.6829559035592,1.0,3.175,2.175
9988,4082.9540000000006,38894.61200000001,34811.65800000001,89.50252029767003,1.0,3.95,2.95
9989,3749.5780000000004,35416.587,31667.009,89.41293242061975,1.0,3.4,2.4
9990,2264.1319999999996,40619.503,38355.371,94.42599777747158,1.0,3.1,2.1
9991,3002.181,39034.378000000004,36032.19700000001,92.30887962400733,1.0,3.475,2.475
9992,3986.4550000000004,35639.857,31653.402000000002,88.81461561419844,1.0,3.5,2.5
9993,3691.975,37660.749,33968.774000000005,90.19675630986522,1.0,3.55,2.55
9994,3655.3469999999998,36981.151,33325.804,90.11564837449217,1.0,3.175,2.175
9995,3721.753,34671.467000000004,30949.714000000004,89.26566043484691,1.0,3.25,2.25
9996,3908.185,36232.501000000004,32324.316000000003,89.21359306662269,1.0,3.7,2.7
9997,2694.92,36462.979999999996,33768.06,92.60916140150916,1.0,2.85,1.85
9998,2892.084,36279.976,33387.892,92.02842912575244,1.0,3.375,2.375
9999,3959.8570000000004,35940.966,31981.109,88.98233007983146,1.0,3.2,2.2
